source_image,label,donor,raw
Duodenum_A1CF_Female_62_3515.jpg,usable,3515,usable
Duodenum_AACS_Female_62_3515.jpg,usable,3515,usable
Duodenum_AACS_Female_67_3479.jpg,usable,3479,usable
Duodenum_AACS_Male_59_1961.jpg,usable,1961,usable
Duodenum_AAGAB_Female_62_3515.jpg,usable,3515,usable
Duodenum_AAGAB_Male_35_3219.jpg,usable,3219,usable
Duodenum_AAGAB_Male_55_1920.jpg,usable,1920,usable
Duodenum_AARS2_Female_62_3515.jpg,usable,3515,usable
Duodenum_AARS2_Male_35_3219.jpg,usable,3219,usable
Duodenum_AARS2_Male_55_1920.jpg,usable,1920,usable
Duodenum_AASDH_Female_62_3515.jpg,usable,3515,usable
Duodenum_AASDH_Male_35_3219.jpg,usable,3219,usable
Duodenum_AASDH_Male_55_1920.jpg,usable,1920,usable
Duodenum_AASS_Male_54_2562.jpg,unusable,2562,unusable
Duodenum_AATF_Female_53_3413.jpg,unusable,3413,unusable
Duodenum_AATF_Male_66_2329.jpg,usable,2329,usable
Duodenum_ABCA5_Male_54_2562.jpg,usable,2562,usable
Duodenum_ABCA9_Female_62_3515.jpg,usable,3515,usable
Duodenum_ABCA9_Female_67_3479.jpg,usable,3479,usable
Duodenum_ABCA9_Male_55_1920.jpg,usable,1920,usable
Duodenum_ABCD3_Female_62_3515.jpg,usable,3515,usable
Duodenum_ABCD3_Male_35_3219.jpg,usable,3219,usable
Duodenum_ABCD3_Male_55_1920.jpg,usable,1920,usable
Duodenum_ABCE1_Male_54_2562.jpg,usable,2562,usable
Duodenum_ABCF1_Male_54_2562.jpg,usable,2562,usable
Duodenum_ABCF3_Male_35_3219.jpg,unusable,3219,unusable
Duodenum_ABCF3_Male_55_1920.jpg,usable,1920,usable
Duodenum_ABCG2_Female_62_3515.jpg,usable,3515,usable
Duodenum_ABCG8_Male_54_2562.jpg,usable,2562,usable
Duodenum_ABHD10_Female_62_3515.jpg,usable,3515,usable
Duodenum_ABHD10_Male_35_3219.jpg,unusable,3219,unusable
Duodenum_ABHD10_Male_55_1920.jpg,usable,1920,usable
Duodenum_ABHD18_Female_62_3515.jpg,usable,3515,usable
Duodenum_ABHD18_Female_67_3479.jpg,usable,3479,usable
Duodenum_ABHD18_Male_55_1920.jpg,usable,1920,usable
Duodenum_ABHD2_Female_53_3413.jpg,usable,3413,usable
Duodenum_ABHD2_Male_66_2329.jpg,usable,2329,usable
Duodenum_ABHD8_Female_62_3515.jpg,unusable,3515,unusable
Duodenum_ABHD8_Male_54_2562.jpg,usable,2562,usable
Duodenum_ABI1_Male_54_2562.jpg,usable,2562,usable
Duodenum_ABR_Female_62_3515.jpg,usable,3515,usable
Duodenum_ABR_Female_67_3479.jpg,usable,3479,usable
Duodenum_ABR_Male_55_1920.jpg,usable,1920,usable
Duodenum_ACAA2_Female_62_3515.jpg,usable,3515,usable
Duodenum_ACAA2_Male_35_3219.jpg,usable,3219,usable
Duodenum_ACAA2_Male_55_1920.jpg,usable,1920,usable
Duodenum_ACACA_Female_62_3515.jpg,usable,3515,usable
Duodenum_ACACA_Female_67_3479.jpg,usable,3479,usable
Duodenum_ACACA_Male_54_2562.jpg,usable,2562,usable
Duodenum_ACACA_Male_59_1961.jpg,unusable,1961,unusable
Duodenum_ACAD8_Female_62_3515.jpg,usable,3515,usable
Duodenum_ACAD8_Female_67_3479.jpg,unusable,3479,unusable
Duodenum_ACAD8_Male_55_1920.jpg,usable,1920,usable
Duodenum_ACAD9_Female_62_3515.jpg,usable,3515,usable
Duodenum_ACAD9_Male_35_3219.jpg,usable,3219,usable
Duodenum_ACADM_Male_66_2329.jpg,usable,2329,usable
Duodenum_ACADSB_Male_54_2562.jpg,usable,2562,usable
Duodenum_ACADSB_Male_59_1961.jpg,unusable,1961,unusable
Duodenum_ACADS_Male_54_2562.jpg,usable,2562,usable
Duodenum_ACADVL_Male_54_2562.jpg,usable,2562,usable
Duodenum_ACAP2_Male_35_3219.jpg,usable,3219,usable
Duodenum_ACAP2_Male_55_1920.jpg,unusable,1920,unusable
Duodenum_ACAP3_Female_62_3515.jpg,usable,3515,usable
Duodenum_ACAP3_Female_67_3479.jpg,usable,3479,usable
Duodenum_ACAP3_Male_55_1920.jpg,usable,1920,usable
Duodenum_ACAT1_Female_53_3413.jpg,usable,3413,usable
Duodenum_ACAT1_Male_66_2329.jpg,usable,2329,usable
Duodenum_ACBD3_Male_54_2562.jpg,usable,2562,usable
Duodenum_ACBD4_Female_62_3515.jpg,usable,3515,usable
Duodenum_ACBD4_Female_67_3479.jpg,usable,3479,usable
Duodenum_ACBD4_Male_55_1920.jpg,usable,1920,usable
Duodenum_ACBD5_Male_66_2329.jpg,usable,2329,usable
Duodenum_ACE2_Female_62_3515.jpg,usable,3515,usable
Duodenum_ACO1_Male_54_2562.jpg,usable,2562,usable
Duodenum_ACO2_Male_66_2329.jpg,usable,2329,usable
Duodenum_ACOT8_Male_54_2562.jpg,usable,2562,usable
Duodenum_ACOX1_Male_54_2562.jpg,usable,2562,usable
Duodenum_ACSF2_Male_54_2562.jpg,usable,2562,usable
Duodenum_ACSL1_Female_62_3515.jpg,usable,3515,usable
Duodenum_ACSL1_Female_67_3479.jpg,usable,3479,usable
Duodenum_ACSL3_Male_54_2562.jpg,usable,2562,usable
Duodenum_ACSL5_Female_53_3413.jpg,usable,3413,usable
Duodenum_ACSL5_Male_59_1961.jpg,usable,1961,usable
Duodenum_ACSL5_Male_66_2329.jpg,usable,2329,usable
Duodenum_ACSL6_Female_62_3515.jpg,usable,3515,usable
Duodenum_ACSL6_Female_67_3479.jpg,usable,3479,usable
Duodenum_ACSL6_Male_59_1961.jpg,usable,1961,usable
Duodenum_ACTA1_Female_77_195.jpg,usable,195,usable
Duodenum_ACTA2_Female_77_195.jpg,usable,195,usable
Duodenum_ACTBL2_Female_62_3515.jpg,usable,3515,usable
Duodenum_ACTC1_Female_62_3515.jpg,usable,3515,usable
Duodenum_ACTC1_Female_67_3479.jpg,usable,3479,usable
Duodenum_ACTC1_Male_35_3219.jpg,unusable,3219,unusable
Duodenum_ACTC1_Male_55_1920.jpg,usable,1920,usable
Duodenum_ACTG1_Female_62_3515.jpg,usable,3515,usable
Duodenum_ACTG1_Female_67_3479.jpg,usable,3479,usable
Duodenum_ACTG1_Male_55_1920.jpg,usable,1920,usable
Duodenum_ACTG2_Female_62_3515.jpg,usable,3515,usable
Duodenum_ACTG2_Female_67_3479.jpg,usable,3479,usable
Duodenum_ACTG2_Male_55_1920.jpg,usable,1920,usable
Duodenum_ACTL6A_Male_54_2562.jpg,usable,2562,usable
Duodenum_ACTN1_Female_53_3413.jpg,usable,3413,usable
Duodenum_ACTN1_Male_66_2329.jpg,usable,2329,usable
Duodenum_ACVR1C_Male_54_2562.jpg,usable,2562,usable
Duodenum_ACVR1C_Male_66_2329.jpg,usable,2329,usable
Duodenum_ACVR2A_Female_62_3515.jpg,unusable,3515,unusable
Duodenum_ACVR2A_Male_35_3219.jpg,usable,3219,usable
Duodenum_ACVR2A_Male_55_1920.jpg,usable,1920,usable
Duodenum_ACVRL1_Male_54_2562.jpg,usable,2562,usable
Duodenum_ACY3_Female_62_3515.jpg,usable,3515,usable
Duodenum_ACY3_Female_67_3479.jpg,usable,3479,usable
Duodenum_ACY3_Male_35_3219.jpg,unusable,3219,unusable
Duodenum_ACY3_Male_55_1920.jpg,usable,1920,usable
Duodenum_ACY3_Male_59_1961.jpg,usable,1961,usable
Duodenum_ADAL_Female_62_3515.jpg,usable,3515,usable
Duodenum_ADAL_Male_35_3219.jpg,usable,3219,usable
Duodenum_ADAL_Male_55_1920.jpg,unusable,1920,unusable
Duodenum_ADCY4_Female_53_3413.jpg,usable,3413,usable
Duodenum_ADCY4_Male_66_2329.jpg,usable,2329,usable
Duodenum_ADD1_Male_54_2562.jpg,usable,2562,usable
Duodenum_ADD3_Male_54_2562.jpg,usable,2562,usable
Duodenum_ADGRG1_Male_35_3219.jpg,usable,3219,usable
Duodenum_ADGRG1_Male_55_1920.jpg,usable,1920,usable
Duodenum_ADH6_Female_67_3479.jpg,usable,3479,usable
Duodenum_ADH6_Male_59_1961.jpg,usable,1961,usable
Duodenum_ADM_Female_61_3614.jpg,unusable,3614,unusable
Duodenum_ADM_Male_54_2562.jpg,usable,2562,usable
Duodenum_ADM_Male_59_1961.jpg,usable,1961,usable
Duodenum_ADORA2A_Female_67_3479.jpg,unusable,3479,unusable
Duodenum_ADORA2A_Male_59_1961.jpg,unusable,1961,unusable
Duodenum_ADPGK_Female_62_3515.jpg,usable,3515,usable
Duodenum_ADPGK_Female_67_3479.jpg,usable,3479,usable
Duodenum_ADPGK_Male_55_1920.jpg,usable,1920,usable
Duodenum_ADRM1_Female_62_3515.jpg,usable,3515,usable
Duodenum_ADRM1_Female_67_3479.jpg,usable,3479,usable
Duodenum_ADRM1_Male_55_1920.jpg,usable,1920,usable
Duodenum_ADSL_Female_77_195.jpg,unusable,195,unusable
Duodenum_ADSL_Male_63_1647.jpg,unusable,1647,unusable
Duodenum_ADSL_Male_73_64.jpg,unusable,64,unusable
Duodenum_AFG3L2_Female_53_3413.jpg,usable,3413,usable
Duodenum_AFG3L2_Male_66_2329.jpg,unusable,2329,unusable
Duodenum_AGA_Female_62_3515.jpg,usable,3515,usable
Duodenum_AGA_Male_35_3219.jpg,usable,3219,usable
Duodenum_AGMAT_Female_62_3515.jpg,usable,3515,usable
Duodenum_AGMAT_Male_35_3219.jpg,usable,3219,usable
Duodenum_AGMAT_Male_54_2562.jpg,usable,2562,usable
Duodenum_AGO2_Male_54_2562.jpg,usable,2562,usable
Duodenum_AGPAT1_Female_62_3515.jpg,usable,3515,usable
Duodenum_AGPAT1_Female_67_3479.jpg,usable,3479,usable
Duodenum_AGPAT1_Male_59_1961.jpg,usable,1961,usable
Duodenum_AGPAT2_Male_54_2562.jpg,usable,2562,usable
Duodenum_AGR2_Male_54_2562.jpg,usable,2562,usable
Duodenum_AGR3_Female_62_3515.jpg,usable,3515,usable
Duodenum_AGR3_Female_67_3479.jpg,unusable,3479,unusable
Duodenum_AGR3_Male_55_1920.jpg,usable,1920,usable
Duodenum_AGTPBP1_Female_61_3614.jpg,unusable,3614,unusable
Duodenum_AGTPBP1_Female_62_3515.jpg,usable,3515,usable
Duodenum_AGTPBP1_Female_67_3479.jpg,usable,3479,usable
Duodenum_AGTPBP1_Male_59_1961.jpg,usable,1961,usable
Duodenum_AHNAK_Male_54_2562.jpg,usable,2562,usable
Duodenum_AIP_Female_62_3515.jpg,usable,3515,usable
Duodenum_AIP_Female_67_3479.jpg,usable,3479,usable
Duodenum_AIP_Male_59_1961.jpg,unusable,1961,unusable
Duodenum_AK2_Male_54_2562.jpg,usable,2562,usable
Duodenum_AK3_Female_62_3515.jpg,usable,3515,usable
Duodenum_AK3_Female_67_3479.jpg,unusable,3479,unusable
Duodenum_AK3_Male_59_1961.jpg,unusable,1961,unusable
Duodenum_AK4_Female_62_3515.jpg,unusable,3515,unusable
Duodenum_AK4_Male_35_3219.jpg,usable,3219,usable
Duodenum_AK4_Male_55_1920.jpg,usable,1920,usable
Duodenum_AK5_Female_62_3515.jpg,usable,3515,usable
Duodenum_AK5_Female_67_3479.jpg,usable,3479,usable
Duodenum_AK6_Female_53_3413.jpg,usable,3413,usable
Duodenum_AK6_Male_66_2329.jpg,usable,2329,usable
Duodenum_AK7_Male_66_2329.jpg,usable,2329,usable
Duodenum_AK9_Female_62_3515.jpg,usable,3515,usable
Duodenum_AK9_Male_35_3219.jpg,usable,3219,usable
Duodenum_AK9_Male_55_1920.jpg,usable,1920,usable
Duodenum_AKAP13_Male_54_2562.jpg,usable,2562,usable
Duodenum_AKAP17A_Female_62_3515.jpg,unusable,3515,unusable
Duodenum_AKAP17A_Female_67_3479.jpg,usable,3479,usable
Duodenum_AKAP17A_Male_55_1920.jpg,usable,1920,usable
Duodenum_AKAP1_Male_54_2562.jpg,usable,2562,usable
Duodenum_AKAP8_Female_67_3479.jpg,usable,3479,usable
Duodenum_AKAP8_Male_59_1961.jpg,unusable,1961,unusable
Duodenum_AKIRIN1_Female_62_3515.jpg,usable,3515,usable
Duodenum_AKIRIN1_Female_67_3479.jpg,usable,3479,usable
Duodenum_AKIRIN1_Male_55_1920.jpg,usable,1920,usable
Duodenum_AKR1B10_Female_62_3515.jpg,usable,3515,usable
Duodenum_AKR1B10_Female_67_3479.jpg,usable,3479,usable
Duodenum_AKR1B10_Male_59_1961.jpg,unusable,1961,unusable
Duodenum_AKR1C1_Female_61_3614.jpg,unusable,3614,unusable
Duodenum_AKR1C1_Female_62_3515.jpg,usable,3515,usable
Duodenum_AKR1C1_Male_35_3219.jpg,usable,3219,usable
Duodenum_AKR1C1_Male_55_1920.jpg,usable,1920,usable
Duodenum_AKR1C1_Male_59_1961.jpg,usable,1961,usable
Duodenum_AKR1C3_Male_54_2562.jpg,usable,2562,usable
Duodenum_AKTIP_Female_62_3515.jpg,usable,3515,usable
Duodenum_AKTIP_Male_35_3219.jpg,usable,3219,usable
Duodenum_AKTIP_Male_55_1920.jpg,usable,1920,usable
Duodenum_ALAS1_Male_54_2562.jpg,usable,2562,usable
Duodenum_ALAS1_Male_55_1920.jpg,usable,1920,usable
Duodenum_ALDH1B1_Male_54_2562.jpg,usable,2562,usable
Duodenum_ALDH4A1_Female_53_3413.jpg,usable,3413,usable
Duodenum_ALDH4A1_Male_66_2329.jpg,usable,2329,usable
Duodenum_ALDOB_Female_75_1098.jpg,usable,1098,usable
Duodenum_ALDOB_Male_73_1420.jpg,usable,1420,usable
Duodenum_ALDOB_Male_84_139.jpg,usable,139,usable
Duodenum_ALG12_Female_62_3515.jpg,usable,3515,usable
Duodenum_ALG12_Female_67_3479.jpg,usable,3479,usable
Duodenum_ALG12_Male_55_1920.jpg,usable,1920,usable
Duodenum_ALG13_Male_66_2329.jpg,usable,2329,usable
Duodenum_ALG1_Female_62_3515.jpg,usable,3515,usable
Duodenum_ALG1_Female_67_3479.jpg,usable,3479,usable
Duodenum_ALG1_Male_59_1961.jpg,usable,1961,usable
Duodenum_ALG3_Female_62_3515.jpg,usable,3515,usable
Duodenum_ALG3_Female_67_3479.jpg,usable,3479,usable
Duodenum_ALG3_Male_55_1920.jpg,usable,1920,usable
Duodenum_ALG6_Female_61_3614.jpg,unusable,3614,unusable
Duodenum_ALG6_Female_62_3515.jpg,usable,3515,usable
Duodenum_ALG6_Male_59_1961.jpg,usable,1961,usable
Duodenum_ALG8_Female_62_3515.jpg,usable,3515,usable
Duodenum_ALG8_Female_67_3479.jpg,usable,3479,usable
Duodenum_ALG8_Male_55_1920.jpg,usable,1920,usable
Duodenum_ALG9_Female_62_3515.jpg,usable,3515,usable
Duodenum_ALG9_Male_35_3219.jpg,usable,3219,usable
Duodenum_ALG9_Male_55_1920.jpg,usable,1920,usable
Duodenum_ALKBH4_Female_62_3515.jpg,usable,3515,usable
Duodenum_ALKBH4_Female_67_3479.jpg,unusable,3479,unusable
Duodenum_ALKBH4_Male_55_1920.jpg,usable,1920,usable
Duodenum_ALKBH5_Male_66_2329.jpg,usable,2329,usable
Duodenum_ALMS1_Female_62_3515.jpg,usable,3515,usable
Duodenum_ALMS1_Female_67_3479.jpg,usable,3479,usable
Duodenum_ALMS1_Male_55_1920.jpg,unusable,1920,unusable
Duodenum_ALPG_Male_54_2562.jpg,usable,2562,usable
Duodenum_ALPI_Female_62_3515.jpg,usable,3515,usable
Duodenum_ALPI_Male_35_3219.jpg,usable,3219,usable
Duodenum_ALPI_Male_55_1920.jpg,usable,1920,usable
Duodenum_ALPP_Female_62_3515.jpg,usable,3515,usable
Duodenum_ALPP_Female_67_3479.jpg,usable,3479,usable
Duodenum_ALPP_Male_55_1920.jpg,usable,1920,usable
Duodenum_ALYREF_Male_54_2562.jpg,usable,2562,usable
Duodenum_AMDHD1_Male_35_3219.jpg,usable,3219,usable
Duodenum_AMDHD1_Male_55_1920.jpg,usable,1920,usable
Duodenum_AMFR_Female_62_3515.jpg,usable,3515,usable
Duodenum_AMFR_Male_54_2562.jpg,unusable,2562,unusable
Duodenum_AMFR_Male_55_1920.jpg,usable,1920,usable
Duodenum_AMIGO2_Female_62_3515.jpg,usable,3515,usable
Duodenum_AMIGO2_Female_67_3479.jpg,usable,3479,usable
Duodenum_AMIGO2_Male_55_1920.jpg,usable,1920,usable
Duodenum_AMN_Female_48_75.jpg,unusable,75,unusable
Duodenum_AMN_Female_77_195.jpg,usable,195,usable
Duodenum_AMN_Male_63_1647.jpg,unusable,1647,unusable
Duodenum_AMN_Male_73_64.jpg,usable,64,usable
Duodenum_AMN_Male_84_139.jpg,unusable,139,unusable
Duodenum_AMPH_Male_54_2562.jpg,usable,2562,usable
Duodenum_AMT_Female_53_3413.jpg,usable,3413,usable
Duodenum_AMT_Male_66_2329.jpg,usable,2329,usable
Duodenum_ANAPC16_Female_62_3515.jpg,usable,3515,usable
Duodenum_ANAPC16_Male_35_3219.jpg,usable,3219,usable
Duodenum_ANAPC16_Male_55_1920.jpg,usable,1920,usable
Duodenum_ANAPC1_Female_62_3515.jpg,usable,3515,usable
Duodenum_ANAPC1_Male_35_3219.jpg,usable,3219,usable
Duodenum_ANAPC1_Male_55_1920.jpg,usable,1920,usable
Duodenum_ANKHD1_Male_54_2562.jpg,usable,2562,usable
Duodenum_ANKRA2_Female_61_3614.jpg,unusable,3614,unusable
Duodenum_ANKRA2_Female_67_3479.jpg,unusable,3479,unusable
Duodenum_ANKRA2_Male_59_1961.jpg,usable,1961,usable
Duodenum_ANKRD10_Female_62_3515.jpg,unusable,3515,unusable
Duodenum_ANKRD10_Male_35_3219.jpg,unusable,3219,unusable
Duodenum_ANKRD10_Male_55_1920.jpg,usable,1920,usable
Duodenum_ANKRD11_Male_54_2562.jpg,usable,2562,usable
Duodenum_ANKRD12_Female_62_3515.jpg,unusable,3515,unusable
Duodenum_ANKRD12_Male_35_3219.jpg,usable,3219,usable
Duodenum_ANKRD12_Male_55_1920.jpg,usable,1920,usable
Duodenum_ANKRD26_Female_62_3515.jpg,usable,3515,usable
Duodenum_ANKRD26_Male_35_3219.jpg,usable,3219,usable
Duodenum_ANKRD26_Male_55_1920.jpg,usable,1920,usable
Duodenum_ANKRD37_Female_61_3614.jpg,unusable,3614,unusable
Duodenum_ANKRD37_Female_62_3515.jpg,usable,3515,usable
Duodenum_ANKRD37_Female_67_3479.jpg,usable,3479,usable
Duodenum_ANKRD37_Male_59_1961.jpg,usable,1961,usable
Duodenum_ANKRD39_Female_62_3515.jpg,usable,3515,usable
Duodenum_ANKRD39_Male_35_3219.jpg,usable,3219,usable
Duodenum_ANKRD39_Male_55_1920.jpg,usable,1920,usable
Duodenum_ANKRD40_Male_54_2562.jpg,usable,2562,usable
Duodenum_ANKRD46_Male_54_2562.jpg,usable,2562,usable
Duodenum_ANKRD49_Female_62_3515.jpg,usable,3515,usable
Duodenum_ANKRD49_Male_35_3219.jpg,unusable,3219,unusable
Duodenum_ANKRD49_Male_55_1920.jpg,usable,1920,usable
Duodenum_ANKS4B_Female_62_3515.jpg,usable,3515,usable
Duodenum_ANKS4B_Male_35_3219.jpg,usable,3219,usable
Duodenum_ANKS4B_Male_55_1920.jpg,usable,1920,usable
Duodenum_ANLN_Female_62_3515.jpg,usable,3515,usable
Duodenum_ANLN_Female_67_3479.jpg,usable,3479,usable
Duodenum_ANLN_Male_59_1961.jpg,unusable,1961,unusable
Duodenum_ANO10_Female_62_3515.jpg,usable,3515,usable
Duodenum_ANO10_Female_67_3479.jpg,usable,3479,usable
Duodenum_ANO10_Male_55_1920.jpg,usable,1920,usable
Duodenum_ANO6_Female_62_3515.jpg,usable,3515,usable
Duodenum_ANO6_Male_35_3219.jpg,usable,3219,usable
Duodenum_ANO6_Male_55_1920.jpg,usable,1920,usable
Duodenum_ANPEP_Male_66_2329.jpg,usable,2329,usable
Duodenum_ANXA13_Female_67_3479.jpg,usable,3479,usable
Duodenum_ANXA13_Male_59_1961.jpg,unusable,1961,unusable
Duodenum_ANXA9_Female_62_3515.jpg,unusable,3515,unusable
Duodenum_ANXA9_Male_35_3219.jpg,usable,3219,usable
Duodenum_ANXA9_Male_54_2562.jpg,usable,2562,usable
Duodenum_AP1G1_Male_54_2562.jpg,usable,2562,usable
Duodenum_AP1G2_Male_66_2329.jpg,usable,2329,usable
Duodenum_AP3B2_Female_62_3515.jpg,usable,3515,usable
Duodenum_AP3B2_Female_67_3479.jpg,usable,3479,usable
Duodenum_AP3B2_Male_55_1920.jpg,usable,1920,usable
Duodenum_AP4B1_Female_62_3515.jpg,usable,3515,usable
Duodenum_AP4B1_Male_35_3219.jpg,usable,3219,usable
Duodenum_AP4B1_Male_55_1920.jpg,usable,1920,usable
Duodenum_AP4S1_Female_62_3515.jpg,usable,3515,usable
Duodenum_AP4S1_Male_35_3219.jpg,usable,3219,usable
Duodenum_AP5Z1_Female_62_3515.jpg,usable,3515,usable
Duodenum_AP5Z1_Male_35_3219.jpg,usable,3219,usable
Duodenum_AP5Z1_Male_55_1920.jpg,unusable,1920,unusable
Duodenum_APBA2_Female_62_3515.jpg,usable,3515,usable
Duodenum_APBA2_Male_35_3219.jpg,unusable,3219,unusable
Duodenum_APBA2_Male_55_1920.jpg,usable,1920,usable
Duodenum_APBB3_Female_67_3479.jpg,usable,3479,usable
Duodenum_APBB3_Male_59_1961.jpg,unusable,1961,unusable
Duodenum_APC_Female_61_3614.jpg,unusable,3614,unusable
Duodenum_APC_Female_62_3515.jpg,usable,3515,usable
Duodenum_APC_Female_67_3479.jpg,usable,3479,usable
Duodenum_APC_Male_59_1961.jpg,usable,1961,usable
Duodenum_APEX1_Male_66_2329.jpg,usable,2329,usable
Duodenum_APH1A_Male_35_3219.jpg,usable,3219,usable
Duodenum_APH1A_Male_55_1920.jpg,usable,1920,usable
Duodenum_API5_Male_54_2562.jpg,unusable,2562,unusable
Duodenum_APIP_Male_35_3219.jpg,usable,3219,usable
Duodenum_APIP_Male_55_1920.jpg,usable,1920,usable
Duodenum_APLP2_Female_62_3515.jpg,usable,3515,usable
Duodenum_APLP2_Male_35_3219.jpg,usable,3219,usable
Duodenum_APOA4_Female_62_3515.jpg,usable,3515,usable
Duodenum_APOA4_Female_67_3479.jpg,usable,3479,usable
Duodenum_APOA4_Male_59_1961.jpg,usable,1961,usable
Duodenum_APOBR_Female_62_3515.jpg,usable,3515,usable
Duodenum_APOBR_Male_35_3219.jpg,usable,3219,usable
Duodenum_APOBR_Male_55_1920.jpg,usable,1920,usable
Duodenum_APOC3_Female_61_3614.jpg,unusable,3614,unusable
Duodenum_APOC3_Female_62_3515.jpg,usable,3515,usable
Duodenum_APOC3_Female_67_3479.jpg,usable,3479,usable
Duodenum_APOC3_Male_59_1961.jpg,usable,1961,usable
Duodenum_APOO_Male_54_2562.jpg,usable,2562,usable
Duodenum_APPBP2_Female_62_3515.jpg,usable,3515,usable
Duodenum_APPL2_Female_62_3515.jpg,usable,3515,usable
Duodenum_APPL2_Male_35_3219.jpg,usable,3219,usable
Duodenum_APPL2_Male_55_1920.jpg,usable,1920,usable
Duodenum_APTX_Female_67_3479.jpg,usable,3479,usable
Duodenum_APTX_Male_59_1961.jpg,usable,1961,usable
Duodenum_AQP10_Female_62_3515.jpg,usable,3515,usable
Duodenum_AQP10_Female_67_3479.jpg,usable,3479,usable
Duodenum_AQP10_Male_59_1961.jpg,usable,1961,usable
Duodenum_AQP1_Female_48_75.jpg,unusable,75,unusable
Duodenum_AQP1_Female_77_195.jpg,unusable,195,unusable
Duodenum_AQP1_Male_63_1647.jpg,unusable,1647,unusable
Duodenum_AQP1_Male_79_2650.jpg,usable,2650,usable
Duodenum_AQP1_Male_84_139.jpg,usable,139,usable
Duodenum_AQP3_Female_62_3515.jpg,unusable,3515,unusable
Duodenum_AQP3_Female_67_3479.jpg,usable,3479,usable
Duodenum_AQP3_Male_59_1961.jpg,usable,1961,usable
Duodenum_ARAF_Female_62_3515.jpg,unusable,3515,unusable
Duodenum_ARAF_Female_67_3479.jpg,usable,3479,usable
Duodenum_ARAF_Male_59_1961.jpg,usable,1961,usable
Duodenum_ARF1_Male_54_2562.jpg,usable,2562,usable
Duodenum_ARFGEF1_Male_54_2562.jpg,usable,2562,usable
Duodenum_ARFIP1_Male_66_2329.jpg,usable,2329,usable
Duodenum_ARFRP1_Female_62_3515.jpg,usable,3515,usable
Duodenum_ARFRP1_Female_67_3479.jpg,usable,3479,usable
Duodenum_ARFRP1_Male_55_1920.jpg,unusable,1920,unusable
Duodenum_ARG2_Female_48_75.jpg,usable,75,usable
Duodenum_ARG2_Female_77_195.jpg,usable,195,usable
Duodenum_ARG2_Male_63_1647.jpg,unusable,1647,unusable
Duodenum_ARG2_Male_73_64.jpg,usable,64,usable
Duodenum_ARG2_Male_84_139.jpg,unusable,139,unusable
Duodenum_ARGLU1_Female_62_3515.jpg,usable,3515,usable
Duodenum_ARGLU1_Male_35_3219.jpg,unusable,3219,unusable
Duodenum_ARGLU1_Male_55_1920.jpg,usable,1920,usable
Duodenum_ARHGAP12_Female_62_3515.jpg,usable,3515,usable
Duodenum_ARHGAP12_Male_54_2562.jpg,usable,2562,usable
Duodenum_ARHGAP18_Female_62_3515.jpg,usable,3515,usable
Duodenum_ARHGAP18_Male_35_3219.jpg,usable,3219,usable
Duodenum_ARHGAP18_Male_54_2562.jpg,usable,2562,usable
Duodenum_ARHGAP31_Male_54_2562.jpg,usable,2562,usable
Duodenum_ARHGAP32_Female_67_3479.jpg,usable,3479,usable
Duodenum_ARHGAP32_Male_59_1961.jpg,usable,1961,usable
Duodenum_ARHGAP42_Female_62_3515.jpg,usable,3515,usable
Duodenum_ARHGAP42_Female_67_3479.jpg,usable,3479,usable
Duodenum_ARHGAP42_Male_35_3219.jpg,usable,3219,usable
Duodenum_ARHGAP42_Male_55_1920.jpg,usable,1920,usable
Duodenum_ARHGAP42_Male_59_1961.jpg,usable,1961,usable
Duodenum_ARHGAP6_Female_62_3515.jpg,usable,3515,usable
Duodenum_ARHGAP6_Female_67_3479.jpg,usable,3479,usable
Duodenum_ARHGAP6_Male_59_1961.jpg,usable,1961,usable
Duodenum_ARHGAP8_Female_62_3515.jpg,unusable,3515,unusable
Duodenum_ARHGAP8_Female_67_3479.jpg,usable,3479,usable
Duodenum_ARHGAP8_Male_59_1961.jpg,unusable,1961,unusable
Duodenum_ARHGEF10L_Male_54_2562.jpg,usable,2562,usable
Duodenum_ARHGEF11_Male_54_2562.jpg,usable,2562,usable
Duodenum_ARHGEF16_Male_54_2562.jpg,usable,2562,usable
Duodenum_ARHGEF5_Male_54_2562.jpg,usable,2562,usable
Duodenum_ARIH1_Female_62_3515.jpg,usable,3515,usable
Duodenum_ARIH1_Female_67_3479.jpg,usable,3479,usable
Duodenum_ARIH1_Male_59_1961.jpg,usable,1961,usable
Duodenum_ARIH1_Male_66_2329.jpg,unusable,2329,unusable
Duodenum_ARL15_Female_62_3515.jpg,usable,3515,usable
Duodenum_ARL15_Female_67_3479.jpg,usable,3479,usable
Duodenum_ARL15_Male_55_1920.jpg,usable,1920,usable
Duodenum_ARL16_Female_62_3515.jpg,usable,3515,usable
Duodenum_ARL16_Male_35_3219.jpg,usable,3219,usable
Duodenum_ARL17A_Female_62_3515.jpg,usable,3515,usable
Duodenum_ARL17A_Female_67_3479.jpg,usable,3479,usable
Duodenum_ARL17A_Male_55_1920.jpg,usable,1920,usable
Duodenum_ARL17B_Female_62_3515.jpg,usable,3515,usable
Duodenum_ARL17B_Female_67_3479.jpg,usable,3479,usable
Duodenum_ARL17B_Male_55_1920.jpg,usable,1920,usable
Duodenum_ARL1_Female_62_3515.jpg,usable,3515,usable
Duodenum_ARL1_Female_67_3479.jpg,usable,3479,usable
Duodenum_ARL1_Male_59_1961.jpg,usable,1961,usable
Duodenum_ARL2_Female_62_3515.jpg,usable,3515,usable
Duodenum_ARL2_Female_67_3479.jpg,usable,3479,usable
Duodenum_ARL2_Male_55_1920.jpg,usable,1920,usable
Duodenum_ARL4C_Female_62_3515.jpg,usable,3515,usable
Duodenum_ARL4C_Male_54_2562.jpg,usable,2562,usable
Duodenum_ARL6IP1_Female_62_3515.jpg,usable,3515,usable
Duodenum_ARL6IP1_Male_35_3219.jpg,usable,3219,usable
Duodenum_ARL6IP4_Female_62_3515.jpg,usable,3515,usable
Duodenum_ARL6IP4_Female_67_3479.jpg,usable,3479,usable
Duodenum_ARL6IP4_Male_55_1920.jpg,usable,1920,usable
Duodenum_ARL6IP5_Male_54_2562.jpg,usable,2562,usable
Duodenum_ARMC1_Male_54_2562.jpg,usable,2562,usable
Duodenum_ARMC6_Female_62_3515.jpg,usable,3515,usable
Duodenum_ARMC6_Male_35_3219.jpg,usable,3219,usable
Duodenum_ARMC6_Male_55_1920.jpg,usable,1920,usable
Duodenum_ARMCX6_Female_62_3515.jpg,usable,3515,usable
Duodenum_ARMCX6_Female_67_3479.jpg,usable,3479,usable
Duodenum_ARMCX6_Male_55_1920.jpg,usable,1920,usable
Duodenum_ARMH3_Female_62_3515.jpg,usable,3515,usable
Duodenum_ARMH3_Female_67_3479.jpg,usable,3479,usable
Duodenum_ARMH3_Male_55_1920.jpg,usable,1920,usable
Duodenum_ARPIN-AP3S2_Female_62_3515.jpg,usable,3515,usable
Duodenum_ARPIN-AP3S2_Female_67_3479.jpg,usable,3479,usable
Duodenum_ARPIN-AP3S2_Male_55_1920.jpg,usable,1920,usable
Duodenum_ARPIN_Female_62_3515.jpg,usable,3515,usable
Duodenum_ARPIN_Female_67_3479.jpg,usable,3479,usable
Duodenum_ARPIN_Male_55_1920.jpg,usable,1920,usable
Duodenum_ARRDC4_Female_62_3515.jpg,usable,3515,usable
Duodenum_ARRDC4_Male_35_3219.jpg,usable,3219,usable
Duodenum_ARRDC4_Male_55_1920.jpg,usable,1920,usable
Duodenum_ARSA_Female_53_3413.jpg,usable,3413,usable
Duodenum_ARSA_Male_54_2562.jpg,usable,2562,usable
Duodenum_ARSA_Male_66_2329.jpg,usable,2329,usable
Duodenum_ARSD_Female_67_3479.jpg,usable,3479,usable
Duodenum_ARSD_Male_59_1961.jpg,usable,1961,usable
Duodenum_ARSK_Female_61_3614.jpg,unusable,3614,unusable
Duodenum_ARSK_Female_62_3515.jpg,usable,3515,usable
Duodenum_ARSK_Female_67_3479.jpg,usable,3479,usable
Duodenum_ARSK_Male_59_1961.jpg,usable,1961,usable
Duodenum_ASAH2B_Female_62_3515.jpg,usable,3515,usable
Duodenum_ASAH2B_Female_67_3479.jpg,usable,3479,usable
Duodenum_ASAH2B_Male_59_1961.jpg,usable,1961,usable
Duodenum_ASAH2_Female_62_3515.jpg,usable,3515,usable
Duodenum_ASAH2_Female_67_3479.jpg,usable,3479,usable
Duodenum_ASAH2_Male_59_1961.jpg,usable,1961,usable
Duodenum_ASAP2_Male_54_2562.jpg,usable,2562,usable
Duodenum_ASB6_Male_66_2329.jpg,usable,2329,usable
Duodenum_ASCC1_Female_62_3515.jpg,usable,3515,usable
Duodenum_ASCC3_Female_62_3515.jpg,unusable,3515,unusable
Duodenum_ASCC3_Male_35_3219.jpg,usable,3219,usable
Duodenum_ASCC3_Male_55_1920.jpg,usable,1920,usable
Duodenum_ASMTL_Male_55_1920.jpg,usable,1920,usable
Duodenum_ASMTL_Male_66_2329.jpg,usable,2329,usable
Duodenum_ASNSD1_Male_54_2562.jpg,usable,2562,usable
Duodenum_ATAD2_Female_62_3515.jpg,usable,3515,usable
Duodenum_ATAD2_Female_67_3479.jpg,usable,3479,usable
Duodenum_ATAD2_Male_35_3219.jpg,usable,3219,usable
Duodenum_ATAD2_Male_55_1920.jpg,usable,1920,usable
Duodenum_ATAD3A_Female_62_3515.jpg,usable,3515,usable
Duodenum_ATAD3A_Female_67_3479.jpg,usable,3479,usable
Duodenum_ATAD3A_Male_59_1961.jpg,usable,1961,usable
Duodenum_ATAD3B_Female_62_3515.jpg,usable,3515,usable
Duodenum_ATAD3B_Female_67_3479.jpg,usable,3479,usable
Duodenum_ATAD3B_Male_59_1961.jpg,usable,1961,usable
Duodenum_ATF1_Female_62_3515.jpg,unusable,3515,unusable
Duodenum_ATF1_Female_67_3479.jpg,usable,3479,usable
Duodenum_ATF1_Male_54_2562.jpg,usable,2562,usable
Duodenum_ATF6B_Female_62_3515.jpg,usable,3515,usable
Duodenum_ATF6B_Female_67_3479.jpg,usable,3479,usable
Duodenum_ATF6B_Male_55_1920.jpg,usable,1920,usable
Duodenum_ATF7IP_Male_54_2562.jpg,usable,2562,usable
Duodenum_ATG12_Male_54_2562.jpg,usable,2562,usable
Duodenum_ATG3_Female_62_3515.jpg,usable,3515,usable
Duodenum_ATG3_Female_67_3479.jpg,usable,3479,usable
Duodenum_ATG3_Male_35_3219.jpg,usable,3219,usable
Duodenum_ATG3_Male_55_1920.jpg,unusable,1920,unusable
Duodenum_ATG3_Male_59_1961.jpg,usable,1961,usable
Duodenum_ATG4A_Male_35_3219.jpg,usable,3219,usable
Duodenum_ATG4A_Male_55_1920.jpg,usable,1920,usable
Duodenum_ATG4D_Female_62_3515.jpg,unusable,3515,unusable
Duodenum_ATG4D_Female_67_3479.jpg,usable,3479,usable
Duodenum_ATG4D_Male_59_1961.jpg,usable,1961,usable
Duodenum_ATIC_Male_54_2562.jpg,usable,2562,usable
Duodenum_ATM_Male_66_2329.jpg,unusable,2329,unusable
Duodenum_ATP11C_Female_62_3515.jpg,usable,3515,usable
Duodenum_ATP11C_Male_35_3219.jpg,usable,3219,usable
Duodenum_ATP11C_Male_55_1920.jpg,usable,1920,usable
Duodenum_ATP13A2_Female_62_3515.jpg,usable,3515,usable
Duodenum_ATP13A2_Male_35_3219.jpg,usable,3219,usable
Duodenum_ATP13A2_Male_55_1920.jpg,usable,1920,usable
Duodenum_ATP1A1_Male_54_2562.jpg,usable,2562,usable
Duodenum_ATP1B1_Female_61_3614.jpg,unusable,3614,unusable
Duodenum_ATP1B1_Female_62_3515.jpg,usable,3515,usable
Duodenum_ATP1B1_Female_67_3479.jpg,usable,3479,usable
Duodenum_ATP1B1_Male_59_1961.jpg,usable,1961,usable
Duodenum_ATP2A3_Male_54_2562.jpg,usable,2562,usable
Duodenum_ATP2B1_Female_53_3413.jpg,usable,3413,usable
Duodenum_ATP2B1_Male_54_2562.jpg,usable,2562,usable
Duodenum_ATP5F1A_Male_54_2562.jpg,usable,2562,usable
Duodenum_ATP5F1A_Male_55_1920.jpg,usable,1920,usable
Duodenum_ATP5IF1_Female_62_3515.jpg,usable,3515,usable
Duodenum_ATP5IF1_Male_35_3219.jpg,usable,3219,usable
Duodenum_ATP5IF1_Male_54_2562.jpg,usable,2562,usable
Duodenum_ATP5MC2_Female_62_3515.jpg,usable,3515,usable
Duodenum_ATP5MC2_Female_67_3479.jpg,usable,3479,usable
Duodenum_ATP5MC2_Male_55_1920.jpg,usable,1920,usable
Duodenum_ATP5ME_Female_62_3515.jpg,usable,3515,usable
Duodenum_ATP5ME_Male_35_3219.jpg,usable,3219,usable
Duodenum_ATP5ME_Male_55_1920.jpg,usable,1920,usable
Duodenum_ATP5MG_Female_62_3515.jpg,usable,3515,usable
Duodenum_ATP5MG_Female_67_3479.jpg,usable,3479,usable
Duodenum_ATP5MG_Male_55_1920.jpg,unusable,1920,unusable
Duodenum_ATP5MJ_Female_62_3515.jpg,usable,3515,usable
Duodenum_ATP5MJ_Female_67_3479.jpg,usable,3479,usable
Duodenum_ATP5PD_Female_62_3515.jpg,usable,3515,usable
Duodenum_ATP5PD_Female_67_3479.jpg,unusable,3479,unusable
Duodenum_ATP5PD_Male_35_3219.jpg,usable,3219,usable
Duodenum_ATP5PD_Male_55_1920.jpg,usable,1920,usable
Duodenum_ATP5PF_Female_62_3515.jpg,usable,3515,usable
Duodenum_ATP5PF_Male_35_3219.jpg,usable,3219,usable
Duodenum_ATP5PF_Male_55_1920.jpg,usable,1920,usable
Duodenum_ATP5PO_Female_62_3515.jpg,usable,3515,usable
Duodenum_ATP5PO_Female_67_3479.jpg,usable,3479,usable
Duodenum_ATP5PO_Male_54_2562.jpg,usable,2562,usable
Duodenum_ATP5PO_Male_55_1920.jpg,usable,1920,usable
Duodenum_ATP6AP1_Male_54_2562.jpg,usable,2562,usable
Duodenum_ATP6V0A1_Male_54_2562.jpg,usable,2562,usable
Duodenum_ATP6V0A2_Female_62_3515.jpg,unusable,3515,unusable
Duodenum_ATP6V0A2_Male_35_3219.jpg,usable,3219,usable
Duodenum_ATP6V1C2_Female_61_3614.jpg,unusable,3614,unusable
Duodenum_ATP6V1C2_Female_62_3515.jpg,usable,3515,usable
Duodenum_ATP6V1C2_Female_67_3479.jpg,usable,3479,usable
Duodenum_ATP6V1C2_Male_59_1961.jpg,usable,1961,usable
Duodenum_ATP6V1G1_Male_54_2562.jpg,usable,2562,usable
Duodenum_ATP7A_Male_54_2562.jpg,usable,2562,usable
Duodenum_ATP7B_Male_54_2562.jpg,usable,2562,usable
Duodenum_ATP8B2_Female_62_3515.jpg,usable,3515,usable
Duodenum_ATP8B2_Female_67_3479.jpg,usable,3479,usable
Duodenum_ATP8B2_Male_55_1920.jpg,usable,1920,usable
Duodenum_ATP8B4_Male_35_3219.jpg,usable,3219,usable
Duodenum_ATP8B4_Male_55_1920.jpg,usable,1920,usable
Duodenum_ATXN1_Male_54_2562.jpg,usable,2562,usable
Duodenum_ATXN3_Female_53_3413.jpg,usable,3413,usable
Duodenum_ATXN3_Male_54_2562.jpg,usable,2562,usable
Duodenum_ATXN7L3_Female_62_3515.jpg,unusable,3515,unusable
Duodenum_ATXN7L3_Female_67_3479.jpg,unusable,3479,unusable
Duodenum_ATXN7L3_Male_59_1961.jpg,unusable,1961,unusable
Duodenum_AUP1_Male_54_2562.jpg,usable,2562,usable
Duodenum_AURKB_Male_66_2329.jpg,unusable,2329,unusable
Duodenum_AXIN1_Male_54_2562.jpg,usable,2562,usable
Duodenum_AXIN2_Male_54_2562.jpg,usable,2562,usable
Duodenum_AZGP1_Female_62_3515.jpg,usable,3515,usable
Duodenum_AZGP1_Female_67_3479.jpg,usable,3479,usable
Duodenum_AZGP1_Male_59_1961.jpg,usable,1961,usable
Duodenum_AZI2_Female_62_3515.jpg,usable,3515,usable
Duodenum_AZI2_Male_35_3219.jpg,usable,3219,usable
Duodenum_AZI2_Male_55_1920.jpg,usable,1920,usable
Duodenum_AZIN1_Female_62_3515.jpg,unusable,3515,unusable
Duodenum_AZIN1_Male_35_3219.jpg,usable,3219,usable
Duodenum_AZIN1_Male_54_2562.jpg,usable,2562,usable
Duodenum_B3GNT3_Male_54_2562.jpg,usable,2562,usable
Duodenum_B3GNT7_Female_62_3515.jpg,usable,3515,usable
Duodenum_B3GNT7_Male_35_3219.jpg,usable,3219,usable
Duodenum_B3GNT8_Female_62_3515.jpg,usable,3515,usable
Duodenum_B3GNT8_Male_55_1920.jpg,usable,1920,usable
Duodenum_B3GNT9_Female_62_3515.jpg,usable,3515,usable
Duodenum_B3GNT9_Female_67_3479.jpg,usable,3479,usable
Duodenum_B3GNT9_Male_55_1920.jpg,usable,1920,usable
Duodenum_B4GALT2_Female_62_3515.jpg,usable,3515,usable
Duodenum_B4GALT2_Female_67_3479.jpg,usable,3479,usable
Duodenum_B4GALT6_Male_54_2562.jpg,usable,2562,usable
Duodenum_B4GALT7_Female_67_3479.jpg,usable,3479,usable
Duodenum_B4GALT7_Male_59_1961.jpg,usable,1961,usable
Duodenum_B9D1_Male_54_2562.jpg,usable,2562,usable
Duodenum_BABAM2_Female_61_3614.jpg,unusable,3614,unusable
Duodenum_BABAM2_Female_62_3515.jpg,usable,3515,usable
Duodenum_BABAM2_Male_59_1961.jpg,usable,1961,usable
Duodenum_BAG1_Male_66_2329.jpg,usable,2329,usable
Duodenum_BAG4_Male_54_2562.jpg,unusable,2562,unusable
Duodenum_BAHCC1_Male_54_2562.jpg,usable,2562,usable
Duodenum_BAIAP2L1_Male_54_2562.jpg,usable,2562,usable
Duodenum_BAIAP2L2_Male_66_2329.jpg,usable,2329,usable
Duodenum_BAIAP3_Female_62_3515.jpg,usable,3515,usable
Duodenum_BAIAP3_Male_35_3219.jpg,unusable,3219,unusable
Duodenum_BAIAP3_Male_55_1920.jpg,usable,1920,usable
Duodenum_BAK1_Male_66_2329.jpg,usable,2329,usable
Duodenum_BAX_Female_53_3413.jpg,unusable,3413,unusable
Duodenum_BAX_Male_66_2329.jpg,usable,2329,usable
Duodenum_BBLN_Male_54_2562.jpg,usable,2562,usable
Duodenum_BBS12_Female_62_3515.jpg,usable,3515,usable
Duodenum_BBS12_Female_67_3479.jpg,usable,3479,usable
Duodenum_BBS12_Male_59_1961.jpg,unusable,1961,unusable
Duodenum_BBS4_Female_62_3515.jpg,usable,3515,usable
Duodenum_BBS4_Male_35_3219.jpg,unusable,3219,unusable
Duodenum_BCAS1_Female_62_3515.jpg,usable,3515,usable
Duodenum_BCAS1_Male_35_3219.jpg,usable,3219,usable
Duodenum_BCAS1_Male_55_1920.jpg,usable,1920,usable
Duodenum_BCAS4_Female_62_3515.jpg,usable,3515,usable
Duodenum_BCAS4_Female_67_3479.jpg,usable,3479,usable
Duodenum_BCAS4_Male_55_1920.jpg,usable,1920,usable
Duodenum_BCKDHA_Male_54_2562.jpg,usable,2562,usable
Duodenum_BCKDK_Male_54_2562.jpg,usable,2562,usable
Duodenum_BCL2L15_Female_62_3515.jpg,usable,3515,usable
Duodenum_BCL2L15_Male_35_3219.jpg,usable,3219,usable
Duodenum_BCL2L15_Male_55_1920.jpg,usable,1920,usable
Duodenum_BCL2L2-PABPN1_Female_48_75.jpg,unusable,75,unusable
Duodenum_BCL2L2-PABPN1_Female_77_195.jpg,usable,195,usable
Duodenum_BCL2L2-PABPN1_Male_63_1647.jpg,unusable,1647,unusable
Duodenum_BCL2L2-PABPN1_Male_73_64.jpg,usable,64,usable
Duodenum_BCL2L2-PABPN1_Male_84_139.jpg,unusable,139,unusable
Duodenum_BCL2L2_Female_62_3515.jpg,usable,3515,usable
Duodenum_BCL2L2_Male_35_3219.jpg,usable,3219,usable
Duodenum_BCL2L2_Male_55_1920.jpg,unusable,1920,unusable
Duodenum_BCLAF1_Male_66_2329.jpg,usable,2329,usable
Duodenum_BCO2_Female_61_3614.jpg,unusable,3614,unusable
Duodenum_BCO2_Female_62_3515.jpg,usable,3515,usable
Duodenum_BCO2_Female_67_3479.jpg,usable,3479,usable
Duodenum_BCO2_Male_59_1961.jpg,usable,1961,usable
Duodenum_BCS1L_Female_62_3515.jpg,usable,3515,usable
Duodenum_BCS1L_Male_35_3219.jpg,usable,3219,usable
Duodenum_BCS1L_Male_54_2562.jpg,usable,2562,usable
Duodenum_BCS1L_Male_55_1920.jpg,usable,1920,usable
Duodenum_BDH1_Female_62_3515.jpg,usable,3515,usable
Duodenum_BDH1_Male_35_3219.jpg,usable,3219,usable
Duodenum_BDH1_Male_55_1920.jpg,usable,1920,usable
Duodenum_BDKRB1_Male_66_2329.jpg,usable,2329,usable
Duodenum_BET1L_Female_62_3515.jpg,usable,3515,usable
Duodenum_BET1L_Male_35_3219.jpg,usable,3219,usable
Duodenum_BICDL2_Female_61_3614.jpg,unusable,3614,unusable
Duodenum_BICDL2_Female_62_3515.jpg,usable,3515,usable
Duodenum_BICDL2_Female_67_3479.jpg,unusable,3479,unusable
Duodenum_BICDL2_Male_59_1961.jpg,usable,1961,usable
Duodenum_BICRA_Female_62_3515.jpg,usable,3515,usable
Duodenum_BICRA_Male_35_3219.jpg,unusable,3219,unusable
Duodenum_BICRA_Male_55_1920.jpg,usable,1920,usable
Duodenum_BIRC3_Male_66_2329.jpg,unusable,2329,unusable
Duodenum_BIRC6_Female_67_3479.jpg,unusable,3479,unusable
Duodenum_BIVM-ERCC5_Female_62_3515.jpg,usable,3515,usable
Duodenum_BIVM-ERCC5_Female_67_3479.jpg,usable,3479,usable
Duodenum_BIVM-ERCC5_Male_55_1920.jpg,usable,1920,usable
Duodenum_BLM_Male_66_2329.jpg,unusable,2329,unusable
Duodenum_BLOC1S1_Male_54_2562.jpg,usable,2562,usable
Duodenum_BLOC1S6_Female_62_3515.jpg,usable,3515,usable
Duodenum_BLOC1S6_Male_35_3219.jpg,unusable,3219,unusable
Duodenum_BLOC1S6_Male_55_1920.jpg,usable,1920,usable
Duodenum_BLTP3B_Female_62_3515.jpg,usable,3515,usable
Duodenum_BLTP3B_Female_67_3479.jpg,usable,3479,usable
Duodenum_BLTP3B_Male_55_1920.jpg,unusable,1920,unusable
Duodenum_BMF_Male_54_2562.jpg,usable,2562,usable
Duodenum_BMP1_Male_54_2562.jpg,usable,2562,usable
Duodenum_BMP2K_Female_62_3515.jpg,usable,3515,usable
Duodenum_BMP2K_Male_54_2562.jpg,unusable,2562,unusable
Duodenum_BMS1_Female_62_3515.jpg,usable,3515,usable
Duodenum_BMS1_Female_67_3479.jpg,usable,3479,usable
Duodenum_BMS1_Male_55_1920.jpg,usable,1920,usable
Duodenum_BNIP1_Female_53_3413.jpg,usable,3413,usable
Duodenum_BNIP1_Male_66_2329.jpg,usable,2329,usable
Duodenum_BOC_Male_54_2562.jpg,usable,2562,usable
Duodenum_BORA_Male_54_2562.jpg,usable,2562,usable
Duodenum_BORCS5_Female_62_3515.jpg,usable,3515,usable
Duodenum_BORCS5_Female_67_3479.jpg,usable,3479,usable
Duodenum_BORCS5_Male_54_2562.jpg,unusable,2562,unusable
Duodenum_BORCS5_Male_55_1920.jpg,usable,1920,usable
Duodenum_BORCS7_Female_62_3515.jpg,usable,3515,usable
Duodenum_BORCS7_Male_35_3219.jpg,usable,3219,usable
Duodenum_BORCS7_Male_55_1920.jpg,usable,1920,usable
Duodenum_BPHL_Male_54_2562.jpg,usable,2562,usable
Duodenum_BPIFB1_Female_62_3515.jpg,usable,3515,usable
Duodenum_BPIFB1_Female_67_3479.jpg,usable,3479,usable
Duodenum_BPIFB1_Male_59_1961.jpg,unusable,1961,unusable
Duodenum_BPNT2_Male_54_2562.jpg,usable,2562,usable
Duodenum_BRAP_Female_62_3515.jpg,usable,3515,usable
Duodenum_BRAP_Female_67_3479.jpg,usable,3479,usable
Duodenum_BRAP_Male_55_1920.jpg,usable,1920,usable
Duodenum_BRD4_Female_67_3479.jpg,usable,3479,usable
Duodenum_BRD4_Male_54_2562.jpg,usable,2562,usable
Duodenum_BRD4_Male_59_1961.jpg,usable,1961,usable
Duodenum_BRD7_Female_62_3515.jpg,usable,3515,usable
Duodenum_BRD7_Female_67_3479.jpg,unusable,3479,unusable
Duodenum_BRD7_Male_55_1920.jpg,usable,1920,usable
Duodenum_BRI3_Female_62_3515.jpg,usable,3515,usable
Duodenum_BRI3_Male_35_3219.jpg,usable,3219,usable
Duodenum_BRI3_Male_55_1920.jpg,usable,1920,usable
Duodenum_BRIP1_Male_66_2329.jpg,usable,2329,usable
Duodenum_BRPF3_Male_54_2562.jpg,unusable,2562,unusable
Duodenum_BSG_Male_66_2329.jpg,usable,2329,usable
Duodenum_BTBD1_Female_67_3479.jpg,usable,3479,usable
Duodenum_BTBD1_Male_59_1961.jpg,unusable,1961,unusable
Duodenum_BTBD7_Female_62_3515.jpg,usable,3515,usable
Duodenum_BTBD7_Female_67_3479.jpg,usable,3479,usable
Duodenum_BTBD7_Male_55_1920.jpg,usable,1920,usable
Duodenum_BTF3_Female_62_3515.jpg,usable,3515,usable
Duodenum_BTF3_Female_67_3479.jpg,usable,3479,usable
Duodenum_BTF3_Male_54_2562.jpg,unusable,2562,unusable
Duodenum_BTF3_Male_59_1961.jpg,usable,1961,usable
Duodenum_BTN2A2_Female_62_3515.jpg,usable,3515,usable
Duodenum_BTN2A2_Female_67_3479.jpg,usable,3479,usable
Duodenum_BTN2A2_Male_55_1920.jpg,usable,1920,usable
Duodenum_BTN3A1_Male_54_2562.jpg,usable,2562,usable
Duodenum_BTN3A2_Male_54_2562.jpg,usable,2562,usable
Duodenum_BTNL8_Female_61_3614.jpg,unusable,3614,unusable
Duodenum_BTNL8_Female_67_3479.jpg,usable,3479,usable
Duodenum_BTNL8_Male_59_1961.jpg,usable,1961,usable
Duodenum_BUD13_Female_62_3515.jpg,usable,3515,usable
Duodenum_BUD13_Male_35_3219.jpg,unusable,3219,unusable
Duodenum_C11orf96_Female_62_3515.jpg,usable,3515,usable
Duodenum_C11orf96_Male_35_3219.jpg,usable,3219,usable
Duodenum_C11orf96_Male_55_1920.jpg,usable,1920,usable
Duodenum_C12orf29_Female_62_3515.jpg,usable,3515,usable
Duodenum_C12orf29_Female_67_3479.jpg,usable,3479,usable
Duodenum_C12orf29_Male_55_1920.jpg,usable,1920,usable
Duodenum_C12orf4_Female_62_3515.jpg,usable,3515,usable
Duodenum_C12orf4_Male_35_3219.jpg,usable,3219,usable
Duodenum_C12orf4_Male_55_1920.jpg,usable,1920,usable
Duodenum_C12orf57_Female_62_3515.jpg,usable,3515,usable
Duodenum_C12orf57_Female_67_3479.jpg,usable,3479,usable
Duodenum_C12orf57_Male_55_1920.jpg,usable,1920,usable
Duodenum_C12orf73_Female_62_3515.jpg,usable,3515,usable
Duodenum_C12orf73_Male_35_3219.jpg,usable,3219,usable
Duodenum_C12orf73_Male_55_1920.jpg,usable,1920,usable
Duodenum_C14orf93_Male_54_2562.jpg,usable,2562,usable
Duodenum_C15orf48_Male_54_2562.jpg,usable,2562,usable
Duodenum_C16orf95_Female_62_3515.jpg,usable,3515,usable
Duodenum_C16orf95_Male_54_2562.jpg,usable,2562,usable
Duodenum_C17orf49_Male_54_2562.jpg,usable,2562,usable
Duodenum_C17orf67_Male_35_3219.jpg,usable,3219,usable
Duodenum_C17orf67_Male_55_1920.jpg,usable,1920,usable
Duodenum_C17orf75_Female_53_3413.jpg,usable,3413,usable
Duodenum_C17orf75_Male_66_2329.jpg,usable,2329,usable
Duodenum_C17orf80_Male_54_2562.jpg,usable,2562,usable
Duodenum_C18orf32_Female_62_3515.jpg,usable,3515,usable
Duodenum_C18orf32_Male_35_3219.jpg,usable,3219,usable
Duodenum_C18orf32_Male_55_1920.jpg,usable,1920,usable
Duodenum_C19orf12_Female_62_3515.jpg,usable,3515,usable
Duodenum_C19orf12_Female_67_3479.jpg,usable,3479,usable
Duodenum_C19orf12_Male_55_1920.jpg,usable,1920,usable
Duodenum_C19orf47_Female_62_3515.jpg,usable,3515,usable
Duodenum_C19orf47_Male_35_3219.jpg,usable,3219,usable
Duodenum_C19orf47_Male_55_1920.jpg,unusable,1920,unusable
Duodenum_C1GALT1C1_Male_54_2562.jpg,usable,2562,usable
Duodenum_C1GALT1_Male_54_2562.jpg,usable,2562,usable
Duodenum_C1QBP_Female_62_3515.jpg,usable,3515,usable
Duodenum_C1QBP_Male_54_2562.jpg,usable,2562,usable
Duodenum_C1QTNF1_Female_62_3515.jpg,unusable,3515,unusable
Duodenum_C1QTNF1_Male_35_3219.jpg,usable,3219,usable
Duodenum_C1QTNF1_Male_54_2562.jpg,usable,2562,usable
Duodenum_C1QTNF2_Female_62_3515.jpg,usable,3515,usable
Duodenum_C1QTNF2_Female_67_3479.jpg,usable,3479,usable
Duodenum_C1QTNF2_Male_59_1961.jpg,usable,1961,usable
Duodenum_C1orf116_Male_54_2562.jpg,unusable,2562,unusable
Duodenum_C1orf198_Male_66_2329.jpg,usable,2329,usable
Duodenum_C1orf226_Female_62_3515.jpg,usable,3515,usable
Duodenum_C1orf226_Female_67_3479.jpg,usable,3479,usable
Duodenum_C1orf226_Male_55_1920.jpg,usable,1920,usable
Duodenum_C1orf35_Female_62_3515.jpg,usable,3515,usable
Duodenum_C1orf35_Male_35_3219.jpg,usable,3219,usable
Duodenum_C1orf54_Male_54_2562.jpg,usable,2562,usable
Duodenum_C20orf96_Female_62_3515.jpg,usable,3515,usable
Duodenum_C20orf96_Female_67_3479.jpg,usable,3479,usable
Duodenum_C20orf96_Male_55_1920.jpg,usable,1920,usable
Duodenum_C21orf91_Male_54_2562.jpg,usable,2562,usable
Duodenum_C2CD3_Female_62_3515.jpg,usable,3515,usable
Duodenum_C2CD3_Male_55_1920.jpg,usable,1920,usable
Duodenum_C2CD5_Female_62_3515.jpg,usable,3515,usable
Duodenum_C2CD5_Female_67_3479.jpg,usable,3479,usable
Duodenum_C2CD5_Male_55_1920.jpg,usable,1920,usable
Duodenum_C2orf68_Female_62_3515.jpg,unusable,3515,unusable
Duodenum_C2orf68_Female_67_3479.jpg,usable,3479,usable
Duodenum_C2orf68_Male_55_1920.jpg,usable,1920,usable
Duodenum_C2orf74_Male_35_3219.jpg,usable,3219,usable
Duodenum_C2orf74_Male_55_1920.jpg,unusable,1920,unusable
Duodenum_C4orf19_Female_62_3515.jpg,usable,3515,usable
Duodenum_C4orf19_Male_35_3219.jpg,usable,3219,usable
Duodenum_C4orf3_Female_62_3515.jpg,usable,3515,usable
Duodenum_C4orf3_Male_54_2562.jpg,usable,2562,usable
Duodenum_C5orf15_Male_54_2562.jpg,usable,2562,usable
Duodenum_C5orf24_Female_62_3515.jpg,usable,3515,usable
Duodenum_C5orf34_Male_35_3219.jpg,unusable,3219,unusable
Duodenum_C5orf34_Male_55_1920.jpg,usable,1920,usable
Duodenum_C6orf132_Female_62_3515.jpg,usable,3515,usable
Duodenum_C6orf132_Female_67_3479.jpg,usable,3479,usable
Duodenum_C6orf132_Male_55_1920.jpg,unusable,1920,unusable
Duodenum_C6orf226_Female_62_3515.jpg,usable,3515,usable
Duodenum_C6orf226_Male_35_3219.jpg,unusable,3219,unusable
Duodenum_C6orf226_Male_55_1920.jpg,usable,1920,usable
Duodenum_C7orf25_Male_54_2562.jpg,usable,2562,usable
Duodenum_C9orf40_Female_62_3515.jpg,usable,3515,usable
Duodenum_C9orf40_Female_67_3479.jpg,usable,3479,usable
Duodenum_C9orf40_Male_55_1920.jpg,usable,1920,usable
Duodenum_C9orf64_Female_62_3515.jpg,usable,3515,usable
Duodenum_C9orf64_Female_67_3479.jpg,usable,3479,usable
Duodenum_C9orf64_Male_59_1961.jpg,usable,1961,usable
Duodenum_C9orf72_Male_54_2562.jpg,usable,2562,usable
Duodenum_C9orf85_Female_61_3614.jpg,unusable,3614,unusable
Duodenum_C9orf85_Female_62_3515.jpg,unusable,3515,unusable
Duodenum_C9orf85_Female_67_3479.jpg,usable,3479,usable
Duodenum_C9orf85_Male_59_1961.jpg,usable,1961,usable
Duodenum_CA13_Male_54_2562.jpg,usable,2562,usable
Duodenum_CAB39L_Male_66_2329.jpg,usable,2329,usable
Duodenum_CABP1_Female_62_3515.jpg,usable,3515,usable
Duodenum_CABP1_Female_67_3479.jpg,usable,3479,usable
Duodenum_CABP1_Male_55_1920.jpg,usable,1920,usable
Duodenum_CACTIN_Female_62_3515.jpg,usable,3515,usable
Duodenum_CACTIN_Male_35_3219.jpg,unusable,3219,unusable
Duodenum_CACTIN_Male_55_1920.jpg,usable,1920,usable
Duodenum_CADPS_Female_62_3515.jpg,usable,3515,usable
Duodenum_CADPS_Female_67_3479.jpg,unusable,3479,unusable
Duodenum_CADPS_Male_59_1961.jpg,usable,1961,usable
Duodenum_CALCRL_Male_54_2562.jpg,usable,2562,usable
Duodenum_CALHM2_Male_54_2562.jpg,usable,2562,usable
Duodenum_CALM2_Female_62_3515.jpg,usable,3515,usable
Duodenum_CALM2_Male_35_3219.jpg,usable,3219,usable
Duodenum_CALM2_Male_54_2562.jpg,unusable,2562,unusable
Duodenum_CALML4_Female_62_3515.jpg,unusable,3515,unusable
Duodenum_CALML4_Female_67_3479.jpg,usable,3479,usable
Duodenum_CALML4_Male_55_1920.jpg,usable,1920,usable
Duodenum_CALR_Male_66_2329.jpg,unusable,2329,unusable
Duodenum_CANT1_Male_54_2562.jpg,usable,2562,usable
Duodenum_CANX_Female_53_3413.jpg,usable,3413,usable
Duodenum_CANX_Male_66_2329.jpg,usable,2329,usable
Duodenum_CAPN13_Female_62_3515.jpg,usable,3515,usable
Duodenum_CAPN13_Male_35_3219.jpg,usable,3219,usable
Duodenum_CAPN13_Male_55_1920.jpg,usable,1920,usable
Duodenum_CAPN15_Female_62_3515.jpg,unusable,3515,unusable**
Duodenum_CAPN15_Female_67_3479.jpg,usable,3479,usable
Duodenum_CAPN15_Male_59_1961.jpg,usable,1961,usable
Duodenum_CAPN1_Male_66_2329.jpg,usable,2329,usable
Duodenum_CAPN9_Female_62_3515.jpg,unusable,3515,unusable
Duodenum_CAPN9_Male_54_2562.jpg,usable,2562,usable
Duodenum_CAPRIN1_Male_54_2562.jpg,usable,2562,usable
Duodenum_CAPS2_Female_62_3515.jpg,usable,3515,usable
Duodenum_CAPS2_Male_35_3219.jpg,usable,3219,usable
Duodenum_CAPS2_Male_55_1920.jpg,usable,1920,usable
Duodenum_CARD10_Female_62_3515.jpg,usable,3515,usable
Duodenum_CARD10_Male_35_3219.jpg,usable,3219,usable
Duodenum_CARD10_Male_54_2562.jpg,usable,2562,usable
Duodenum_CARD19_Female_62_3515.jpg,usable,3515,usable
Duodenum_CARD19_Male_35_3219.jpg,usable,3219,usable
Duodenum_CARD19_Male_55_1920.jpg,usable,1920,usable
Duodenum_CARD6_Female_62_3515.jpg,unusable,3515,unusable
Duodenum_CARD6_Female_67_3479.jpg,usable,3479,usable
Duodenum_CARD6_Male_59_1961.jpg,usable,1961,usable
Duodenum_CASK_Female_75_1098.jpg,usable,1098,usable
Duodenum_CASK_Male_73_1420.jpg,unusable,1420,unusable
Duodenum_CASK_Male_79_2650.jpg,unusable,2650,unusable
Duodenum_CASK_Male_84_139.jpg,usable,139,usable
Duodenum_CASP2_Female_62_3515.jpg,usable,3515,usable
Duodenum_CASP2_Female_67_3479.jpg,usable,3479,usable
Duodenum_CASP2_Male_54_2562.jpg,usable,2562,usable
Duodenum_CASP4_Female_62_3515.jpg,usable,3515,usable
Duodenum_CASP4_Male_35_3219.jpg,usable,3219,usable
Duodenum_CASP4_Male_55_1920.jpg,usable,1920,usable
Duodenum_CASP6_Male_66_2329.jpg,usable,2329,usable
Duodenum_CASP8_Male_54_2562.jpg,usable,2562,usable
Duodenum_CASTOR2_Female_62_3515.jpg,usable,3515,usable
Duodenum_CASTOR2_Female_67_3479.jpg,usable,3479,usable
Duodenum_CASTOR2_Male_59_1961.jpg,usable,1961,usable
Duodenum_CBFA2T3_Female_62_3515.jpg,usable,3515,usable
Duodenum_CBFA2T3_Female_67_3479.jpg,usable,3479,usable
Duodenum_CBFA2T3_Male_59_1961.jpg,usable,1961,usable
Duodenum_CBLB_Male_54_2562.jpg,usable,2562,usable
Duodenum_CBR1_Male_54_2562.jpg,usable,2562,usable
Duodenum_CBR3_Male_54_2562.jpg,usable,2562,usable
Duodenum_CBR4_Female_62_3515.jpg,usable,3515,usable
Duodenum_CBR4_Male_35_3219.jpg,usable,3219,usable
Duodenum_CBR4_Male_55_1920.jpg,usable,1920,usable
Duodenum_CC2D1A_Male_54_2562.jpg,usable,2562,usable
Duodenum_CCAR1_Female_53_3413.jpg,usable,3413,usable
Duodenum_CCAR1_Female_62_3515.jpg,unusable,3515,unusable
Duodenum_CCAR1_Female_67_3479.jpg,usable,3479,usable
Duodenum_CCAR1_Male_59_1961.jpg,unusable,1961,unusable
Duodenum_CCAR1_Male_66_2329.jpg,usable,2329,usable
Duodenum_CCDC102A_Female_62_3515.jpg,usable,3515,usable
Duodenum_CCDC102A_Male_35_3219.jpg,usable,3219,usable
Duodenum_CCDC102A_Male_55_1920.jpg,usable,1920,usable
Duodenum_CCDC102B_Female_62_3515.jpg,usable,3515,usable
Duodenum_CCDC102B_Male_35_3219.jpg,unusable,3219,unusable
Duodenum_CCDC102B_Male_55_1920.jpg,usable,1920,usable
Duodenum_CCDC102B_Male_59_1961.jpg,usable,1961,usable
Duodenum_CCDC122_Female_62_3515.jpg,usable,3515,usable
Duodenum_CCDC122_Female_67_3479.jpg,usable,3479,usable
Duodenum_CCDC122_Male_35_3219.jpg,unusable,3219,unusable
Duodenum_CCDC122_Male_55_1920.jpg,usable,1920,usable
Duodenum_CCDC122_Male_59_1961.jpg,usable,1961,usable
Duodenum_CCDC125_Female_62_3515.jpg,unusable,3515,unusable
Duodenum_CCDC125_Male_35_3219.jpg,usable,3219,usable
Duodenum_CCDC125_Male_55_1920.jpg,unusable,1920,unusable
Duodenum_CCDC12_Female_62_3515.jpg,usable,3515,usable
Duodenum_CCDC12_Male_55_1920.jpg,usable,1920,usable
Duodenum_CCDC159_Female_62_3515.jpg,usable,3515,usable
Duodenum_CCDC159_Female_67_3479.jpg,usable,3479,usable
Duodenum_CCDC159_Male_55_1920.jpg,usable,1920,usable
Duodenum_CCDC159_Male_59_1961.jpg,usable,1961,usable
Duodenum_CCDC186_Male_54_2562.jpg,usable,2562,usable
Duodenum_CCDC18_Female_62_3515.jpg,usable,3515,usable
Duodenum_CCDC18_Male_35_3219.jpg,usable,3219,usable
Duodenum_CCDC18_Male_54_2562.jpg,unusable,2562,unusable
Duodenum_CCDC47_Female_62_3515.jpg,usable,3515,usable
Duodenum_CCDC47_Male_35_3219.jpg,usable,3219,usable
Duodenum_CCDC47_Male_54_2562.jpg,unusable,2562,unusable
Duodenum_CCDC51_Male_54_2562.jpg,usable,2562,usable
Duodenum_CCDC57_Male_54_2562.jpg,usable,2562,usable
Duodenum_CCDC66_Female_61_3614.jpg,unusable,3614,unusable
Duodenum_CCDC66_Female_62_3515.jpg,usable,3515,usable
Duodenum_CCDC66_Female_67_3479.jpg,usable,3479,usable
Duodenum_CCDC66_Male_59_1961.jpg,usable,1961,usable
Duodenum_CCDC68_Female_62_3515.jpg,usable,3515,usable
Duodenum_CCDC68_Male_35_3219.jpg,usable,3219,usable
Duodenum_CCDC68_Male_54_2562.jpg,usable,2562,usable
Duodenum_CCDC85B_Female_62_3515.jpg,usable,3515,usable
Duodenum_CCDC85B_Female_67_3479.jpg,usable,3479,usable
Duodenum_CCDC85B_Male_55_1920.jpg,usable,1920,usable
Duodenum_CCDC88C_Male_66_2329.jpg,usable,2329,usable
Duodenum_CCDC8_Female_62_3515.jpg,usable,3515,usable
Duodenum_CCDC8_Male_35_3219.jpg,usable,3219,usable
Duodenum_CCDC8_Male_55_1920.jpg,usable,1920,usable
Duodenum_CCDC91_Female_62_3515.jpg,unusable,3515,unusable
Duodenum_CCDC91_Male_35_3219.jpg,usable,3219,usable
Duodenum_CCDC91_Male_55_1920.jpg,usable,1920,usable
Duodenum_CCK_Female_61_3614.jpg,unusable,3614,unusable
Duodenum_CCK_Female_62_3515.jpg,usable,3515,usable
Duodenum_CCK_Female_67_3479.jpg,usable,3479,usable
Duodenum_CCK_Male_59_1961.jpg,usable,1961,usable
Duodenum_CCL28_Female_62_3515.jpg,usable,3515,usable
Duodenum_CCL28_Female_67_3479.jpg,usable,3479,usable
Duodenum_CCL28_Male_59_1961.jpg,usable,1961,usable
Duodenum_CCN4_Male_54_2562.jpg,usable,2562,usable
Duodenum_CCNA2_Female_62_3515.jpg,usable,3515,usable
Duodenum_CCNA2_Female_67_3479.jpg,unusable,3479,unusable
Duodenum_CCNA2_Male_59_1961.jpg,usable,1961,usable
Duodenum_CCNB1_Female_75_1098.jpg,usable,1098,usable
Duodenum_CCNB1_Male_63_1647.jpg,unusable,1647,unusable
Duodenum_CCNB1_Male_79_2650.jpg,usable,2650,usable
Duodenum_CCNB1_Male_84_139.jpg,usable,139,usable
Duodenum_CCNDBP1_Male_54_2562.jpg,usable,2562,usable
Duodenum_CCNG1_Female_75_1098.jpg,usable,1098,usable
Duodenum_CCNG1_Male_63_1647.jpg,usable,1647,usable
Duodenum_CCNG1_Male_79_2650.jpg,usable,2650,usable
Duodenum_CCNG1_Male_84_139.jpg,usable,139,usable
Duodenum_CCNL2_Female_62_3515.jpg,usable,3515,usable
Duodenum_CCNL2_Female_67_3479.jpg,usable,3479,usable
Duodenum_CCNL2_Male_55_1920.jpg,unusable,1920,unusable
Duodenum_CCNT2_Female_53_3413.jpg,usable,3413,usable
Duodenum_CCNT2_Male_66_2329.jpg,usable,2329,usable
Duodenum_CCPG1_Male_54_2562.jpg,usable,2562,usable
Duodenum_CCS_Female_67_3479.jpg,usable,3479,usable
Duodenum_CCS_Male_54_2562.jpg,usable,2562,usable
Duodenum_CCS_Male_59_1961.jpg,usable,1961,usable
Duodenum_CCT3_Male_54_2562.jpg,usable,2562,usable
Duodenum_CCT6A_Female_62_3515.jpg,usable,3515,usable
Duodenum_CCT6A_Male_35_3219.jpg,unusable,3219,unusable
Duodenum_CCT6A_Male_55_1920.jpg,unusable,1920,unusable
Duodenum_CCT7_Male_54_2562.jpg,usable,2562,usable
Duodenum_CCZ1B_Female_62_3515.jpg,unusable,3515,unusable
Duodenum_CCZ1B_Male_35_3219.jpg,unusable,3219,unusable
Duodenum_CCZ1B_Male_55_1920.jpg,unusable,1920,unusable
Duodenum_CCZ1_Female_62_3515.jpg,unusable,3515,unusable
Duodenum_CCZ1_Male_35_3219.jpg,unusable,3219,unusable
Duodenum_CCZ1_Male_55_1920.jpg,unusable,1920,unusable
Duodenum_CD248_Female_62_3515.jpg,usable,3515,usable
Duodenum_CD248_Female_67_3479.jpg,unusable,3479,unusable
Duodenum_CD248_Male_55_1920.jpg,usable,1920,usable
Duodenum_CD24_Female_61_3614.jpg,unusable,3614,unusable
Duodenum_CD24_Female_62_3515.jpg,usable,3515,usable
Duodenum_CD24_Female_67_3479.jpg,usable,3479,usable
Duodenum_CD24_Male_59_1961.jpg,usable,1961,usable
Duodenum_CD2AP_Male_66_2329.jpg,unusable,2329,unusable
Duodenum_CD44_Female_48_75.jpg,unusable,75,unusable
Duodenum_CD44_Female_77_195.jpg,usable,195,usable
Duodenum_CD44_Male_63_1647.jpg,unusable,1647,unusable
Duodenum_CD44_Male_70_582.jpg,unusable,582,unusable
Duodenum_CDAN1_Female_62_3515.jpg,usable,3515,usable
Duodenum_CDAN1_Male_35_3219.jpg,unusable,3219,unusable
Duodenum_CDAN1_Male_55_1920.jpg,usable,1920,usable
Duodenum_CDC14A_Female_61_3614.jpg,unusable,3614,unusable
Duodenum_CDC14A_Female_62_3515.jpg,unusable,3515,unusable
Duodenum_CDC14A_Female_67_3479.jpg,unusable,3479,unusable
Duodenum_CDC14A_Male_59_1961.jpg,usable,1961,usable
Duodenum_CDC16_Male_54_2562.jpg,usable,2562,usable
Duodenum_CDC20_Male_66_2329.jpg,usable,2329,usable
Duodenum_CDC25C_Male_66_2329.jpg,unusable,2329,unusable
Duodenum_CDC34_Male_54_2562.jpg,usable,2562,usable
Duodenum_CDC42EP3_Female_62_3515.jpg,usable,3515,usable
Duodenum_CDC42EP3_Male_35_3219.jpg,usable,3219,usable
Duodenum_CDC42EP3_Male_55_1920.jpg,usable,1920,usable
Duodenum_CDC42EP4_Male_54_2562.jpg,usable,2562,usable
Duodenum_CDC42EP5_Female_62_3515.jpg,usable,3515,usable
Duodenum_CDC42EP5_Male_35_3219.jpg,usable,3219,usable
Duodenum_CDC42EP5_Male_55_1920.jpg,usable,1920,usable
Duodenum_CDC73_Male_54_2562.jpg,usable,2562,usable
Duodenum_CDCA2_Female_61_3614.jpg,unusable,3614,unusable
Duodenum_CDCA2_Female_62_3515.jpg,usable,3515,usable
Duodenum_CDCA2_Female_67_3479.jpg,usable,3479,usable
Duodenum_CDCA2_Male_59_1961.jpg,usable,1961,usable
Duodenum_CDCA5_Male_54_2562.jpg,usable,2562,usable
Duodenum_CDCA7L_Female_61_3614.jpg,unusable,3614,unusable
Duodenum_CDCA7L_Female_67_3479.jpg,usable,3479,usable
Duodenum_CDCA7L_Male_54_2562.jpg,usable,2562,usable
Duodenum_CDCA7L_Male_59_1961.jpg,usable,1961,usable
Duodenum_CDH17_Male_54_2562.jpg,unusable,2562,unusable
Duodenum_CDH23_Male_54_2562.jpg,usable,2562,usable
Duodenum_CDHR5_Male_54_2562.jpg,usable,2562,usable
Duodenum_CDK11B_Male_54_2562.jpg,unusable,2562,unusable
Duodenum_CDK12_Male_54_2562.jpg,usable,2562,usable
Duodenum_CDK13_Female_62_3515.jpg,usable,3515,usable
Duodenum_CDK13_Female_67_3479.jpg,usable,3479,usable
Duodenum_CDK13_Male_55_1920.jpg,usable,1920,usable
Duodenum_CDK16_Male_66_2329.jpg,unusable,2329,unusable
Duodenum_CDK17_Male_54_2562.jpg,usable,2562,usable
Duodenum_CDK5RAP2_Female_62_3515.jpg,usable,3515,usable
Duodenum_CDK5RAP2_Female_67_3479.jpg,usable,3479,usable
Duodenum_CDK5RAP2_Male_59_1961.jpg,usable,1961,usable
Duodenum_CDK5RAP3_Male_54_2562.jpg,usable,2562,usable
Duodenum_CDK6_Male_66_2329.jpg,unusable,2329,unusable
Duodenum_CDK9_Male_66_2329.jpg,usable,2329,usable
Duodenum_CDKL1_Female_62_3515.jpg,usable,3515,usable
Duodenum_CDKL1_Female_67_3479.jpg,usable,3479,usable
Duodenum_CDKL1_Male_59_1961.jpg,unusable,1961,unusable
Duodenum_CDKL5_Male_66_2329.jpg,usable,2329,usable
Duodenum_CDKN2C_Female_53_3413.jpg,usable,3413,usable
Duodenum_CDKN2C_Male_66_2329.jpg,usable,2329,usable
Duodenum_CDO1_Female_62_3515.jpg,usable,3515,usable
Duodenum_CDO1_Female_67_3479.jpg,usable,3479,usable
Duodenum_CDR2L_Male_54_2562.jpg,usable,2562,usable
Duodenum_CDR2_Male_54_2562.jpg,usable,2562,usable
Duodenum_CDS1_Female_62_3515.jpg,usable,3515,usable
Duodenum_CDS1_Female_67_3479.jpg,usable,3479,usable
Duodenum_CDS1_Male_35_3219.jpg,usable,3219,usable
Duodenum_CDS1_Male_55_1920.jpg,usable,1920,usable
Duodenum_CDS1_Male_59_1961.jpg,unusable,1961,unusable
Duodenum_CDX1_Female_62_3515.jpg,usable,3515,usable
Duodenum_CDX1_Female_67_3479.jpg,unusable,3479,unusable
Duodenum_CDX1_Male_55_1920.jpg,usable,1920,usable
Duodenum_CDYL_Female_62_3515.jpg,usable,3515,usable
Duodenum_CDYL_Female_67_3479.jpg,usable,3479,usable
Duodenum_CDYL_Male_59_1961.jpg,usable,1961,usable
Duodenum_CELF1_Female_67_3479.jpg,usable,3479,usable
Duodenum_CELF1_Male_54_2562.jpg,usable,2562,usable
Duodenum_CELF1_Male_59_1961.jpg,unusable,1961,unusable
Duodenum_CENPV_Female_62_3515.jpg,usable,3515,usable
Duodenum_CENPV_Female_67_3479.jpg,unusable,3479,unusable
Duodenum_CENPV_Male_55_1920.jpg,unusable,1920,unusable
Duodenum_CEP290_Female_62_3515.jpg,unusable,3515,unusable
Duodenum_CEP290_Female_67_3479.jpg,usable,3479,usable
Duodenum_CEP290_Male_35_3219.jpg,usable,3219,usable
Duodenum_CEP290_Male_55_1920.jpg,usable,1920,usable
Duodenum_CEP295_Female_62_3515.jpg,usable,3515,usable
Duodenum_CEP295_Male_35_3219.jpg,unusable,3219,unusable
Duodenum_CEP295_Male_55_1920.jpg,usable,1920,usable
Duodenum_CEP44_Female_62_3515.jpg,usable,3515,usable
Duodenum_CEP44_Female_67_3479.jpg,usable,3479,usable
Duodenum_CEP44_Male_55_1920.jpg,usable,1920,usable
Duodenum_CEP68_Female_62_3515.jpg,usable,3515,usable
Duodenum_CEP68_Male_35_3219.jpg,unusable,3219,unusable
Duodenum_CEP68_Male_55_1920.jpg,usable,1920,usable
Duodenum_CEP70_Female_62_3515.jpg,usable,3515,usable
Duodenum_CEP70_Male_35_3219.jpg,usable,3219,usable
Duodenum_CEP70_Male_55_1920.jpg,usable,1920,usable
Duodenum_CEP76_Female_62_3515.jpg,usable,3515,usable
Duodenum_CEP76_Male_35_3219.jpg,usable,3219,usable
Duodenum_CEP76_Male_55_1920.jpg,usable,1920,usable
Duodenum_CEP85L_Female_62_3515.jpg,usable,3515,usable
Duodenum_CEP85L_Male_35_3219.jpg,usable,3219,usable
Duodenum_CEP85L_Male_55_1920.jpg,usable,1920,usable
Duodenum_CEP95_Female_62_3515.jpg,usable,3515,usable
Duodenum_CEP95_Female_67_3479.jpg,usable,3479,usable
Duodenum_CEP95_Male_55_1920.jpg,unusable,1920,unusable
Duodenum_CERKL_Female_62_3515.jpg,usable,3515,usable
Duodenum_CERKL_Male_35_3219.jpg,unusable,3219,unusable
Duodenum_CERKL_Male_55_1920.jpg,usable,1920,usable
Duodenum_CERT1_Female_62_3515.jpg,usable,3515,usable
Duodenum_CERT1_Female_67_3479.jpg,usable,3479,usable
Duodenum_CERT1_Male_35_3219.jpg,usable,3219,usable
Duodenum_CERT1_Male_55_1920.jpg,usable,1920,usable
Duodenum_CERT1_Male_59_1961.jpg,usable,1961,usable
Duodenum_CES1_Female_62_3515.jpg,usable,3515,usable
Duodenum_CES1_Female_67_3479.jpg,usable,3479,usable
Duodenum_CES1_Male_59_1961.jpg,unusable,1961,unusable
Duodenum_CES2_Female_62_3515.jpg,unusable,3515,unusable
Duodenum_CES2_Female_67_3479.jpg,usable,3479,usable
Duodenum_CES2_Male_59_1961.jpg,unusable,1961,unusable
Duodenum_CES3_Female_62_3515.jpg,usable,3515,usable
Duodenum_CES3_Female_67_3479.jpg,usable,3479,usable
Duodenum_CES3_Male_55_1920.jpg,usable,1920,usable
Duodenum_CFAP20_Male_54_2562.jpg,usable,2562,usable
Duodenum_CFL1_Male_35_3219.jpg,usable,3219,usable
Duodenum_CFL1_Male_55_1920.jpg,unusable,1920,unusable
Duodenum_CFLAR_Male_54_2562.jpg,usable,2562,usable
Duodenum_CGGBP1_Female_62_3515.jpg,usable,3515,usable
Duodenum_CGGBP1_Male_35_3219.jpg,usable,3219,usable
Duodenum_CGGBP1_Male_55_1920.jpg,usable,1920,usable
Duodenum_CGN_Male_54_2562.jpg,usable,2562,usable
Duodenum_CHADL_Male_54_2562.jpg,usable,2562,usable
Duodenum_CHAF1A_Male_54_2562.jpg,usable,2562,usable
Duodenum_CHAMP1_Male_54_2562.jpg,usable,2562,usable
Duodenum_CHAT_Female_61_3614.jpg,unusable,3614,unusable
Duodenum_CHAT_Female_62_3515.jpg,usable,3515,usable
Duodenum_CHAT_Female_67_3479.jpg,usable,3479,usable
Duodenum_CHAT_Male_59_1961.jpg,usable,1961,usable
Duodenum_CHCHD10_Male_66_2329.jpg,usable,2329,usable
Duodenum_CHCHD1_Female_62_3515.jpg,usable,3515,usable
Duodenum_CHCHD1_Male_35_3219.jpg,usable,3219,usable
Duodenum_CHCHD1_Male_55_1920.jpg,usable,1920,usable
Duodenum_CHCHD2_Female_62_3515.jpg,unusable,3515,unusable
Duodenum_CHCHD2_Female_67_3479.jpg,usable,3479,usable
Duodenum_CHCHD2_Male_35_3219.jpg,usable,3219,usable
Duodenum_CHCHD2_Male_59_1961.jpg,unusable,1961,unusable
Duodenum_CHCHD3_Female_62_3515.jpg,usable,3515,usable
Duodenum_CHCHD3_Female_67_3479.jpg,usable,3479,usable
Duodenum_CHCHD3_Male_55_1920.jpg,usable,1920,usable
Duodenum_CHCHD6_Female_62_3515.jpg,usable,3515,usable
Duodenum_CHCHD6_Male_35_3219.jpg,usable,3219,usable
Duodenum_CHCHD6_Male_54_2562.jpg,usable,2562,usable
Duodenum_CHD4_Male_54_2562.jpg,usable,2562,usable
Duodenum_CHGA_Female_43_148.jpg,unusable,148,unusable
Duodenum_CHGA_Female_77_195.jpg,usable,195,usable
Duodenum_CHGA_Male_63_1647.jpg,unusable,1647,unusable
Duodenum_CHGA_Male_70_582.jpg,unusable,582,unusable
Duodenum_CHGB_Female_62_3515.jpg,usable,3515,usable
Duodenum_CHGB_Female_67_3479.jpg,usable,3479,usable
Duodenum_CHGB_Male_59_1961.jpg,usable,1961,usable
Duodenum_CHID1_Female_62_3515.jpg,usable,3515,usable
Duodenum_CHID1_Male_35_3219.jpg,usable,3219,usable
Duodenum_CHID1_Male_55_1920.jpg,unusable,1920,unusable
Duodenum_CHMP1B_Female_62_3515.jpg,unusable,3515,unusable
Duodenum_CHMP1B_Female_67_3479.jpg,usable,3479,usable
Duodenum_CHMP1B_Male_59_1961.jpg,usable,1961,usable
Duodenum_CHMP2A_Male_54_2562.jpg,usable,2562,usable
Duodenum_CHMP3_Male_54_2562.jpg,usable,2562,usable
Duodenum_CHMP4A_Female_67_3479.jpg,usable,3479,usable
Duodenum_CHMP4A_Male_59_1961.jpg,usable,1961,usable
Duodenum_CHMP4B_Female_62_3515.jpg,usable,3515,usable
Duodenum_CHMP4B_Male_35_3219.jpg,usable,3219,usable
Duodenum_CHMP4B_Male_59_1961.jpg,unusable,1961,unusable
Duodenum_CHN2_Male_54_2562.jpg,usable,2562,usable
Duodenum_CHP2_Female_62_3515.jpg,usable,3515,usable
Duodenum_CHP2_Female_67_3479.jpg,usable,3479,usable
Duodenum_CHP2_Male_59_1961.jpg,unusable,1961,unusable
Duodenum_CHRDL2_Male_54_2562.jpg,usable,2562,usable
Duodenum_CHRM2_Female_62_3515.jpg,usable,3515,usable
Duodenum_CHRM2_Male_35_3219.jpg,usable,3219,usable
Duodenum_CHRM2_Male_55_1920.jpg,usable,1920,usable
Duodenum_CHRNA7_Female_62_3515.jpg,usable,3515,usable
Duodenum_CHRNA7_Male_35_3219.jpg,usable,3219,usable
Duodenum_CHRNA7_Male_55_1920.jpg,usable,1920,usable
Duodenum_CHST10_Male_54_2562.jpg,usable,2562,usable
Duodenum_CHST5_Female_62_3515.jpg,usable,3515,usable
Duodenum_CHST5_Female_67_3479.jpg,usable,3479,usable
Duodenum_CHST5_Male_55_1920.jpg,usable,1920,usable
Duodenum_CHTOP_Female_62_3515.jpg,usable,3515,usable
Duodenum_CHTOP_Male_35_3219.jpg,unusable,3219,unusable
Duodenum_CHUK_Male_66_2329.jpg,unusable,2329,unusable
Duodenum_CIAO1_Male_54_2562.jpg,usable,2562,usable
Duodenum_CIP2A_Female_62_3515.jpg,usable,3515,usable
Duodenum_CIP2A_Male_54_2562.jpg,usable,2562,usable
Duodenum_CIR1_Female_67_3479.jpg,usable,3479,usable
Duodenum_CIR1_Male_59_1961.jpg,usable,1961,usable
Duodenum_CISD1_Female_62_3515.jpg,usable,3515,usable
Duodenum_CISD1_Female_67_3479.jpg,usable,3479,usable
Duodenum_CISD1_Male_59_1961.jpg,usable,1961,usable
Duodenum_CISD3_Female_62_3515.jpg,usable,3515,usable
Duodenum_CISD3_Female_67_3479.jpg,usable,3479,usable
Duodenum_CISD3_Male_55_1920.jpg,unusable,1920,unusable
Duodenum_CISH_Female_62_3515.jpg,unusable,3515,unusable
Duodenum_CISH_Male_35_3219.jpg,unusable,3219,unusable
Duodenum_CISH_Male_55_1920.jpg,usable,1920,usable
Duodenum_CITED2_Female_53_3413.jpg,unusable,3413,unusable
Duodenum_CITED2_Female_67_3479.jpg,usable,3479,usable
Duodenum_CITED2_Male_59_1961.jpg,unusable,1961,unusable
Duodenum_CITED2_Male_66_2329.jpg,usable,2329,usable
Duodenum_CKAP2L_Female_62_3515.jpg,usable,3515,usable
Duodenum_CKAP2L_Male_35_3219.jpg,usable,3219,usable
Duodenum_CKAP2L_Male_55_1920.jpg,usable,1920,usable
Duodenum_CKAP4_Female_48_75.jpg,usable,75,usable
Duodenum_CKAP4_Female_77_195.jpg,usable,195,usable
Duodenum_CKAP4_Male_63_1647.jpg,unusable,1647,unusable
Duodenum_CKAP4_Male_70_582.jpg,usable,582,usable
Duodenum_CKAP4_Male_84_139.jpg,usable,139,usable
Duodenum_CKAP5_Female_62_3515.jpg,usable,3515,usable
Duodenum_CKAP5_Male_35_3219.jpg,usable,3219,usable
Duodenum_CKAP5_Male_55_1920.jpg,usable,1920,usable
Duodenum_CKMT1A_Female_62_3515.jpg,usable,3515,usable
Duodenum_CKMT1A_Female_67_3479.jpg,usable,3479,usable
Duodenum_CKMT1A_Male_55_1920.jpg,usable,1920,usable
Duodenum_CKMT1B_Female_62_3515.jpg,usable,3515,usable
Duodenum_CKMT1B_Female_67_3479.jpg,usable,3479,usable
Duodenum_CKMT1B_Male_55_1920.jpg,usable,1920,usable
Duodenum_CLASP1_Female_62_3515.jpg,usable,3515,usable
Duodenum_CLASP1_Female_67_3479.jpg,usable,3479,usable
Duodenum_CLCA1_Female_62_3515.jpg,usable,3515,usable
Duodenum_CLCA1_Female_67_3479.jpg,usable,3479,usable
Duodenum_CLCA1_Male_55_1920.jpg,usable,1920,usable
Duodenum_CLCA1_Male_59_1961.jpg,unusable,1961,unusable
Duodenum_CLCC1_Male_54_2562.jpg,usable,2562,usable
Duodenum_CLCN2_Male_54_2562.jpg,usable,2562,usable
Duodenum_CLCN7_Female_62_3515.jpg,unusable,3515,unusable
Duodenum_CLCN7_Male_35_3219.jpg,unusable,3219,unusable
Duodenum_CLCN7_Male_55_1920.jpg,usable,1920,usable
Duodenum_CLDN11_Male_54_2562.jpg,usable,2562,usable
Duodenum_CLDN3_Male_54_2562.jpg,usable,2562,usable
Duodenum_CLDN4_Male_66_2329.jpg,unusable,2329,unusable
Duodenum_CLDN7_Male_54_2562.jpg,usable,2562,usable
Duodenum_CLEC14A_Female_62_3515.jpg,usable,3515,usable
Duodenum_CLEC14A_Male_35_3219.jpg,usable,3219,usable
Duodenum_CLEC14A_Male_55_1920.jpg,usable,1920,usable
Duodenum_CLEC2D_Male_54_2562.jpg,usable,2562,usable
Duodenum_CLEC4C_Male_54_2562.jpg,usable,2562,usable
Duodenum_CLIC1_Female_62_3515.jpg,usable,3515,usable
Duodenum_CLIC1_Male_35_3219.jpg,usable,3219,usable
Duodenum_CLINT1_Female_62_3515.jpg,usable,3515,usable
Duodenum_CLINT1_Female_67_3479.jpg,usable,3479,usable
Duodenum_CLINT1_Male_55_1920.jpg,usable,1920,usable
Duodenum_CLINT1_Male_59_1961.jpg,usable,1961,usable
Duodenum_CLIP2_Male_54_2562.jpg,usable,2562,usable
Duodenum_CLN5_Female_62_3515.jpg,usable,3515,usable
Duodenum_CLN5_Female_67_3479.jpg,usable,3479,usable
Duodenum_CLN5_Male_55_1920.jpg,usable,1920,usable
Duodenum_CLPP_Male_54_2562.jpg,usable,2562,usable
Duodenum_CLPTM1_Female_61_3614.jpg,unusable,3614,unusable
Duodenum_CLPTM1_Female_62_3515.jpg,usable,3515,usable
Duodenum_CLPTM1_Female_67_3479.jpg,usable,3479,usable
Duodenum_CLPTM1_Male_59_1961.jpg,usable,1961,usable
Duodenum_CLSTN1_Male_59_1961.jpg,usable,1961,usable
Duodenum_CLSTN1_Male_66_2329.jpg,usable,2329,usable
Duodenum_CLTB_Male_66_2329.jpg,usable,2329,usable
Duodenum_CLUAP1_Female_62_3515.jpg,unusable,3515,unusable
Duodenum_CLUAP1_Male_35_3219.jpg,usable,3219,usable
Duodenum_CLUAP1_Male_55_1920.jpg,usable,1920,usable
Duodenum_CLU_Female_48_75.jpg,unusable,75,unusable
Duodenum_CLU_Female_77_195.jpg,usable,195,usable
Duodenum_CLU_Male_63_1647.jpg,unusable,1647,unusable
Duodenum_CLU_Male_73_64.jpg,usable,64,usable
Duodenum_CLU_Male_84_139.jpg,unusable,139,unusable
Duodenum_CLYBL_Female_62_3515.jpg,usable,3515,usable
Duodenum_CLYBL_Male_35_3219.jpg,unusable,3219,unusable
Duodenum_CLYBL_Male_55_1920.jpg,usable,1920,usable
Duodenum_CMAS_Female_62_3515.jpg,usable,3515,usable
Duodenum_CMAS_Male_35_3219.jpg,usable,3219,usable
Duodenum_CMAS_Male_55_1920.jpg,usable,1920,usable
Duodenum_CMIP_Female_62_3515.jpg,usable,3515,usable
Duodenum_CMIP_Female_67_3479.jpg,usable,3479,usable
Duodenum_CMIP_Male_59_1961.jpg,usable,1961,usable
Duodenum_CMPK1_Female_62_3515.jpg,unusable,3515,unusable
Duodenum_CMPK1_Female_67_3479.jpg,usable,3479,usable
Duodenum_CMPK1_Male_59_1961.jpg,usable,1961,usable
Duodenum_CMTM3_Female_62_3515.jpg,unusable,3515,unusable
Duodenum_CMTM3_Female_67_3479.jpg,usable,3479,usable
Duodenum_CMTM3_Male_59_1961.jpg,unusable,1961,unusable
Duodenum_CNDP2_Male_54_2562.jpg,usable,2562,usable
Duodenum_CNDP2_Male_55_1920.jpg,unusable,1920,unusable
Duodenum_CNIH1_Male_66_2329.jpg,usable,2329,usable
Duodenum_CNIH4_Female_62_3515.jpg,usable,3515,usable
Duodenum_CNIH4_Male_35_3219.jpg,usable,3219,usable
Duodenum_CNIH4_Male_55_1920.jpg,usable,1920,usable
Duodenum_CNN3_Female_67_3479.jpg,usable,3479,usable
Duodenum_CNNM3_Male_54_2562.jpg,usable,2562,usable
Duodenum_CNNM4_Male_54_2562.jpg,usable,2562,usable
Duodenum_CNOT11_Female_61_3614.jpg,unusable,3614,unusable
Duodenum_CNOT11_Female_67_3479.jpg,usable,3479,usable
Duodenum_CNOT11_Male_59_1961.jpg,unusable,1961,unusable
Duodenum_CNOT1_Female_62_3515.jpg,usable,3515,usable
Duodenum_CNOT1_Female_67_3479.jpg,usable,3479,usable
Duodenum_CNOT1_Male_35_3219.jpg,usable,3219,usable
Duodenum_CNOT1_Male_55_1920.jpg,usable,1920,usable
Duodenum_CNOT4_Male_54_2562.jpg,usable,2562,usable
Duodenum_CNOT8_Female_62_3515.jpg,usable,3515,usable
Duodenum_CNOT8_Female_67_3479.jpg,unusable,3479,unusable
Duodenum_CNOT8_Male_55_1920.jpg,usable,1920,usable
Duodenum_CNST_Female_53_3413.jpg,usable,3413,usable
Duodenum_CNST_Male_66_2329.jpg,usable,2329,usable
Duodenum_CNTROB_Male_54_2562.jpg,usable,2562,usable
Duodenum_COA3_Female_62_3515.jpg,usable,3515,usable
Duodenum_COA3_Male_35_3219.jpg,usable,3219,usable
Duodenum_COA3_Male_55_1920.jpg,usable,1920,usable
Duodenum_COBL_Male_54_2562.jpg,usable,2562,usable
Duodenum_COG3_Male_54_2562.jpg,usable,2562,usable
Duodenum_COG5_Male_54_2562.jpg,usable,2562,usable
Duodenum_COG6_Female_62_3515.jpg,usable,3515,usable
Duodenum_COG6_Male_35_3219.jpg,usable,3219,usable
Duodenum_COG6_Male_55_1920.jpg,unusable,1920,unusable
Duodenum_COG7_Female_62_3515.jpg,usable,3515,usable
Duodenum_COG7_Female_67_3479.jpg,usable,3479,usable
Duodenum_COG7_Male_55_1920.jpg,usable,1920,usable
Duodenum_COL18A1_Female_61_3614.jpg,unusable,3614,unusable
Duodenum_COL18A1_Female_62_3515.jpg,usable,3515,usable
Duodenum_COL18A1_Female_67_3479.jpg,usable,3479,usable
Duodenum_COL18A1_Male_59_1961.jpg,usable,1961,usable
Duodenum_COL27A1_Female_62_3515.jpg,usable,3515,usable
Duodenum_COL27A1_Female_67_3479.jpg,usable,3479,usable
Duodenum_COL27A1_Male_55_1920.jpg,usable,1920,usable
Duodenum_COL5A3_Female_62_3515.jpg,usable,3515,usable
Duodenum_COL5A3_Female_67_3479.jpg,usable,3479,usable
Duodenum_COL5A3_Male_55_1920.jpg,usable,1920,usable
Duodenum_COMMD2_Female_62_3515.jpg,usable,3515,usable
Duodenum_COMMD2_Male_35_3219.jpg,usable,3219,usable
Duodenum_COMMD2_Male_55_1920.jpg,usable,1920,usable
Duodenum_COMMD9_Male_54_2562.jpg,usable,2562,usable
Duodenum_COMTD1_Female_62_3515.jpg,usable,3515,usable
Duodenum_COMTD1_Female_67_3479.jpg,usable,3479,usable
Duodenum_COMTD1_Male_55_1920.jpg,usable,1920,usable
Duodenum_COPA_Female_62_3515.jpg,usable,3515,usable
Duodenum_COPA_Male_54_2562.jpg,usable,2562,usable
Duodenum_COPB1_Male_54_2562.jpg,unusable,2562,unusable
Duodenum_COPB1_Male_55_1920.jpg,usable,1920,usable
Duodenum_COPE_Female_62_3515.jpg,usable,3515,usable
Duodenum_COPE_Male_35_3219.jpg,usable,3219,usable
Duodenum_COPE_Male_55_1920.jpg,usable,1920,usable
Duodenum_COPG1_Female_62_3515.jpg,usable,3515,usable
Duodenum_COPG1_Male_35_3219.jpg,usable,3219,usable
Duodenum_COPG1_Male_55_1920.jpg,usable,1920,usable
Duodenum_COPG2_Female_62_3515.jpg,usable,3515,usable
Duodenum_COPG2_Female_67_3479.jpg,usable,3479,usable
Duodenum_COPG2_Male_55_1920.jpg,usable,1920,usable
Duodenum_COPS4_Female_62_3515.jpg,unusable,3515,unusable
Duodenum_COPS4_Female_67_3479.jpg,unusable,3479,unusable
Duodenum_COPS4_Male_35_3219.jpg,unusable,3219,unusable
Duodenum_COPS4_Male_55_1920.jpg,unusable,1920,unusable
Duodenum_COPS4_Male_59_1961.jpg,usable,1961,usable
Duodenum_COPS5_Male_66_2329.jpg,usable,2329,usable
Duodenum_COPS9_Female_62_3515.jpg,usable,3515,usable
Duodenum_COPS9_Female_67_3479.jpg,usable,3479,usable
Duodenum_COPS9_Male_55_1920.jpg,usable,1920,usable
Duodenum_COQ10B_Female_62_3515.jpg,usable,3515,usable
Duodenum_COQ10B_Female_67_3479.jpg,unusable,3479,unusable
Duodenum_COQ10B_Male_55_1920.jpg,usable,1920,usable
Duodenum_COQ3_Female_62_3515.jpg,usable,3515,usable
Duodenum_COQ3_Male_35_3219.jpg,usable,3219,usable
Duodenum_COQ3_Male_55_1920.jpg,usable,1920,usable
Duodenum_COQ4_Female_62_3515.jpg,usable,3515,usable
Duodenum_COQ4_Female_67_3479.jpg,usable,3479,usable
Duodenum_COQ4_Male_55_1920.jpg,usable,1920,usable
Duodenum_COQ6_Female_62_3515.jpg,unusable,3515,unusable
Duodenum_COQ6_Female_67_3479.jpg,unusable,3479,unusable
Duodenum_COQ6_Male_55_1920.jpg,usable,1920,usable
Duodenum_COQ7_Female_62_3515.jpg,usable,3515,usable
Duodenum_COQ7_Female_67_3479.jpg,usable,3479,usable
Duodenum_COQ7_Male_59_1961.jpg,usable,1961,usable
Duodenum_COQ8B_Female_62_3515.jpg,unusable,3515,unusable
Duodenum_COQ8B_Male_35_3219.jpg,usable,3219,usable
Duodenum_COQ8B_Male_54_2562.jpg,unusable,2562,unusable
Duodenum_COQ9_Female_62_3515.jpg,usable,3515,usable
Duodenum_COQ9_Male_35_3219.jpg,usable,3219,usable
Duodenum_COQ9_Male_55_1920.jpg,usable,1920,usable
Duodenum_CORO1C_Female_62_3515.jpg,usable,3515,usable
Duodenum_CORO1C_Male_35_3219.jpg,unusable,3219,unusable
Duodenum_CORO1C_Male_55_1920.jpg,usable,1920,usable
Duodenum_CORO2A_Female_62_3515.jpg,usable,3515,usable
Duodenum_CORO2A_Male_35_3219.jpg,usable,3219,usable
Duodenum_CORO2A_Male_55_1920.jpg,usable,1920,usable
Duodenum_CORO7_Female_62_3515.jpg,usable,3515,usable
Duodenum_CORO7_Female_67_3479.jpg,usable,3479,usable
Duodenum_CORO7_Male_35_3219.jpg,usable,3219,usable
Duodenum_CORO7_Male_55_1920.jpg,usable,1920,usable
Duodenum_COX11_Female_62_3515.jpg,usable,3515,usable
Duodenum_COX11_Female_67_3479.jpg,unusable,3479,unusable
Duodenum_COX11_Male_55_1920.jpg,usable,1920,usable
Duodenum_COX17_Female_62_3515.jpg,usable,3515,usable
Duodenum_COX17_Female_67_3479.jpg,usable,3479,usable
Duodenum_COX17_Male_35_3219.jpg,usable,3219,usable
Duodenum_COX17_Male_55_1920.jpg,usable,1920,usable
Duodenum_COX4I1_Male_66_2329.jpg,unusable,2329,unusable
Duodenum_COX5A_Female_62_3515.jpg,usable,3515,usable
Duodenum_COX5A_Male_35_3219.jpg,usable,3219,usable
Duodenum_COX5A_Male_54_2562.jpg,unusable,2562,unusable
Duodenum_COX5B_Female_62_3515.jpg,usable,3515,usable
Duodenum_COX5B_Male_35_3219.jpg,usable,3219,usable
Duodenum_COX5B_Male_55_1920.jpg,usable,1920,usable
Duodenum_COX6A1_Female_62_3515.jpg,unusable,3515,unusable
Duodenum_COX6A1_Female_67_3479.jpg,usable,3479,usable
Duodenum_COX6A1_Male_59_1961.jpg,usable,1961,usable
Duodenum_COX6B1_Female_53_3413.jpg,usable,3413,usable
Duodenum_COX6B1_Male_66_2329.jpg,usable,2329,usable
Duodenum_COX6C_Female_62_3515.jpg,usable,3515,usable
Duodenum_COX6C_Male_35_3219.jpg,usable,3219,usable
Duodenum_COX6C_Male_54_2562.jpg,usable,2562,usable
Duodenum_COX6C_Male_55_1920.jpg,usable,1920,usable
Duodenum_COX7C_Female_62_3515.jpg,usable,3515,usable
Duodenum_COX7C_Female_67_3479.jpg,usable,3479,usable
Duodenum_COX7C_Male_55_1920.jpg,usable,1920,usable
Duodenum_CPE_Male_54_2562.jpg,usable,2562,usable
Duodenum_CPLANE1_Female_62_3515.jpg,usable,3515,usable
Duodenum_CPLANE1_Male_35_3219.jpg,usable,3219,usable
Duodenum_CPLANE1_Male_55_1920.jpg,usable,1920,usable
Duodenum_CPNE3_Female_62_3515.jpg,unusable,3515,unusable
Duodenum_CPNE3_Male_54_2562.jpg,unusable,2562,unusable
Duodenum_CPNE5_Female_62_3515.jpg,usable,3515,usable
Duodenum_CPNE5_Male_35_3219.jpg,usable,3219,usable
Duodenum_CPNE5_Male_55_1920.jpg,usable,1920,usable
Duodenum_CPNE6_Female_61_3614.jpg,unusable,3614,unusable
Duodenum_CPNE6_Female_62_3515.jpg,unusable,3515,unusable
Duodenum_CPNE6_Female_67_3479.jpg,usable,3479,usable
Duodenum_CPNE6_Male_59_1961.jpg,usable,1961,usable
Duodenum_CPS1_Male_66_2329.jpg,unusable,2329,unusable
Duodenum_CPSF2_Female_62_3515.jpg,usable,3515,usable
Duodenum_CPSF2_Male_54_2562.jpg,unusable,2562,unusable
Duodenum_CPSF3_Female_62_3515.jpg,usable,3515,usable
Duodenum_CPSF3_Male_35_3219.jpg,usable,3219,usable
Duodenum_CPSF3_Male_55_1920.jpg,usable,1920,usable
Duodenum_CPSF6_Female_62_3515.jpg,usable,3515,usable
Duodenum_CPSF6_Male_54_2562.jpg,usable,2562,usable
Duodenum_CPSF7_Female_62_3515.jpg,usable,3515,usable
Duodenum_CPSF7_Male_35_3219.jpg,usable,3219,usable
Duodenum_CPSF7_Male_55_1920.jpg,usable,1920,usable
Duodenum_CPT1A_Male_54_2562.jpg,usable,2562,usable
Duodenum_CRACD_Female_62_3515.jpg,usable,3515,usable
Duodenum_CRACD_Female_67_3479.jpg,usable,3479,usable
Duodenum_CRACD_Male_54_2562.jpg,usable,2562,usable
Duodenum_CRACD_Male_55_1920.jpg,usable,1920,usable
Duodenum_CRACR2B_Female_62_3515.jpg,usable,3515,usable
Duodenum_CRACR2B_Male_35_3219.jpg,usable,3219,usable
Duodenum_CRBN_Female_62_3515.jpg,usable,3515,usable
Duodenum_CRBN_Male_35_3219.jpg,unusable,3219,unusable
Duodenum_CRBN_Male_55_1920.jpg,unusable,1920,unusable
Duodenum_CREB1_Male_66_2329.jpg,usable,2329,usable
Duodenum_CREB3L1_Male_54_2562.jpg,usable,2562,usable
Duodenum_CREBBP_Male_66_2329.jpg,usable,2329,usable
Duodenum_CREBL2_Female_62_3515.jpg,usable,3515,usable
Duodenum_CREBL2_Male_35_3219.jpg,usable,3219,usable
Duodenum_CREBL2_Male_55_1920.jpg,usable,1920,usable
Duodenum_CRIP1_Male_54_2562.jpg,unusable,2562,unusable
Duodenum_CRISPLD1_Male_54_2562.jpg,usable,2562,usable
Duodenum_CRKL_Male_66_2329.jpg,unusable,2329,unusable
Duodenum_CRK_Male_54_2562.jpg,usable,2562,usable
Duodenum_CROT_Male_54_2562.jpg,usable,2562,usable
Duodenum_CRTAP_Female_62_3515.jpg,usable,3515,usable
Duodenum_CRTAP_Male_35_3219.jpg,usable,3219,usable
Duodenum_CRTAP_Male_55_1920.jpg,usable,1920,usable
Duodenum_CRY1_Male_54_2562.jpg,usable,2562,usable
Duodenum_CRY2_Female_62_3515.jpg,usable,3515,usable
Duodenum_CRY2_Male_35_3219.jpg,usable,3219,usable
Duodenum_CRY2_Male_55_1920.jpg,usable,1920,usable
Duodenum_CRYBG1_Male_54_2562.jpg,usable,2562,usable
Duodenum_CRYL1_Female_62_3515.jpg,unusable,3515,unusable
Duodenum_CRYL1_Male_35_3219.jpg,usable,3219,usable
Duodenum_CRYL1_Male_55_1920.jpg,usable,1920,usable
Duodenum_CRYZL1_Male_54_2562.jpg,usable,2562,usable
Duodenum_CSDC2_Male_66_2329.jpg,usable,2329,usable
Duodenum_CSPG4_Male_66_2329.jpg,usable,2329,usable
Duodenum_CSRNP2_Male_54_2562.jpg,usable,2562,usable
Duodenum_CSRP1_Female_62_3515.jpg,usable,3515,usable
Duodenum_CSRP1_Female_67_3479.jpg,usable,3479,usable
Duodenum_CSRP1_Male_55_1920.jpg,usable,1920,usable
Duodenum_CSRP2_Female_62_3515.jpg,usable,3515,usable
Duodenum_CSRP2_Female_67_3479.jpg,usable,3479,usable
Duodenum_CSRP2_Male_55_1920.jpg,usable,1920,usable
Duodenum_CSTF3_Female_62_3515.jpg,unusable,3515,unusable
Duodenum_CSTF3_Male_35_3219.jpg,usable,3219,usable
Duodenum_CSTF3_Male_55_1920.jpg,usable,1920,usable
Duodenum_CSTPP1_Female_62_3515.jpg,usable,3515,usable
Duodenum_CSTPP1_Male_35_3219.jpg,usable,3219,usable
Duodenum_CSTPP1_Male_55_1920.jpg,usable,1920,usable
Duodenum_CS_Female_62_3515.jpg,usable,3515,usable
Duodenum_CS_Male_35_3219.jpg,usable,3219,usable
Duodenum_CTCF_Female_53_3413.jpg,usable,3413,usable
Duodenum_CTCF_Male_66_2329.jpg,unusable,2329,unusable
Duodenum_CTHRC1_Female_62_3515.jpg,usable,3515,usable
Duodenum_CTHRC1_Female_67_3479.jpg,usable,3479,usable
Duodenum_CTHRC1_Male_59_1961.jpg,usable,1961,usable
Duodenum_CTNNA1_Male_54_2562.jpg,usable,2562,usable
Duodenum_CTNNA1_Male_55_1920.jpg,usable,1920,usable
Duodenum_CTNNB1_Male_66_2329.jpg,unusable,2329,unusable
Duodenum_CTNNBIP1_Female_62_3515.jpg,usable,3515,usable
Duodenum_CTNNBIP1_Female_67_3479.jpg,usable,3479,usable
Duodenum_CTNNBIP1_Male_59_1961.jpg,usable,1961,usable
Duodenum_CTPS2_Male_54_2562.jpg,usable,2562,usable
Duodenum_CTSA_Male_54_2562.jpg,usable,2562,usable
Duodenum_CTSA_Male_55_1920.jpg,usable,1920,usable
Duodenum_CTSB_Female_48_75.jpg,unusable,75,unusable
Duodenum_CTSB_Female_77_195.jpg,usable,195,usable
Duodenum_CTSB_Male_63_1647.jpg,usable,1647,usable
Duodenum_CTSB_Male_73_64.jpg,unusable,64,unusable
Duodenum_CTSH_Female_75_1098.jpg,usable,1098,usable
Duodenum_CTSH_Male_63_1647.jpg,usable,1647,usable
Duodenum_CTSH_Male_79_2650.jpg,usable,2650,usable
Duodenum_CTSH_Male_84_139.jpg,usable,139,usable
Duodenum_CTSS_Female_75_1098.jpg,usable,1098,usable
Duodenum_CTSS_Male_73_1420.jpg,unusable,1420,unusable
Duodenum_CTSS_Male_79_2650.jpg,unusable,2650,unusable
Duodenum_CTSS_Male_84_139.jpg,unusable,139,unusable
Duodenum_CTSZ_Male_54_2562.jpg,usable,2562,usable
Duodenum_CTSZ_Male_59_1961.jpg,usable,1961,usable
Duodenum_CTTNBP2NL_Male_54_2562.jpg,usable,2562,usable
Duodenum_CWC22_Female_62_3515.jpg,usable,3515,usable
Duodenum_CWC22_Male_35_3219.jpg,usable,3219,usable
Duodenum_CWC22_Male_55_1920.jpg,usable,1920,usable
Duodenum_CWC25_Male_54_2562.jpg,usable,2562,usable
Duodenum_CWF19L1_Male_54_2562.jpg,usable,2562,usable
Duodenum_CXXC1_Female_62_3515.jpg,usable,3515,usable
Duodenum_CXXC1_Male_35_3219.jpg,usable,3219,usable
Duodenum_CYB561D2_Female_61_3614.jpg,unusable,3614,unusable
Duodenum_CYB561D2_Female_67_3479.jpg,usable,3479,usable
Duodenum_CYB5B_Female_62_3515.jpg,usable,3515,usable
Duodenum_CYB5B_Female_67_3479.jpg,unusable,3479,unusable
Duodenum_CYB5B_Male_59_1961.jpg,unusable,1961,unusable
Duodenum_CYB5RL_Female_62_3515.jpg,unusable,3515,unusable
Duodenum_CYB5RL_Female_67_3479.jpg,unusable,3479,unusable
Duodenum_CYB5RL_Male_55_1920.jpg,usable,1920,usable
Duodenum_CYBRD1_Male_54_2562.jpg,usable,2562,usable
Duodenum_CYCS_Female_53_3413.jpg,usable,3413,usable
Duodenum_CYCS_Male_66_2329.jpg,usable,2329,usable
Duodenum_CYP20A1_Female_62_3515.jpg,usable,3515,usable
Duodenum_CYP20A1_Female_67_3479.jpg,usable,3479,usable
Duodenum_CYP20A1_Male_55_1920.jpg,usable,1920,usable
Duodenum_CYP27A1_Female_62_3515.jpg,unusable,3515,unusable
Duodenum_CYP27A1_Female_67_3479.jpg,usable,3479,usable
Duodenum_CYP27A1_Male_59_1961.jpg,usable,1961,usable
Duodenum_CYP2R1_Female_62_3515.jpg,unusable,3515,unusable
Duodenum_CYP2R1_Female_67_3479.jpg,unusable,3479,unusable
Duodenum_CYP2R1_Male_55_1920.jpg,unusable,1920,unusable
Duodenum_CYP2S1_Female_62_3515.jpg,usable,3515,usable
Duodenum_CYP2S1_Female_67_3479.jpg,usable,3479,usable
Duodenum_CYP2S1_Male_59_1961.jpg,usable,1961,usable
Duodenum_CYP2U1_Female_62_3515.jpg,usable,3515,usable
Duodenum_CYP2U1_Male_35_3219.jpg,usable,3219,usable
Duodenum_CYP2U1_Male_55_1920.jpg,usable,1920,usable
Duodenum_CYP3A4_Male_54_2562.jpg,usable,2562,usable
Duodenum_CYP4F11_Male_54_2562.jpg,usable,2562,usable
Duodenum_CYP4F12_Female_62_3515.jpg,usable,3515,usable
Duodenum_CYP4F12_Female_67_3479.jpg,usable,3479,usable
Duodenum_CYP4F22_Female_62_3515.jpg,usable,3515,usable
Duodenum_CYP4F22_Female_67_3479.jpg,usable,3479,usable
Duodenum_CYP4F2_Male_54_2562.jpg,unusable,2562,unusable
Duodenum_CYP4F3_Female_62_3515.jpg,usable,3515,usable
Duodenum_CYP4F3_Female_67_3479.jpg,usable,3479,usable
Duodenum_CYP4F8_Female_62_3515.jpg,usable,3515,usable
Duodenum_CYP4F8_Female_67_3479.jpg,usable,3479,usable
Duodenum_CYP7B1_Male_54_2562.jpg,usable,2562,usable
Duodenum_CYSLTR2_Female_62_3515.jpg,unusable,3515,unusable
Duodenum_CYSLTR2_Male_35_3219.jpg,usable,3219,usable
Duodenum_CYSLTR2_Male_54_2562.jpg,usable,2562,usable
Duodenum_CYTH4_Female_62_3515.jpg,usable,3515,usable
Duodenum_CYTH4_Female_67_3479.jpg,usable,3479,usable
Duodenum_CYTH4_Male_59_1961.jpg,usable,1961,usable
Duodenum_DAB1_Female_62_3515.jpg,usable,3515,usable
Duodenum_DAB1_Female_67_3479.jpg,usable,3479,usable
Duodenum_DAB1_Male_35_3219.jpg,usable,3219,usable
Duodenum_DAB1_Male_55_1920.jpg,usable,1920,usable
Duodenum_DAB1_Male_59_1961.jpg,usable,1961,usable
Duodenum_DACH1_Male_54_2562.jpg,usable,2562,usable
Duodenum_DAD1_Female_62_3515.jpg,usable,3515,usable
Duodenum_DAD1_Male_35_3219.jpg,usable,3219,usable
Duodenum_DAD1_Male_55_1920.jpg,unusable,1920,unusable
Duodenum_DALRD3_Male_35_3219.jpg,usable,3219,usable
Duodenum_DALRD3_Male_55_1920.jpg,usable,1920,usable
Duodenum_DAP3_Male_54_2562.jpg,usable,2562,usable
Duodenum_DARS2_Male_54_2562.jpg,unusable,2562,unusable
Duodenum_DAZAP1_Male_54_2562.jpg,usable,2562,usable
Duodenum_DCAF11_Female_62_3515.jpg,usable,3515,usable
Duodenum_DCAF11_Male_35_3219.jpg,usable,3219,usable
Duodenum_DCAF11_Male_55_1920.jpg,unusable,1920,unusable
Duodenum_DCAF13_Female_62_3515.jpg,usable,3515,usable
Duodenum_DCAF13_Female_67_3479.jpg,usable,3479,usable
Duodenum_DCAF13_Male_55_1920.jpg,usable,1920,usable
Duodenum_DCAF5_Female_62_3515.jpg,usable,3515,usable
Duodenum_DCAF5_Female_67_3479.jpg,unusable,3479,unusable
Duodenum_DCAF5_Male_55_1920.jpg,usable,1920,usable
Duodenum_DCHS1_Female_62_3515.jpg,usable,3515,usable
Duodenum_DCHS1_Female_67_3479.jpg,unusable,3479,unusable
Duodenum_DCHS1_Male_55_1920.jpg,unusable,1920,unusable
Duodenum_DCLK1_Male_54_2562.jpg,usable,2562,usable
Duodenum_DCLK2_Female_62_3515.jpg,usable,3515,usable
Duodenum_DCLK2_Female_67_3479.jpg,usable,3479,usable
Duodenum_DCP1B_Female_62_3515.jpg,usable,3515,usable
Duodenum_DCP1B_Male_35_3219.jpg,usable,3219,usable
Duodenum_DCP1B_Male_55_1920.jpg,usable,1920,usable
Duodenum_DCTD_Female_62_3515.jpg,usable,3515,usable
Duodenum_DCTD_Male_35_3219.jpg,usable,3219,usable
Duodenum_DCTD_Male_55_1920.jpg,usable,1920,usable
Duodenum_DCTN2_Female_62_3515.jpg,usable,3515,usable
Duodenum_DCTN2_Female_67_3479.jpg,usable,3479,usable
Duodenum_DCTN2_Male_55_1920.jpg,usable,1920,usable
Duodenum_DCTN4_Male_54_2562.jpg,usable,2562,usable
Duodenum_DCTN6_Female_62_3515.jpg,usable,3515,usable
Duodenum_DCTN6_Male_54_2562.jpg,usable,2562,usable
Duodenum_DCUN1D1_Female_62_3515.jpg,usable,3515,usable
Duodenum_DCUN1D1_Male_35_3219.jpg,usable,3219,usable
Duodenum_DCUN1D1_Male_55_1920.jpg,usable,1920,usable
Duodenum_DDC_Female_62_3515.jpg,usable,3515,usable
Duodenum_DDC_Female_67_3479.jpg,usable,3479,usable
Duodenum_DDC_Male_59_1961.jpg,usable,1961,usable
Duodenum_DDHD2_Male_54_2562.jpg,usable,2562,usable
Duodenum_DDIT4_Female_62_3515.jpg,usable,3515,usable
Duodenum_DDIT4_Male_35_3219.jpg,usable,3219,usable
Duodenum_DDIT4_Male_54_2562.jpg,usable,2562,usable
Duodenum_DDOST_Male_54_2562.jpg,usable,2562,usable
Duodenum_DDR1_Male_54_2562.jpg,unusable,2562,unusable
Duodenum_DDX19B_Female_62_3515.jpg,usable,3515,usable
Duodenum_DDX19B_Male_35_3219.jpg,usable,3219,usable
Duodenum_DDX19B_Male_55_1920.jpg,usable,1920,usable
Duodenum_DDX1_Male_54_2562.jpg,usable,2562,usable
Duodenum_DDX27_Female_62_3515.jpg,usable,3515,usable
Duodenum_DDX27_Male_35_3219.jpg,usable,3219,usable
Duodenum_DDX27_Male_55_1920.jpg,usable,1920,usable
Duodenum_DDX28_Female_62_3515.jpg,usable,3515,usable
Duodenum_DDX28_Female_67_3479.jpg,usable,3479,usable
Duodenum_DDX28_Male_55_1920.jpg,unusable,1920,unusable
Duodenum_DDX41_Male_54_2562.jpg,usable,2562,usable
Duodenum_DDX49_Female_62_3515.jpg,usable,3515,usable
Duodenum_DDX49_Female_67_3479.jpg,usable,3479,usable
Duodenum_DDX49_Male_54_2562.jpg,usable,2562,usable
Duodenum_DDX49_Male_55_1920.jpg,usable,1920,usable
Duodenum_DDX5_Female_53_3413.jpg,unusable,3413,unusable
Duodenum_DDX5_Male_66_2329.jpg,usable,2329,usable
Duodenum_DDX60_Female_62_3515.jpg,usable,3515,usable
Duodenum_DDX60_Female_67_3479.jpg,usable,3479,usable
Duodenum_DDX60_Male_55_1920.jpg,usable,1920,usable
Duodenum_DEAF1_Female_62_3515.jpg,usable,3515,usable
Duodenum_DECR1_Male_54_2562.jpg,usable,2562,usable
Duodenum_DEDD_Female_62_3515.jpg,usable,3515,usable
Duodenum_DEDD_Female_67_3479.jpg,usable,3479,usable
Duodenum_DEF8_Female_62_3515.jpg,usable,3515,usable
Duodenum_DEF8_Female_67_3479.jpg,usable,3479,usable
Duodenum_DEF8_Male_55_1920.jpg,usable,1920,usable
Duodenum_DEFA5_Female_62_3515.jpg,unusable,3515,unusable
Duodenum_DEFA5_Female_67_3479.jpg,usable,3479,usable
Duodenum_DEFA5_Male_59_1961.jpg,usable,1961,usable
Duodenum_DEFA6_Female_62_3515.jpg,unusable,3515,unusable
Duodenum_DEFA6_Female_67_3479.jpg,usable,3479,usable
Duodenum_DEFA6_Male_59_1961.jpg,usable,1961,usable
Duodenum_DELE1_Female_62_3515.jpg,unusable,3515,unusable
Duodenum_DELE1_Male_35_3219.jpg,unusable,3219,unusable
Duodenum_DELE1_Male_55_1920.jpg,usable,1920,usable
Duodenum_DENND11_Female_62_3515.jpg,usable,3515,usable
Duodenum_DENND11_Male_54_2562.jpg,unusable,2562,unusable
Duodenum_DENND1B_Male_54_2562.jpg,usable,2562,usable
Duodenum_DENND2B_Female_62_3515.jpg,usable,3515,usable
Duodenum_DENND2B_Male_35_3219.jpg,usable,3219,usable
Duodenum_DENND2B_Male_55_1920.jpg,unusable,1920,unusable
Duodenum_DENND2D_Female_62_3515.jpg,usable,3515,usable
Duodenum_DENND2D_Male_35_3219.jpg,usable,3219,usable
Duodenum_DENND4B_Female_62_3515.jpg,usable,3515,usable
Duodenum_DENND4B_Female_67_3479.jpg,usable,3479,usable
Duodenum_DENND4B_Male_59_1961.jpg,usable,1961,usable
Duodenum_DENND4C_Male_54_2562.jpg,usable,2562,usable
Duodenum_DENND6A_Female_62_3515.jpg,usable,3515,usable
Duodenum_DENND6A_Female_67_3479.jpg,usable,3479,usable
Duodenum_DENND6A_Male_59_1961.jpg,usable,1961,usable
Duodenum_DERL1_Female_62_3515.jpg,usable,3515,usable
Duodenum_DERL1_Male_54_2562.jpg,usable,2562,usable
Duodenum_DERL3_Female_62_3515.jpg,usable,3515,usable
Duodenum_DERL3_Male_35_3219.jpg,usable,3219,usable
Duodenum_DERL3_Male_55_1920.jpg,usable,1920,usable
Duodenum_DEXI_Female_62_3515.jpg,usable,3515,usable
Duodenum_DEXI_Male_35_3219.jpg,unusable,3219,unusable
Duodenum_DEXI_Male_55_1920.jpg,usable,1920,usable
Duodenum_DGAT1_Female_62_3515.jpg,usable,3515,usable
Duodenum_DGAT1_Male_35_3219.jpg,usable,3219,usable
Duodenum_DGAT1_Male_55_1920.jpg,usable,1920,usable
Duodenum_DGKH_Female_62_3515.jpg,usable,3515,usable
Duodenum_DGKH_Male_35_3219.jpg,usable,3219,usable
Duodenum_DGKH_Male_55_1920.jpg,usable,1920,usable
Duodenum_DGLUCY_Female_62_3515.jpg,usable,3515,usable
Duodenum_DGLUCY_Male_35_3219.jpg,usable,3219,usable
Duodenum_DGLUCY_Male_55_1920.jpg,usable,1920,usable
Duodenum_DHDDS_Female_62_3515.jpg,usable,3515,usable
Duodenum_DHDDS_Male_35_3219.jpg,usable,3219,usable
Duodenum_DHDDS_Male_54_2562.jpg,usable,2562,usable
Duodenum_DHDH_Female_62_3515.jpg,usable,3515,usable
Duodenum_DHDH_Female_67_3479.jpg,usable,3479,usable
Duodenum_DHFR_Female_62_3515.jpg,usable,3515,usable
Duodenum_DHFR_Female_67_3479.jpg,unusable,3479,unusable
Duodenum_DHFR_Male_35_3219.jpg,usable,3219,usable
Duodenum_DHFR_Male_55_1920.jpg,usable,1920,usable
Duodenum_DHODH_Male_54_2562.jpg,usable,2562,usable
Duodenum_DHRS11_Female_62_3515.jpg,usable,3515,usable
Duodenum_DHRS11_Female_67_3479.jpg,usable,3479,usable
Duodenum_DHRS11_Male_35_3219.jpg,usable,3219,usable
Duodenum_DHRS11_Male_55_1920.jpg,usable,1920,usable
Duodenum_DHRS12_Female_62_3515.jpg,usable,3515,usable
Duodenum_DHRS12_Female_67_3479.jpg,usable,3479,usable
Duodenum_DHRS12_Male_55_1920.jpg,usable,1920,usable
Duodenum_DHRS12_Male_59_1961.jpg,usable,1961,usable
Duodenum_DHRS1_Female_48_75.jpg,usable,75,usable
Duodenum_DHRS1_Female_77_195.jpg,usable,195,usable
Duodenum_DHRS1_Male_63_1647.jpg,unusable,1647,unusable
Duodenum_DHRS1_Male_73_64.jpg,usable,64,usable
Duodenum_DHRS1_Male_84_139.jpg,unusable,139,unusable
Duodenum_DHRS3_Male_54_2562.jpg,usable,2562,usable
Duodenum_DHRS7B_Male_54_2562.jpg,unusable,2562,unusable
Duodenum_DHRS7_Female_61_3614.jpg,unusable,3614,unusable
Duodenum_DHRS7_Female_62_3515.jpg,usable,3515,usable
Duodenum_DHRS7_Male_35_3219.jpg,usable,3219,usable
Duodenum_DHRS7_Male_55_1920.jpg,usable,1920,usable
Duodenum_DHRS7_Male_59_1961.jpg,usable,1961,usable
Duodenum_DHX16_Female_62_3515.jpg,usable,3515,usable
Duodenum_DHX16_Female_67_3479.jpg,usable,3479,usable
Duodenum_DHX16_Male_55_1920.jpg,usable,1920,usable
Duodenum_DHX29_Male_35_3219.jpg,unusable,3219,unusable
Duodenum_DHX29_Male_55_1920.jpg,usable,1920,usable
Duodenum_DHX38_Female_62_3515.jpg,usable,3515,usable
Duodenum_DHX38_Female_67_3479.jpg,usable,3479,usable
Duodenum_DHX38_Male_55_1920.jpg,unusable,1920,unusable
Duodenum_DHX58_Male_54_2562.jpg,usable,2562,usable
Duodenum_DHX9_Male_54_2562.jpg,unusable,2562,unusable
Duodenum_DIAPH2_Female_53_3413.jpg,usable,3413,usable
Duodenum_DIAPH2_Male_66_2329.jpg,usable,2329,usable
Duodenum_DIDO1_Male_66_2329.jpg,usable,2329,usable
Duodenum_DIP2B_Female_62_3515.jpg,usable,3515,usable
Duodenum_DIP2B_Female_67_3479.jpg,usable,3479,usable
Duodenum_DIP2B_Male_35_3219.jpg,usable,3219,usable
Duodenum_DIP2B_Male_55_1920.jpg,usable,1920,usable
Duodenum_DIP2B_Male_59_1961.jpg,usable,1961,usable
Duodenum_DIPK1A_Male_54_2562.jpg,usable,2562,usable
Duodenum_DIPK2A_Female_62_3515.jpg,usable,3515,usable
Duodenum_DIPK2A_Female_67_3479.jpg,usable,3479,usable
Duodenum_DIPK2A_Male_55_1920.jpg,usable,1920,usable
Duodenum_DIS3_Female_62_3515.jpg,unusable,3515,unusable
Duodenum_DIS3_Female_67_3479.jpg,usable,3479,usable
Duodenum_DIS3_Male_55_1920.jpg,unusable,1920,unusable
Duodenum_DKC1_Female_43_148.jpg,unusable,148,unusable
Duodenum_DKC1_Female_77_195.jpg,usable,195,usable
Duodenum_DKC1_Male_63_1647.jpg,unusable,1647,unusable
Duodenum_DLD_Male_54_2562.jpg,usable,2562,usable
Duodenum_DLG1_Male_54_2562.jpg,unusable,2562,unusable
Duodenum_DLGAP4_Female_62_3515.jpg,usable,3515,usable
Duodenum_DLGAP4_Female_67_3479.jpg,usable,3479,usable
Duodenum_DLGAP4_Male_55_1920.jpg,usable,1920,usable
Duodenum_DLL4_Male_54_2562.jpg,usable,2562,usable
Duodenum_DMBT1_Female_62_3515.jpg,usable,3515,usable
Duodenum_DMBT1_Female_67_3479.jpg,usable,3479,usable
Duodenum_DMWD_Female_62_3515.jpg,usable,3515,usable
Duodenum_DMWD_Female_67_3479.jpg,usable,3479,usable
Duodenum_DMWD_Male_59_1961.jpg,unusable,1961,unusable
Duodenum_DMXL1_Male_54_2562.jpg,unusable,2562,unusable
Duodenum_DNAJA3_Female_62_3515.jpg,usable,3515,usable
Duodenum_DNAJA3_Female_67_3479.jpg,usable,3479,usable
Duodenum_DNAJA3_Male_54_2562.jpg,usable,2562,usable
Duodenum_DNAJA3_Male_55_1920.jpg,usable,1920,usable
Duodenum_DNAJB14_Male_54_2562.jpg,unusable,2562,unusable
Duodenum_DNAJC13_Female_62_3515.jpg,usable,3515,usable
Duodenum_DNAJC13_Male_54_2562.jpg,usable,2562,usable
Duodenum_DNAJC18_Female_62_3515.jpg,usable,3515,usable
Duodenum_DNAJC18_Male_35_3219.jpg,usable,3219,usable
Duodenum_DNAJC21_Female_62_3515.jpg,usable,3515,usable
Duodenum_DNAJC21_Male_35_3219.jpg,usable,3219,usable
Duodenum_DNAJC21_Male_55_1920.jpg,usable,1920,usable
Duodenum_DNAJC25_Female_62_3515.jpg,usable,3515,usable
Duodenum_DNAJC25_Female_67_3479.jpg,usable,3479,usable
Duodenum_DNAJC25_Male_59_1961.jpg,usable,1961,usable
Duodenum_DNAJC27_Male_54_2562.jpg,usable,2562,usable
Duodenum_DNAJC28_Male_54_2562.jpg,usable,2562,usable
Duodenum_DNAJC2_Male_54_2562.jpg,usable,2562,usable
Duodenum_DNAJC3_Female_62_3515.jpg,usable,3515,usable
Duodenum_DNAJC3_Female_67_3479.jpg,unusable,3479,unusable
Duodenum_DNAJC3_Male_35_3219.jpg,usable,3219,usable
Duodenum_DNAJC3_Male_55_1920.jpg,usable,1920,usable
Duodenum_DNAJC9_Female_62_3515.jpg,usable,3515,usable
Duodenum_DNAJC9_Male_35_3219.jpg,usable,3219,usable
Duodenum_DNAJC9_Male_55_1920.jpg,usable,1920,usable
Duodenum_DNASE1_Female_62_3515.jpg,unusable,3515,unusable
Duodenum_DNASE1_Male_54_2562.jpg,unusable,2562,unusable
Duodenum_DNM2_Male_35_3219.jpg,unusable,3219,unusable
Duodenum_DNM2_Male_55_1920.jpg,usable,1920,usable
Duodenum_DNMT3A_Male_54_2562.jpg,usable,2562,usable
Duodenum_DNPH1_Male_54_2562.jpg,usable,2562,usable
Duodenum_DOCK6_Female_62_3515.jpg,usable,3515,usable
Duodenum_DOCK6_Female_67_3479.jpg,unusable,3479,unusable
Duodenum_DOCK6_Male_55_1920.jpg,usable,1920,usable
Duodenum_DOHH_Female_62_3515.jpg,usable,3515,usable
Duodenum_DOHH_Female_67_3479.jpg,usable,3479,usable
Duodenum_DOHH_Male_55_1920.jpg,usable,1920,usable
Duodenum_DOK4_Female_62_3515.jpg,usable,3515,usable
Duodenum_DOK4_Male_59_1961.jpg,usable,1961,usable
Duodenum_DOP1B_Female_67_3479.jpg,usable,3479,usable
Duodenum_DOP1B_Male_59_1961.jpg,usable,1961,usable
Duodenum_DPEP1_Female_67_3479.jpg,usable,3479,usable
Duodenum_DPEP1_Male_59_1961.jpg,unusable,1961,unusable
Duodenum_DPEP2_Male_35_3219.jpg,usable,3219,usable
Duodenum_DPEP2_Male_55_1920.jpg,usable,1920,usable
Duodenum_DPF2_Male_54_2562.jpg,usable,2562,usable
Duodenum_DPH1_Female_61_3614.jpg,unusable,3614,unusable
Duodenum_DPH1_Female_62_3515.jpg,usable,3515,usable
Duodenum_DPH1_Female_67_3479.jpg,usable,3479,usable
Duodenum_DPH1_Male_59_1961.jpg,usable,1961,usable
Duodenum_DPH2_Female_62_3515.jpg,unusable,3515,unusable
Duodenum_DPH2_Female_67_3479.jpg,usable,3479,usable
Duodenum_DPH2_Male_59_1961.jpg,usable,1961,usable
Duodenum_DPM1_Female_62_3515.jpg,usable,3515,usable
Duodenum_DPM1_Female_67_3479.jpg,usable,3479,usable
Duodenum_DPM1_Male_55_1920.jpg,usable,1920,usable
Duodenum_DPP4_Female_62_3515.jpg,usable,3515,usable
Duodenum_DPP4_Female_67_3479.jpg,unusable,3479,unusable
Duodenum_DPP4_Male_54_2562.jpg,usable,2562,usable
Duodenum_DPP4_Male_59_1961.jpg,usable,1961,usable
Duodenum_DPP8_Male_54_2562.jpg,usable,2562,usable
Duodenum_DSC2_Male_54_2562.jpg,usable,2562,usable
Duodenum_DSG2_Male_66_2329.jpg,usable,2329,usable
Duodenum_DSTYK_Female_62_3515.jpg,usable,3515,usable
Duodenum_DSTYK_Female_67_3479.jpg,usable,3479,usable
Duodenum_DTNBP1_Female_62_3515.jpg,unusable,3515,unusable
Duodenum_DTNBP1_Male_35_3219.jpg,usable,3219,usable
Duodenum_DTNBP1_Male_54_2562.jpg,usable,2562,usable
Duodenum_DTNBP1_Male_55_1920.jpg,usable,1920,usable
Duodenum_DTNB_Female_62_3515.jpg,usable,3515,usable
Duodenum_DTNB_Female_67_3479.jpg,usable,3479,usable
Duodenum_DTNB_Male_59_1961.jpg,usable,1961,usable
Duodenum_DTWD1_Female_62_3515.jpg,usable,3515,usable
Duodenum_DTWD1_Female_67_3479.jpg,unusable,3479,unusable
Duodenum_DTWD1_Male_55_1920.jpg,usable,1920,usable
Duodenum_DTYMK_Female_62_3515.jpg,usable,3515,usable
Duodenum_DTYMK_Male_35_3219.jpg,usable,3219,usable
Duodenum_DTYMK_Male_55_1920.jpg,usable,1920,usable
Duodenum_DUS3L_Female_62_3515.jpg,usable,3515,usable
Duodenum_DUS3L_Male_35_3219.jpg,usable,3219,usable
Duodenum_DUS3L_Male_55_1920.jpg,usable,1920,usable
Duodenum_DUSP10_Male_54_2562.jpg,usable,2562,usable
Duodenum_DUSP14_Male_54_2562.jpg,usable,2562,usable
Duodenum_DUSP19_Male_54_2562.jpg,usable,2562,usable
Duodenum_DUSP23_Female_62_3515.jpg,usable,3515,usable
Duodenum_DUSP23_Male_35_3219.jpg,usable,3219,usable
Duodenum_DUSP28_Female_62_3515.jpg,usable,3515,usable
Duodenum_DUSP28_Female_67_3479.jpg,usable,3479,usable
Duodenum_DUSP28_Male_55_1920.jpg,usable,1920,usable
Duodenum_DUSP28_Male_59_1961.jpg,usable,1961,usable
Duodenum_DVL1_Female_61_3614.jpg,unusable,3614,unusable
Duodenum_DVL1_Male_54_2562.jpg,usable,2562,usable
Duodenum_DVL2_Female_62_3515.jpg,unusable,3515,unusable
Duodenum_DVL2_Female_67_3479.jpg,usable,3479,usable
Duodenum_DVL2_Male_54_2562.jpg,usable,2562,usable
Duodenum_DVL2_Male_59_1961.jpg,usable,1961,usable
Duodenum_DVL3_Female_62_3515.jpg,usable,3515,usable
Duodenum_DVL3_Male_35_3219.jpg,usable,3219,usable
Duodenum_DVL3_Male_55_1920.jpg,usable,1920,usable
Duodenum_DVL3_Male_59_1961.jpg,unusable,1961,unusable
Duodenum_DYNC1I2_Female_62_3515.jpg,usable,3515,usable
Duodenum_DYNC1I2_Female_67_3479.jpg,usable,3479,usable
Duodenum_DYNC1I2_Male_35_3219.jpg,usable,3219,usable
Duodenum_DYNC1I2_Male_54_2562.jpg,unusable,2562,unusable
Duodenum_DYNC1I2_Male_55_1920.jpg,usable,1920,usable
Duodenum_DYNC2H1_Female_62_3515.jpg,usable,3515,usable
Duodenum_DYNC2H1_Male_35_3219.jpg,unusable,3219,unusable
Duodenum_DYNC2H1_Male_55_1920.jpg,usable,1920,usable
Duodenum_DYNC2I2_Female_62_3515.jpg,usable,3515,usable
Duodenum_DYNC2I2_Male_35_3219.jpg,usable,3219,usable
Duodenum_DYNC2I2_Male_55_1920.jpg,usable,1920,usable
Duodenum_DYNLRB1_Male_54_2562.jpg,usable,2562,usable
Duodenum_DYRK1A_Male_54_2562.jpg,usable,2562,usable
Duodenum_DZANK1_Female_62_3515.jpg,usable,3515,usable
Duodenum_DZANK1_Female_67_3479.jpg,usable,3479,usable
Duodenum_DZANK1_Male_59_1961.jpg,usable,1961,usable
Duodenum_E4F1_Female_61_3614.jpg,unusable,3614,unusable
Duodenum_E4F1_Female_62_3515.jpg,unusable,3515,unusable
Duodenum_E4F1_Female_67_3479.jpg,usable,3479,usable
Duodenum_E4F1_Male_59_1961.jpg,usable,1961,usable
Duodenum_EAF1_Female_62_3515.jpg,usable,3515,usable
Duodenum_EAF1_Female_67_3479.jpg,usable,3479,usable
Duodenum_EAF1_Male_59_1961.jpg,unusable,1961,unusable
Duodenum_EARS2_Female_62_3515.jpg,usable,3515,usable
Duodenum_EARS2_Male_35_3219.jpg,usable,3219,usable
Duodenum_EARS2_Male_55_1920.jpg,usable,1920,usable
Duodenum_EBAG9_Male_54_2562.jpg,usable,2562,usable
Duodenum_EBNA1BP2_Male_54_2562.jpg,usable,2562,usable
Duodenum_ECD_Male_66_2329.jpg,usable,2329,usable
Duodenum_ECE1_Male_66_2329.jpg,usable,2329,usable
Duodenum_ECH1_Male_66_2329.jpg,usable,2329,usable
Duodenum_ECHDC3_Female_62_3515.jpg,usable,3515,usable
Duodenum_ECHDC3_Male_54_2562.jpg,usable,2562,usable
Duodenum_ECI1_Female_62_3515.jpg,usable,3515,usable
Duodenum_ECI1_Male_55_1920.jpg,unusable,1920,unusable
Duodenum_ECI2_Male_54_2562.jpg,usable,2562,usable
Duodenum_ECSIT_Male_54_2562.jpg,usable,2562,usable
Duodenum_EDAR_Female_62_3515.jpg,usable,3515,usable
Duodenum_EDAR_Female_67_3479.jpg,usable,3479,usable
Duodenum_EDAR_Male_55_1920.jpg,usable,1920,usable
Duodenum_EDC3_Female_62_3515.jpg,usable,3515,usable
Duodenum_EDC3_Male_35_3219.jpg,usable,3219,usable
Duodenum_EDC3_Male_55_1920.jpg,usable,1920,usable
Duodenum_EDC4_Female_62_3515.jpg,usable,3515,usable
Duodenum_EDC4_Male_35_3219.jpg,usable,3219,usable
Duodenum_EDC4_Male_55_1920.jpg,usable,1920,usable
Duodenum_EDEM2_Female_62_3515.jpg,usable,3515,usable
Duodenum_EDEM2_Female_67_3479.jpg,usable,3479,usable
Duodenum_EDEM2_Male_35_3219.jpg,usable,3219,usable
Duodenum_EDEM2_Male_55_1920.jpg,usable,1920,usable
Duodenum_EEF1A1_Female_62_3515.jpg,usable,3515,usable
Duodenum_EEF1A1_Female_67_3479.jpg,usable,3479,usable
Duodenum_EEF1A1_Male_55_1920.jpg,usable,1920,usable
Duodenum_EEF1B2_Male_54_2562.jpg,unusable,2562,unusable
Duodenum_EEF1B2_Male_55_1920.jpg,usable,1920,usable
Duodenum_EEF1D_Female_62_3515.jpg,usable,3515,usable
Duodenum_EEF1D_Male_54_2562.jpg,usable,2562,usable
Duodenum_EEF1G_Female_62_3515.jpg,usable,3515,usable
Duodenum_EEF1G_Female_67_3479.jpg,usable,3479,usable
Duodenum_EEF1G_Male_55_1920.jpg,unusable,1920,unusable
Duodenum_EEF2_Female_62_3515.jpg,usable,3515,usable
Duodenum_EEF2_Female_67_3479.jpg,usable,3479,usable
Duodenum_EEF2_Male_54_2562.jpg,usable,2562,usable
Duodenum_EEF2_Male_59_1961.jpg,unusable,1961,unusable
Duodenum_EFCAB2_Female_62_3515.jpg,usable,3515,usable
Duodenum_EFCAB2_Male_35_3219.jpg,usable,3219,usable
Duodenum_EFCAB2_Male_55_1920.jpg,unusable,1920,unusable
Duodenum_EFHC1_Female_62_3515.jpg,usable,3515,usable
Duodenum_EFHC1_Female_67_3479.jpg,usable,3479,usable
Duodenum_EFHC1_Male_55_1920.jpg,usable,1920,usable
Duodenum_EFHD2_Female_62_3515.jpg,usable,3515,usable
Duodenum_EFHD2_Female_67_3479.jpg,usable,3479,usable
Duodenum_EFL1_Female_62_3515.jpg,usable,3515,usable
Duodenum_EFL1_Male_35_3219.jpg,usable,3219,usable
Duodenum_EFL1_Male_55_1920.jpg,usable,1920,usable
Duodenum_EFNA5_Male_54_2562.jpg,usable,2562,usable
Duodenum_EFR3A_Male_54_2562.jpg,usable,2562,usable
Duodenum_EFTUD2_Male_54_2562.jpg,usable,2562,usable
Duodenum_EGLN1_Male_54_2562.jpg,usable,2562,usable
Duodenum_EHBP1L1_Female_61_3614.jpg,unusable,3614,unusable
Duodenum_EHBP1L1_Female_62_3515.jpg,usable,3515,usable
Duodenum_EHBP1L1_Male_54_2562.jpg,usable,2562,usable
Duodenum_EHBP1L1_Male_59_1961.jpg,unusable,1961,unusable
Duodenum_EID1_Female_62_3515.jpg,unusable,3515,unusable
Duodenum_EID1_Female_67_3479.jpg,usable,3479,usable
Duodenum_EID1_Male_55_1920.jpg,usable,1920,usable
Duodenum_EID2_Female_62_3515.jpg,usable,3515,usable
Duodenum_EID2_Female_67_3479.jpg,usable,3479,usable
Duodenum_EID2_Male_55_1920.jpg,usable,1920,usable
Duodenum_EIF1AD_Female_62_3515.jpg,usable,3515,usable
Duodenum_EIF1AD_Female_67_3479.jpg,usable,3479,usable
Duodenum_EIF1AD_Male_35_3219.jpg,usable,3219,usable
Duodenum_EIF2AK2_Male_54_2562.jpg,usable,2562,usable
Duodenum_EIF2AK2_Male_66_2329.jpg,unusable,2329,unusable
Duodenum_EIF2AK3_Male_54_2562.jpg,usable,2562,usable
Duodenum_EIF2B2_Female_53_3413.jpg,unusable,3413,unusable
Duodenum_EIF2B2_Male_66_2329.jpg,usable,2329,usable
Duodenum_EIF2B3_Male_54_2562.jpg,usable,2562,usable
Duodenum_EIF2S1_Male_54_2562.jpg,unusable,2562,unusable
Duodenum_EIF3B_Female_62_3515.jpg,usable,3515,usable
Duodenum_EIF3B_Female_67_3479.jpg,usable,3479,usable
Duodenum_EIF3B_Male_54_2562.jpg,usable,2562,usable
Duodenum_EIF3B_Male_55_1920.jpg,unusable,1920,unusable
Duodenum_EIF3CL_Female_62_3515.jpg,usable,3515,usable
Duodenum_EIF3CL_Female_67_3479.jpg,unusable,3479,unusable
Duodenum_EIF3CL_Male_55_1920.jpg,usable,1920,usable
Duodenum_EIF3C_Female_62_3515.jpg,usable,3515,usable
Duodenum_EIF3C_Female_67_3479.jpg,unusable,3479,unusable
Duodenum_EIF3C_Male_35_3219.jpg,usable,3219,usable
Duodenum_EIF3C_Male_55_1920.jpg,unusable,1920,unusable
Duodenum_EIF3F_Female_62_3515.jpg,usable,3515,usable
Duodenum_EIF3F_Female_67_3479.jpg,usable,3479,usable
Duodenum_EIF3F_Male_55_1920.jpg,usable,1920,usable
Duodenum_EIF3G_Female_62_3515.jpg,usable,3515,usable
Duodenum_EIF3G_Female_67_3479.jpg,usable,3479,usable
Duodenum_EIF3G_Male_55_1920.jpg,usable,1920,usable
Duodenum_EIF3I_Female_62_3515.jpg,usable,3515,usable
Duodenum_EIF3J_Female_62_3515.jpg,usable,3515,usable
Duodenum_EIF3J_Female_67_3479.jpg,usable,3479,usable
Duodenum_EIF3K_Female_62_3515.jpg,usable,3515,usable
Duodenum_EIF3K_Male_35_3219.jpg,usable,3219,usable
Duodenum_EIF4A2_Male_54_2562.jpg,usable,2562,usable
Duodenum_EIF4A3_Male_54_2562.jpg,unusable,2562,unusable
Duodenum_EIF4B_Female_62_3515.jpg,usable,3515,usable
Duodenum_EIF4B_Female_67_3479.jpg,usable,3479,usable
Duodenum_EIF4B_Male_55_1920.jpg,usable,1920,usable
Duodenum_EIF4E3_Female_62_3515.jpg,usable,3515,usable
Duodenum_EIF4E3_Female_67_3479.jpg,usable,3479,usable
Duodenum_EIF4E3_Male_59_1961.jpg,usable,1961,usable
Duodenum_EIF4EBP1_Female_53_3413.jpg,usable,3413,usable
Duodenum_EIF4EBP1_Male_66_2329.jpg,unusable,2329,unusable
Duodenum_EIF4EBP2_Male_54_2562.jpg,usable,2562,usable
Duodenum_EIF4ENIF1_Male_66_2329.jpg,usable,2329,usable
Duodenum_EIF4G1_Female_62_3515.jpg,usable,3515,usable
Duodenum_EIF4G1_Male_54_2562.jpg,usable,2562,usable
Duodenum_EIF5A_Male_66_2329.jpg,usable,2329,usable
Duodenum_EIF5B_Female_62_3515.jpg,usable,3515,usable
Duodenum_EIF5B_Male_35_3219.jpg,unusable,3219,unusable
Duodenum_EIF5B_Male_55_1920.jpg,usable,1920,usable
Duodenum_EIF5_Female_75_1098.jpg,usable,1098,usable
Duodenum_EIF5_Male_63_1647.jpg,unusable,1647,unusable
Duodenum_EIF5_Male_79_2650.jpg,usable,2650,usable
Duodenum_EIF5_Male_84_139.jpg,usable,139,usable
Duodenum_EIF6_Female_62_3515.jpg,usable,3515,usable
Duodenum_EIF6_Male_35_3219.jpg,usable,3219,usable
Duodenum_EIF6_Male_55_1920.jpg,usable,1920,usable
Duodenum_ELAPOR1_Female_62_3515.jpg,usable,3515,usable
Duodenum_ELAPOR1_Female_67_3479.jpg,usable,3479,usable
Duodenum_ELAPOR1_Male_35_3219.jpg,usable,3219,usable
Duodenum_ELAPOR1_Male_54_2562.jpg,unusable,2562,unusable
Duodenum_ELAPOR1_Male_59_1961.jpg,usable,1961,usable
Duodenum_ELF2_Male_66_2329.jpg,unusable,2329,unusable
Duodenum_ELOB_Female_61_3614.jpg,unusable,3614,unusable
Duodenum_ELOB_Female_62_3515.jpg,usable,3515,usable
Duodenum_ELOB_Female_67_3479.jpg,unusable,3479,unusable
Duodenum_ELOB_Male_59_1961.jpg,usable,1961,usable
Duodenum_ELOF1_Female_62_3515.jpg,usable,3515,usable
Duodenum_ELOF1_Female_67_3479.jpg,usable,3479,usable
Duodenum_ELOF1_Male_55_1920.jpg,usable,1920,usable
Duodenum_ELOVL5_Female_62_3515.jpg,unusable,3515,unusable
Duodenum_ELOVL5_Female_67_3479.jpg,usable,3479,usable
Duodenum_ELOVL5_Male_59_1961.jpg,usable,1961,usable
Duodenum_ELOVL7_Female_62_3515.jpg,usable,3515,usable
Duodenum_ELOVL7_Male_55_1920.jpg,usable,1920,usable
Duodenum_ELP2_Male_66_2329.jpg,unusable,2329,unusable
Duodenum_ELP3_Male_54_2562.jpg,usable,2562,usable
Duodenum_ELP4_Female_62_3515.jpg,usable,3515,usable
Duodenum_ELP4_Male_35_3219.jpg,usable,3219,usable
Duodenum_ELP4_Male_55_1920.jpg,unusable,1920,unusable
Duodenum_ELP5_Male_54_2562.jpg,usable,2562,usable
Duodenum_EMC3_Female_62_3515.jpg,usable,3515,usable
Duodenum_EMC3_Male_35_3219.jpg,usable,3219,usable
Duodenum_EMC3_Male_55_1920.jpg,usable,1920,usable
Duodenum_EMC8_Female_62_3515.jpg,usable,3515,usable
Duodenum_EMC8_Female_67_3479.jpg,usable,3479,usable
Duodenum_EMC8_Male_55_1920.jpg,usable,1920,usable
Duodenum_EMC9_Female_61_3614.jpg,unusable,3614,unusable
Duodenum_EMC9_Female_62_3515.jpg,usable,3515,usable
Duodenum_EMC9_Female_67_3479.jpg,usable,3479,usable
Duodenum_EMC9_Male_59_1961.jpg,usable,1961,usable
Duodenum_EME1_Male_54_2562.jpg,usable,2562,usable
Duodenum_EMID1_Female_48_75.jpg,unusable,75,unusable
Duodenum_EMID1_Female_77_195.jpg,usable,195,usable
Duodenum_EMID1_Male_63_1647.jpg,unusable,1647,UNUSABLE
Duodenum_EMID1_Male_73_64.jpg,usable,64,usable
Duodenum_EMID1_Male_84_139.jpg,unusable,139,unusable
Duodenum_EML4_Male_54_2562.jpg,usable,2562,usable
Duodenum_ENDOD1_Male_54_2562.jpg,usable,2562,usable
Duodenum_ENPEP_Female_53_3413.jpg,usable,3413,usable
Duodenum_ENPEP_Male_66_2329.jpg,unusable,2329,unusable
Duodenum_ENPP3_Female_62_3515.jpg,usable,3515,usable
Duodenum_ENPP3_Male_35_3219.jpg,usable,3219,usable
Duodenum_ENPP3_Male_55_1920.jpg,usable,1920,usable
Duodenum_ENPP4_Male_54_2562.jpg,usable,2562,usable
Duodenum_ENSG00000111780_Female_62_3515.jpg,unusable,3515,unusable
Duodenum_ENSG00000111780_Female_67_3479.jpg,usable,3479,usable
Duodenum_ENSG00000111780_Male_59_1961.jpg,usable,1961,usable
Duodenum_ENSG00000131152_Female_62_3515.jpg,usable,3515,usable
Duodenum_ENSG00000131152_Male_54_2562.jpg,usable,2562,usable
Duodenum_ENSG00000254692_Female_62_3515.jpg,usable,3515,usable
Duodenum_ENSG00000254692_Female_67_3479.jpg,usable,3479,usable
Duodenum_ENSG00000254692_Male_59_1961.jpg,usable,1961,usable
Duodenum_ENSG00000255730_Male_54_2562.jpg,usable,2562,usable
Duodenum_ENSG00000256591_Female_62_3515.jpg,usable,3515,usable
Duodenum_ENSG00000256591_Male_35_3219.jpg,usable,3219,usable
Duodenum_ENSG00000256591_Male_55_1920.jpg,usable,1920,usable
Duodenum_ENSG00000259132_Female_62_3515.jpg,usable,3515,usable
Duodenum_ENSG00000259132_Male_35_3219.jpg,usable,3219,usable
Duodenum_ENSG00000259132_Male_55_1920.jpg,unusable,1920,unusable
Duodenum_ENSG00000260170_Female_62_3515.jpg,usable,3515,usable
Duodenum_ENSG00000260170_Female_67_3479.jpg,usable,3479,usable
Duodenum_ENSG00000260170_Male_55_1920.jpg,usable,1920,usable
Duodenum_ENSG00000262660_Male_54_2562.jpg,usable,2562,usable
Duodenum_ENSG00000267561_Female_62_3515.jpg,unusable,3515,unusable
Duodenum_ENSG00000267561_Female_67_3479.jpg,usable,3479,usable
Duodenum_ENSG00000267561_Male_55_1920.jpg,usable,1920,usable
Duodenum_ENSG00000271254_Male_35_3219.jpg,usable,3219,usable
Duodenum_ENSG00000271254_Male_54_2562.jpg,usable,2562,usable
Duodenum_ENSG00000271254_Male_55_1920.jpg,usable,1920,usable
Duodenum_ENSG00000276345_Female_62_3515.jpg,usable,3515,usable
Duodenum_ENSG00000276345_Female_67_3479.jpg,usable,3479,usable
Duodenum_ENSG00000276345_Male_55_1920.jpg,usable,1920,usable
Duodenum_ENSG00000285304_Female_48_75.jpg,unusable,75,unusable
Duodenum_ENSG00000285304_Female_77_195.jpg,usable,195,usable
Duodenum_ENSG00000285304_Male_70_582.jpg,usable,582,usable
Duodenum_ENSG00000285304_Male_84_139.jpg,unusable,139,unusable
Duodenum_ENTPD2_Male_54_2562.jpg,usable,2562,usable
Duodenum_ENTPD4_Male_54_2562.jpg,usable,2562,usable
Duodenum_ENTPD5_Male_66_2329.jpg,usable,2329,usable
Duodenum_ENTPD6_Female_62_3515.jpg,usable,3515,usable
Duodenum_ENTPD6_Male_59_1961.jpg,unusable,1961,unusable
Duodenum_ENY2_Male_54_2562.jpg,usable,2562,usable
Duodenum_EP400_Male_54_2562.jpg,usable,2562,usable
Duodenum_EPC2_Female_62_3515.jpg,usable,3515,usable
Duodenum_EPC2_Male_55_1920.jpg,usable,1920,usable
Duodenum_EPCAM_Male_54_2562.jpg,usable,2562,usable
Duodenum_EPCAM_Male_66_2329.jpg,unusable,2329,unusable
Duodenum_EPHB4_Male_54_2562.jpg,usable,2562,usable
Duodenum_EPHX2_Male_54_2562.jpg,usable,2562,usable
Duodenum_EPN3_Female_62_3515.jpg,usable,3515,usable
Duodenum_EPN3_Male_55_1920.jpg,usable,1920,usable
Duodenum_EPS15L1_Male_54_2562.jpg,usable,2562,usable
Duodenum_EPS8L2_Female_62_3515.jpg,usable,3515,usable
Duodenum_EPS8L2_Male_35_3219.jpg,usable,3219,usable
Duodenum_EPS8L2_Male_55_1920.jpg,usable,1920,usable
Duodenum_EPS8_Male_66_2329.jpg,usable,2329,usable
Duodenum_ERAL1_Male_54_2562.jpg,usable,2562,usable
Duodenum_ERAP1_Male_54_2562.jpg,usable,2562,usable
Duodenum_ERBB3_Female_62_3515.jpg,usable,3515,usable
Duodenum_ERBB3_Female_67_3479.jpg,usable,3479,usable
Duodenum_ERBB3_Male_35_3219.jpg,usable,3219,usable
Duodenum_ERBB3_Male_55_1920.jpg,usable,1920,usable
Duodenum_ERBIN_Female_62_3515.jpg,usable,3515,usable
Duodenum_ERBIN_Female_67_3479.jpg,usable,3479,usable
Duodenum_ERBIN_Male_55_1920.jpg,usable,1920,usable
Duodenum_ERCC5_Female_62_3515.jpg,usable,3515,usable
Duodenum_ERCC5_Female_67_3479.jpg,usable,3479,usable
Duodenum_ERCC5_Male_55_1920.jpg,usable,1920,usable
Duodenum_ERCC6L2_Female_62_3515.jpg,usable,3515,usable
Duodenum_ERCC6L2_Male_54_2562.jpg,usable,2562,usable
Duodenum_ERGIC1_Male_54_2562.jpg,usable,2562,usable
Duodenum_ERGIC2_Female_67_3479.jpg,usable,3479,usable
Duodenum_ERGIC2_Male_59_1961.jpg,unusable,1961,unusable
Duodenum_ERH_Male_66_2329.jpg,usable,2329,usable
Duodenum_ERI1_Female_62_3515.jpg,usable,3515,usable
Duodenum_ERI1_Female_67_3479.jpg,usable,3479,usable
Duodenum_ERI1_Male_55_1920.jpg,usable,1920,usable
Duodenum_ERI1_Male_59_1961.jpg,usable,1961,usable
Duodenum_ERLIN1_Male_54_2562.jpg,usable,2562,usable
Duodenum_ERMAP_Female_62_3515.jpg,usable,3515,usable
Duodenum_ERMAP_Female_67_3479.jpg,unusable,3479,unusable
Duodenum_ERMAP_Male_55_1920.jpg,usable,1920,usable
Duodenum_ERN1_Male_54_2562.jpg,usable,2562,usable
Duodenum_ERN2_Female_61_3614.jpg,unusable,3614,unusable
Duodenum_ERN2_Female_62_3515.jpg,usable,3515,usable
Duodenum_ERN2_Female_67_3479.jpg,unusable,3479,unusable
Duodenum_ERN2_Male_59_1961.jpg,usable,1961,usable
Duodenum_ERP29_Female_62_3515.jpg,usable,3515,usable
Duodenum_ERP29_Male_35_3219.jpg,usable,3219,usable
Duodenum_ERP29_Male_55_1920.jpg,usable,1920,usable
Duodenum_ESCO1_Female_62_3515.jpg,usable,3515,usable
Duodenum_ESCO1_Female_67_3479.jpg,usable,3479,usable
Duodenum_ESCO1_Male_55_1920.jpg,usable,1920,usable
Duodenum_ESD_Female_62_3515.jpg,unusable,3515,unusable
Duodenum_ESD_Male_35_3219.jpg,usable,3219,usable
Duodenum_ESD_Male_55_1920.jpg,usable,1920,usable
Duodenum_ESF1_Female_62_3515.jpg,usable,3515,usable
Duodenum_ESF1_Female_67_3479.jpg,usable,3479,usable
Duodenum_ESF1_Male_55_1920.jpg,unusable,1920,unusable
Duodenum_ESPN_Female_62_3515.jpg,usable,3515,usable
Duodenum_ESPN_Male_54_2562.jpg,usable,2562,usable
Duodenum_ESRRA_Female_61_3614.jpg,unusable,3614,unusable
Duodenum_ESRRA_Female_62_3515.jpg,usable,3515,usable
Duodenum_ESRRA_Female_67_3479.jpg,unusable,3479,unusable
Duodenum_ESRRA_Male_59_1961.jpg,usable,1961,usable
Duodenum_ETF1_Male_54_2562.jpg,usable,2562,usable
Duodenum_ETF1_Male_55_1920.jpg,usable,1920,usable
Duodenum_ETFA_Male_54_2562.jpg,usable,2562,usable
Duodenum_ETFB_Male_54_2562.jpg,usable,2562,usable
Duodenum_ETFDH_Female_62_3515.jpg,usable,3515,usable
Duodenum_ETFDH_Male_35_3219.jpg,usable,3219,usable
Duodenum_ETFDH_Male_55_1920.jpg,usable,1920,usable
Duodenum_ETV5_Female_61_3614.jpg,unusable,3614,unusable
Duodenum_ETV5_Male_54_2562.jpg,usable,2562,usable
Duodenum_ETV5_Male_59_1961.jpg,unusable,1961,unusable
Duodenum_EVC2_Female_62_3515.jpg,usable,3515,usable
Duodenum_EVC2_Male_35_3219.jpg,usable,3219,usable
Duodenum_EVC2_Male_55_1920.jpg,usable,1920,usable
Duodenum_EVI5L_Female_62_3515.jpg,usable,3515,usable
Duodenum_EVI5L_Male_35_3219.jpg,usable,3219,usable
Duodenum_EVI5L_Male_55_1920.jpg,usable,1920,usable
Duodenum_EWSR1_Female_62_3515.jpg,unusable,3515,unusable
Duodenum_EWSR1_Female_67_3479.jpg,usable,3479,usable
Duodenum_EXOC3L1_Female_62_3515.jpg,unusable,3515,unusable
Duodenum_EXOC3L1_Male_35_3219.jpg,usable,3219,usable
Duodenum_EXOC3L1_Male_55_1920.jpg,usable,1920,usable
Duodenum_EXOC3L2_Female_61_3614.jpg,unusable,3614,unusable
Duodenum_EXOC3L2_Female_67_3479.jpg,usable,3479,usable
Duodenum_EXOC3L2_Male_59_1961.jpg,usable,1961,usable
Duodenum_EXOC5_Female_62_3515.jpg,usable,3515,usable
Duodenum_EXOC5_Female_67_3479.jpg,usable,3479,usable
Duodenum_EXOC5_Male_59_1961.jpg,usable,1961,usable
Duodenum_EXOC7_Male_54_2562.jpg,usable,2562,usable
Duodenum_EXOSC8_Female_67_3479.jpg,usable,3479,usable
Duodenum_EXOSC8_Male_54_2562.jpg,usable,2562,usable
Duodenum_EXOSC8_Male_55_1920.jpg,usable,1920,usable
Duodenum_EXT1_Female_62_3515.jpg,usable,3515,usable
Duodenum_EXT1_Male_35_3219.jpg,usable,3219,usable
Duodenum_EXT1_Male_55_1920.jpg,usable,1920,usable
Duodenum_EXTL2_Male_54_2562.jpg,usable,2562,usable
Duodenum_EYA2_Male_54_2562.jpg,usable,2562,usable
Duodenum_EZR_Male_66_2329.jpg,usable,2329,usable
Duodenum_F11R_Female_53_3413.jpg,usable,3413,usable
Duodenum_F11R_Female_62_3515.jpg,usable,3515,usable
Duodenum_F11R_Female_67_3479.jpg,usable,3479,usable
Duodenum_F11R_Male_66_2329.jpg,usable,2329,usable
Duodenum_FAAH_Male_54_2562.jpg,usable,2562,usable
Duodenum_FAAP100_Female_62_3515.jpg,usable,3515,usable
Duodenum_FAAP100_Male_35_3219.jpg,usable,3219,usable
Duodenum_FAAP100_Male_54_2562.jpg,usable,2562,usable
Duodenum_FAAP24_Female_62_3515.jpg,usable,3515,usable
Duodenum_FAAP24_Male_35_3219.jpg,usable,3219,usable
Duodenum_FAAP24_Male_55_1920.jpg,usable,1920,usable
Duodenum_FABP2_Female_62_3515.jpg,usable,3515,usable
Duodenum_FABP2_Female_67_3479.jpg,usable,3479,usable
Duodenum_FABP2_Male_35_3219.jpg,usable,3219,usable
Duodenum_FABP2_Male_55_1920.jpg,usable,1920,usable
Duodenum_FABP6_Female_62_3515.jpg,usable,3515,usable
Duodenum_FABP6_Male_54_2562.jpg,unusable,2562,unusable
Duodenum_FABP7_Male_35_3219.jpg,usable,3219,usable
Duodenum_FABP7_Male_54_2562.jpg,usable,2562,usable
Duodenum_FABP7_Male_55_1920.jpg,usable,1920,usable
Duodenum_FADS2_Male_54_2562.jpg,usable,2562,usable
Duodenum_FAF2_Female_62_3515.jpg,usable,3515,usable
Duodenum_FAF2_Female_67_3479.jpg,usable,3479,usable
Duodenum_FAHD1_Female_67_3479.jpg,usable,3479,usable
Duodenum_FAHD1_Male_54_2562.jpg,usable,2562,usable
Duodenum_FAHD1_Male_59_1961.jpg,usable,1961,usable
Duodenum_FAHD2A_Male_35_3219.jpg,usable,3219,usable
Duodenum_FAHD2A_Male_55_1920.jpg,usable,1920,usable
Duodenum_FAM102B_Female_62_3515.jpg,usable,3515,usable
Duodenum_FAM102B_Male_54_2562.jpg,usable,2562,usable
Duodenum_FAM104B_Female_62_3515.jpg,unusable,3515,unusable
Duodenum_FAM104B_Male_54_2562.jpg,usable,2562,usable
Duodenum_FAM110A_Female_62_3515.jpg,usable,3515,usable
Duodenum_FAM110A_Male_35_3219.jpg,usable,3219,usable
Duodenum_FAM110A_Male_55_1920.jpg,usable,1920,usable
Duodenum_FAM110B_Male_54_2562.jpg,usable,2562,usable
Duodenum_FAM117A_Male_54_2562.jpg,usable,2562,usable
Duodenum_FAM120A_Male_54_2562.jpg,usable,2562,usable
Duodenum_FAM149B1_Female_62_3515.jpg,usable,3515,usable
Duodenum_FAM149B1_Male_35_3219.jpg,usable,3219,usable
Duodenum_FAM149B1_Male_55_1920.jpg,usable,1920,usable
Duodenum_FAM151B_Female_62_3515.jpg,usable,3515,usable
Duodenum_FAM151B_Female_67_3479.jpg,usable,3479,usable
Duodenum_FAM156A_Female_62_3515.jpg,usable,3515,usable
Duodenum_FAM156A_Female_67_3479.jpg,usable,3479,usable
Duodenum_FAM156B_Female_62_3515.jpg,usable,3515,usable
Duodenum_FAM156B_Female_67_3479.jpg,usable,3479,usable
Duodenum_FAM174B_Male_54_2562.jpg,usable,2562,usable
Duodenum_FAM193B_Female_62_3515.jpg,usable,3515,usable
Duodenum_FAM193B_Male_35_3219.jpg,usable,3219,usable
Duodenum_FAM193B_Male_55_1920.jpg,usable,1920,usable
Duodenum_FAM222B_Female_62_3515.jpg,unusable,3515,unusable
Duodenum_FAM222B_Female_67_3479.jpg,usable,3479,usable
Duodenum_FAM222B_Male_55_1920.jpg,usable,1920,usable
Duodenum_FAM234A_Female_62_3515.jpg,unusable,3515,unusable
Duodenum_FAM234A_Female_67_3479.jpg,usable,3479,usable
Duodenum_FAM234A_Male_59_1961.jpg,usable,1961,usable
Duodenum_FAM3B_Female_61_3614.jpg,unusable,3614,unusable
Duodenum_FAM3B_Male_54_2562.jpg,usable,2562,usable
Duodenum_FAM3B_Male_59_1961.jpg,unusable,1961,unusable
Duodenum_FAM3C_Female_62_3515.jpg,usable,3515,usable
Duodenum_FAM3C_Female_67_3479.jpg,unusable,3479,unusable
Duodenum_FAM3C_Male_35_3219.jpg,usable,3219,usable
Duodenum_FAM3C_Male_55_1920.jpg,usable,1920,usable
Duodenum_FAM47E-STBD1_Female_62_3515.jpg,usable,3515,usable
Duodenum_FAM47E-STBD1_Female_67_3479.jpg,usable,3479,usable
Duodenum_FAM47E-STBD1_Male_55_1920.jpg,usable,1920,usable
Duodenum_FAM47E_Female_62_3515.jpg,usable,3515,usable
Duodenum_FAM47E_Female_67_3479.jpg,usable,3479,usable
Duodenum_FAM47E_Male_55_1920.jpg,usable,1920,usable
Duodenum_FAM50A_Male_66_2329.jpg,unusable,2329,unusable
Duodenum_FAM53B_Female_62_3515.jpg,usable,3515,usable
Duodenum_FAM53B_Male_35_3219.jpg,usable,3219,usable
Duodenum_FAM53B_Male_55_1920.jpg,usable,1920,usable
Duodenum_FAM53C_Female_62_3515.jpg,usable,3515,usable
Duodenum_FAM53C_Male_35_3219.jpg,usable,3219,usable
Duodenum_FAM83F_Female_62_3515.jpg,usable,3515,usable
Duodenum_FAM83F_Female_67_3479.jpg,usable,3479,usable
Duodenum_FAM83F_Male_55_1920.jpg,usable,1920,usable
Duodenum_FAM89A_Female_62_3515.jpg,usable,3515,usable
Duodenum_FAM89A_Female_67_3479.jpg,usable,3479,usable
Duodenum_FAM89A_Male_59_1961.jpg,unusable,1961,unusable
Duodenum_FANCE_Female_67_3479.jpg,usable,3479,usable
Duodenum_FANCE_Male_59_1961.jpg,usable,1961,usable
Duodenum_FAR2_Male_54_2562.jpg,usable,2562,usable
Duodenum_FARP2_Female_62_3515.jpg,usable,3515,usable
Duodenum_FARP2_Male_35_3219.jpg,usable,3219,usable
Duodenum_FARP2_Male_55_1920.jpg,unusable,1920,unusable
Duodenum_FARSA_Female_62_3515.jpg,usable,3515,usable
Duodenum_FARSA_Female_67_3479.jpg,usable,3479,usable
Duodenum_FARSA_Male_59_1961.jpg,usable,1961,usable
Duodenum_FASTKD1_Female_62_3515.jpg,usable,3515,usable
Duodenum_FASTKD1_Female_67_3479.jpg,usable,3479,usable
Duodenum_FASTKD1_Male_55_1920.jpg,usable,1920,usable
Duodenum_FASTKD3_Female_62_3515.jpg,usable,3515,usable
Duodenum_FASTKD3_Female_67_3479.jpg,usable,3479,usable
Duodenum_FASTKD3_Male_59_1961.jpg,usable,1961,usable
Duodenum_FAT1_Male_66_2329.jpg,usable,2329,usable
Duodenum_FAT4_Female_62_3515.jpg,usable,3515,usable
Duodenum_FAT4_Female_67_3479.jpg,usable,3479,usable
Duodenum_FAT4_Male_55_1920.jpg,usable,1920,usable
Duodenum_FBH1_Male_66_2329.jpg,usable,2329,usable
Duodenum_FBP1_Male_54_2562.jpg,usable,2562,usable
Duodenum_FBP1_Male_66_2329.jpg,usable,2329,usable
Duodenum_FBXL14_Female_62_3515.jpg,usable,3515,usable
Duodenum_FBXL14_Female_67_3479.jpg,usable,3479,usable
Duodenum_FBXL14_Male_55_1920.jpg,usable,1920,usable
Duodenum_FBXO16_Female_61_3614.jpg,unusable,3614,unusable
Duodenum_FBXO16_Female_62_3515.jpg,usable,3515,usable
Duodenum_FBXO16_Female_67_3479.jpg,usable,3479,usable
Duodenum_FBXO16_Male_59_1961.jpg,usable,1961,usable
Duodenum_FBXO30_Male_54_2562.jpg,usable,2562,usable
Duodenum_FBXO31_Female_62_3515.jpg,usable,3515,usable
Duodenum_FBXO31_Male_35_3219.jpg,unusable,3219,unusable
Duodenum_FBXO31_Male_54_2562.jpg,usable,2562,usable
Duodenum_FBXO33_Female_62_3515.jpg,usable,3515,usable
Duodenum_FBXO33_Male_35_3219.jpg,usable,3219,usable
Duodenum_FBXO33_Male_55_1920.jpg,usable,1920,usable
Duodenum_FBXO7_Female_62_3515.jpg,usable,3515,usable
Duodenum_FBXO7_Male_35_3219.jpg,usable,3219,usable
Duodenum_FBXO7_Male_55_1920.jpg,usable,1920,usable
Duodenum_FBXW11_Female_62_3515.jpg,usable,3515,usable
Duodenum_FBXW11_Female_67_3479.jpg,usable,3479,usable
Duodenum_FBXW11_Male_59_1961.jpg,usable,1961,usable
Duodenum_FBXW2_Female_62_3515.jpg,usable,3515,usable
Duodenum_FBXW2_Female_67_3479.jpg,usable,3479,usable
Duodenum_FBXW2_Male_59_1961.jpg,usable,1961,usable
Duodenum_FBXW5_Female_62_3515.jpg,usable,3515,usable
Duodenum_FBXW5_Male_54_2562.jpg,usable,2562,usable
Duodenum_FBXW7_Female_62_3515.jpg,unusable,3515,unusable
Duodenum_FBXW7_Female_67_3479.jpg,usable,3479,usable
Duodenum_FCER1G_Male_54_2562.jpg,usable,2562,usable
Duodenum_FCGBP_Male_66_2329.jpg,unusable,2329,unusable
Duodenum_FCHO2_Male_54_2562.jpg,usable,2562,usable
Duodenum_FCHSD1_Female_62_3515.jpg,usable,3515,usable
Duodenum_FCHSD1_Male_35_3219.jpg,unusable,3219,unusable
Duodenum_FCHSD1_Male_55_1920.jpg,usable,1920,usable
Duodenum_FEN1_Male_66_2329.jpg,usable,2329,usable
Duodenum_FER1L6_Female_61_3614.jpg,unusable,3614,unusable
Duodenum_FER1L6_Female_62_3515.jpg,usable,3515,usable
Duodenum_FER1L6_Female_67_3479.jpg,usable,3479,usable
Duodenum_FER1L6_Male_59_1961.jpg,usable,1961,usable
Duodenum_FERMT1_Female_62_3515.jpg,usable,3515,usable
Duodenum_FERMT1_Male_35_3219.jpg,usable,3219,usable
Duodenum_FERMT1_Male_55_1920.jpg,usable,1920,usable
Duodenum_FERMT2_Male_35_3219.jpg,usable,3219,usable
Duodenum_FERMT2_Male_55_1920.jpg,usable,1920,usable
Duodenum_FGD4_Female_62_3515.jpg,unusable,3515,unusable
Duodenum_FGD4_Male_55_1920.jpg,usable,1920,usable
Duodenum_FGD6_Male_54_2562.jpg,usable,2562,usable
Duodenum_FGF19_Female_62_3515.jpg,usable,3515,usable
Duodenum_FGF19_Male_35_3219.jpg,unusable,3219,unusable
Duodenum_FGF19_Male_55_1920.jpg,usable,1920,usable
Duodenum_FGFR1OP2_Female_62_3515.jpg,usable,3515,usable
Duodenum_FGFR1OP2_Male_35_3219.jpg,usable,3219,usable
Duodenum_FGFR1OP2_Male_55_1920.jpg,usable,1920,usable
Duodenum_FHIP1A_Female_62_3515.jpg,usable,3515,usable
Duodenum_FHIP1A_Male_35_3219.jpg,usable,3219,usable
Duodenum_FHIP1A_Male_55_1920.jpg,usable,1920,usable
Duodenum_FHIP1B_Female_62_3515.jpg,usable,3515,usable
Duodenum_FHIP1B_Female_67_3479.jpg,unusable,3479,unusable
Duodenum_FHIP1B_Male_59_1961.jpg,usable,1961,usable
Duodenum_FHIP2A_Female_62_3515.jpg,unusable,3515,unusable
Duodenum_FHIP2A_Male_35_3219.jpg,usable,3219,usable
Duodenum_FHIP2A_Male_55_1920.jpg,usable,1920,usable
Duodenum_FHIP2B_Female_62_3515.jpg,usable,3515,usable
Duodenum_FH_Female_62_3515.jpg,usable,3515,usable
Duodenum_FH_Male_35_3219.jpg,usable,3219,usable
Duodenum_FH_Male_54_2562.jpg,usable,2562,usable
Duodenum_FIBIN_Male_35_3219.jpg,usable,3219,usable
Duodenum_FIBIN_Male_55_1920.jpg,usable,1920,usable
Duodenum_FICD_Male_54_2562.jpg,usable,2562,usable
Duodenum_FIG4_Female_53_3413.jpg,usable,3413,usable
Duodenum_FIG4_Male_66_2329.jpg,usable,2329,usable
Duodenum_FILIP1L_Female_62_3515.jpg,usable,3515,usable
Duodenum_FILIP1L_Female_67_3479.jpg,unusable,3479,unusable
Duodenum_FILIP1L_Male_55_1920.jpg,usable,1920,usable
Duodenum_FIS1_Male_54_2562.jpg,usable,2562,usable
Duodenum_FKBP15_Male_66_2329.jpg,usable,2329,usable
Duodenum_FKBP3_Female_53_3413.jpg,usable,3413,usable
Duodenum_FKBP3_Male_66_2329.jpg,usable,2329,usable
Duodenum_FKBP4_Male_66_2329.jpg,usable,2329,usable
Duodenum_FKBP5_Male_54_2562.jpg,usable,2562,usable
Duodenum_FKBP7_Male_54_2562.jpg,usable,2562,usable
Duodenum_FKBP8_Male_35_3219.jpg,usable,3219,usable
Duodenum_FKBP8_Male_54_2562.jpg,usable,2562,usable
Duodenum_FKBP8_Male_55_1920.jpg,usable,1920,usable
Duodenum_FKBP9_Male_54_2562.jpg,usable,2562,usable
Duodenum_FKBPL_Female_62_3515.jpg,usable,3515,usable
Duodenum_FKBPL_Male_35_3219.jpg,usable,3219,usable
Duodenum_FLAD1_Female_62_3515.jpg,unusable,3515,unusable
Duodenum_FLAD1_Male_35_3219.jpg,unusable,3219,unusable
Duodenum_FLAD1_Male_55_1920.jpg,usable,1920,usable
Duodenum_FLNB_Female_53_3413.jpg,usable,3413,usable
Duodenum_FLNB_Male_66_2329.jpg,usable,2329,usable
Duodenum_FLRT3_Female_62_3515.jpg,usable,3515,usable
Duodenum_FLRT3_Female_67_3479.jpg,usable,3479,usable
Duodenum_FLRT3_Male_59_1961.jpg,usable,1961,usable
Duodenum_FLT4_Female_62_3515.jpg,usable,3515,usable
Duodenum_FLT4_Female_67_3479.jpg,usable,3479,usable
Duodenum_FLT4_Male_59_1961.jpg,usable,1961,usable
Duodenum_FLVCR1_Female_62_3515.jpg,usable,3515,usable
Duodenum_FLVCR1_Male_35_3219.jpg,usable,3219,usable
Duodenum_FLVCR1_Male_55_1920.jpg,usable,1920,usable
Duodenum_FLVCR2_Female_62_3515.jpg,usable,3515,usable
Duodenum_FLVCR2_Male_35_3219.jpg,usable,3219,usable
Duodenum_FLVCR2_Male_55_1920.jpg,usable,1920,usable
Duodenum_FLYWCH1_Female_62_3515.jpg,usable,3515,usable
Duodenum_FLYWCH1_Male_35_3219.jpg,usable,3219,usable
Duodenum_FLYWCH1_Male_55_1920.jpg,usable,1920,usable
Duodenum_FMO4_Male_54_2562.jpg,usable,2562,usable
Duodenum_FMR1_Male_54_2562.jpg,usable,2562,usable
Duodenum_FMR1_Male_59_1961.jpg,usable,1961,usable
Duodenum_FNDC3A_Male_54_2562.jpg,usable,2562,usable
Duodenum_FNDC4_Female_62_3515.jpg,usable,3515,usable
Duodenum_FNDC4_Male_55_1920.jpg,usable,1920,usable
Duodenum_FNDC4_Male_59_1961.jpg,usable,1961,usable
Duodenum_FNIP1_Female_62_3515.jpg,usable,3515,usable
Duodenum_FNIP1_Female_67_3479.jpg,usable,3479,usable
Duodenum_FNIP1_Male_59_1961.jpg,usable,1961,usable
Duodenum_FOCAD_Female_62_3515.jpg,usable,3515,usable
Duodenum_FOCAD_Male_35_3219.jpg,unusable,3219,unusable
Duodenum_FOCAD_Male_55_1920.jpg,usable,1920,usable
Duodenum_FOLH1_Male_66_2329.jpg,unusable,2329,unusable
Duodenum_FOSL2_Female_53_3413.jpg,usable,3413,usable
Duodenum_FOSL2_Male_66_2329.jpg,usable,2329,usable
Duodenum_FOXA3_Male_54_2562.jpg,usable,2562,usable
Duodenum_FOXJ2_Male_54_2562.jpg,usable,2562,usable
Duodenum_FOXK1_Male_54_2562.jpg,usable,2562,usable
Duodenum_FOXK2_Female_62_3515.jpg,unusable,3515,unusable
Duodenum_FOXK2_Male_35_3219.jpg,usable,3219,usable
Duodenum_FOXK2_Male_54_2562.jpg,usable,2562,usable
Duodenum_FOXP1_Male_54_2562.jpg,usable,2562,usable
Duodenum_FOXP4_Male_54_2562.jpg,usable,2562,usable
Duodenum_FOXS1_Female_62_3515.jpg,usable,3515,usable
Duodenum_FOXS1_Female_67_3479.jpg,usable,3479,usable
Duodenum_FOXS1_Male_55_1920.jpg,usable,1920,usable
Duodenum_FRG1_Female_61_3614.jpg,unusable,3614,unusable
Duodenum_FRG1_Female_62_3515.jpg,usable,3515,usable
Duodenum_FRG1_Female_67_3479.jpg,usable,3479,usable
Duodenum_FRG1_Male_59_1961.jpg,usable,1961,usable
Duodenum_FRK_Female_61_3614.jpg,unusable,3614,unusable
Duodenum_FRK_Male_54_2562.jpg,usable,2562,usable
Duodenum_FRK_Male_59_1961.jpg,usable,1961,usable
Duodenum_FRMPD1_Female_62_3515.jpg,usable,3515,usable
Duodenum_FRMPD1_Female_67_3479.jpg,usable,3479,usable
Duodenum_FRY_Female_62_3515.jpg,usable,3515,usable
Duodenum_FRY_Male_35_3219.jpg,usable,3219,usable
Duodenum_FRY_Male_55_1920.jpg,usable,1920,usable
Duodenum_FTL_Male_54_2562.jpg,usable,2562,usable
Duodenum_FTO_Female_62_3515.jpg,usable,3515,usable
Duodenum_FTO_Female_67_3479.jpg,usable,3479,usable
Duodenum_FTO_Male_59_1961.jpg,usable,1961,usable
Duodenum_FUBP1_Male_54_2562.jpg,usable,2562,usable
Duodenum_FUBP3_Female_62_3515.jpg,usable,3515,usable
Duodenum_FUBP3_Female_67_3479.jpg,unusable,3479,unusable
Duodenum_FUBP3_Male_35_3219.jpg,usable,3219,usable
Duodenum_FUBP3_Male_59_1961.jpg,usable,1961,usable
Duodenum_FUOM_Male_35_3219.jpg,usable,3219,usable
Duodenum_FUOM_Male_55_1920.jpg,usable,1920,usable
Duodenum_FUS_Female_67_3479.jpg,usable,3479,usable
Duodenum_FUS_Male_54_2562.jpg,usable,2562,usable
Duodenum_FUS_Male_55_1920.jpg,unusable,1920,unusable
Duodenum_FUT11_Male_54_2562.jpg,usable,2562,usable
Duodenum_FUT8_Female_62_3515.jpg,usable,3515,usable
Duodenum_FUT8_Female_67_3479.jpg,usable,3479,usable
Duodenum_FUT8_Male_54_2562.jpg,unusable,2562,unusable
Duodenum_FUT8_Male_55_1920.jpg,usable,1920,usable
Duodenum_FXN_Female_62_3515.jpg,unusable,3515,unusable
Duodenum_FXN_Female_67_3479.jpg,usable,3479,usable
Duodenum_FXN_Male_59_1961.jpg,usable,1961,usable
Duodenum_FXR1_Female_61_3614.jpg,usable,3614,usable
Duodenum_FXR1_Female_62_3515.jpg,usable,3515,usable
Duodenum_FXR1_Female_67_3479.jpg,usable,3479,usable
Duodenum_FXR1_Male_59_1961.jpg,usable,1961,usable
Duodenum_FXR2_Male_54_2562.jpg,usable,2562,usable
Duodenum_FZD1_Male_54_2562.jpg,usable,2562,usable
Duodenum_FZD3_Female_62_3515.jpg,usable,3515,usable
Duodenum_FZD3_Male_35_3219.jpg,usable,3219,usable
Duodenum_FZD3_Male_54_2562.jpg,usable,2562,usable
Duodenum_FZD6_Male_54_2562.jpg,usable,2562,usable
Duodenum_G3BP2_Male_54_2562.jpg,usable,2562,usable
Duodenum_G6PC1_Female_62_3515.jpg,usable,3515,usable
Duodenum_G6PC1_Male_35_3219.jpg,usable,3219,usable
Duodenum_G6PC1_Male_55_1920.jpg,usable,1920,usable
Duodenum_GAB1_Female_62_3515.jpg,usable,3515,usable
Duodenum_GAB1_Female_67_3479.jpg,usable,3479,usable
Duodenum_GAB1_Male_59_1961.jpg,unusable,1961,unusable
Duodenum_GABARAPL2_Female_62_3515.jpg,usable,3515,usable
Duodenum_GABARAPL2_Male_54_2562.jpg,usable,2562,usable
Duodenum_GABPB1_Male_54_2562.jpg,usable,2562,usable
Duodenum_GABRP_Male_54_2562.jpg,usable,2562,usable
Duodenum_GAK_Female_62_3515.jpg,usable,3515,usable
Duodenum_GAK_Male_35_3219.jpg,usable,3219,usable
Duodenum_GAK_Male_54_2562.jpg,unusable,2562,unusable
Duodenum_GALC_Male_54_2562.jpg,usable,2562,usable
Duodenum_GALK1_Male_54_2562.jpg,usable,2562,usable
Duodenum_GALK2_Female_62_3515.jpg,unusable,3515,unusable
Duodenum_GALK2_Female_67_3479.jpg,unusable,3479,unusable
Duodenum_GALK2_Male_55_1920.jpg,unusable,1920,unusable
Duodenum_GALNS_Male_54_2562.jpg,unusable,2562,unusable
Duodenum_GALNT11_Male_35_3219.jpg,unusable,3219,unusable
Duodenum_GALNT11_Male_55_1920.jpg,usable,1920,usable
Duodenum_GALNT12_Female_67_3479.jpg,unusable,3479,unusable
Duodenum_GALNT12_Male_55_1920.jpg,usable,1920,usable
Duodenum_GALNT3_Male_54_2562.jpg,usable,2562,usable
Duodenum_GALNT5_Male_54_2562.jpg,usable,2562,usable
Duodenum_GALNT6_Male_54_2562.jpg,usable,2562,usable
Duodenum_GALNT7_Female_67_3479.jpg,usable,3479,usable
Duodenum_GALNT7_Male_59_1961.jpg,unusable,1961,unusable
Duodenum_GALT_Male_54_2562.jpg,usable,2562,usable
Duodenum_GANAB_Male_35_3219.jpg,usable,3219,usable
Duodenum_GANAB_Male_54_2562.jpg,usable,2562,usable
Duodenum_GAR1_Female_67_3479.jpg,usable,3479,usable
Duodenum_GAR1_Male_59_1961.jpg,usable,1961,usable
Duodenum_GAREM1_Female_62_3515.jpg,usable,3515,usable
Duodenum_GAREM1_Male_35_3219.jpg,usable,3219,usable
Duodenum_GAS1_Male_54_2562.jpg,usable,2562,usable
Duodenum_GAS8_Female_62_3515.jpg,usable,3515,usable
Duodenum_GAS8_Male_55_1920.jpg,usable,1920,usable
Duodenum_GATA4_Male_54_2562.jpg,usable,2562,usable
Duodenum_GATA6_Male_54_2562.jpg,usable,2562,usable
Duodenum_GATAD2A_Male_54_2562.jpg,usable,2562,usable
Duodenum_GATB_Male_35_3219.jpg,usable,3219,usable
Duodenum_GATB_Male_55_1920.jpg,usable,1920,usable
Duodenum_GBA1_Male_66_2329.jpg,usable,2329,usable
Duodenum_GBA2_Male_54_2562.jpg,usable,2562,usable
Duodenum_GBGT1_Male_35_3219.jpg,usable,3219,usable
Duodenum_GBGT1_Male_55_1920.jpg,usable,1920,usable
Duodenum_GBP2_Male_35_3219.jpg,unusable,3219,unusable
Duodenum_GBP2_Male_55_1920.jpg,usable,1920,usable
Duodenum_GBP3_Female_67_3479.jpg,usable,3479,usable
Duodenum_GBP3_Male_55_1920.jpg,usable,1920,usable
Duodenum_GBP4_Male_35_3219.jpg,usable,3219,usable
Duodenum_GBP4_Male_55_1920.jpg,usable,1920,usable
Duodenum_GCC2_Male_54_2562.jpg,usable,2562,usable
Duodenum_GCDH_Female_67_3479.jpg,usable,3479,usable
Duodenum_GCDH_Male_55_1920.jpg,usable,1920,usable
Duodenum_GCHFR_Male_35_3219.jpg,usable,3219,usable
Duodenum_GCHFR_Male_55_1920.jpg,unusable,1920,unusable
Duodenum_GCK_Male_66_2329.jpg,usable,2329,usable
Duodenum_GCNT1_Male_35_3219.jpg,usable,3219,usable
Duodenum_GCNT1_Male_55_1920.jpg,usable,1920,usable
Duodenum_GCNT4_Male_35_3219.jpg,usable,3219,usable
Duodenum_GCNT4_Male_55_1920.jpg,usable,1920,usable
Duodenum_GCSH_Male_35_3219.jpg,usable,3219,usable
Duodenum_GCSH_Male_55_1920.jpg,usable,1920,usable
Duodenum_GDF10_Male_54_2562.jpg,usable,2562,usable
Duodenum_GDI1_Male_54_2562.jpg,usable,2562,usable
Duodenum_GDPD5_Female_67_3479.jpg,usable,3479,usable
Duodenum_GDPD5_Male_59_1961.jpg,unusable,1961,unusable
Duodenum_GEMIN4_Female_67_3479.jpg,usable,3479,usable
Duodenum_GEMIN4_Male_59_1961.jpg,unusable,1961,unusable
Duodenum_GET3_Female_67_3479.jpg,usable,3479,usable
Duodenum_GET3_Male_55_1920.jpg,usable,1920,usable
Duodenum_GFER_Male_35_3219.jpg,usable,3219,usable
Duodenum_GFER_Male_55_1920.jpg,usable,1920,usable
Duodenum_GGT6_Male_54_2562.jpg,usable,2562,usable
Duodenum_GHDC_Male_35_3219.jpg,usable,3219,usable
Duodenum_GHDC_Male_55_1920.jpg,usable,1920,usable
Duodenum_GHR_Female_67_3479.jpg,usable,3479,usable
Duodenum_GHR_Male_59_1961.jpg,usable,1961,usable
Duodenum_GID8_Female_62_3515.jpg,usable,3515,usable
Duodenum_GID8_Female_67_3479.jpg,unusable,3479,unusable
Duodenum_GIMAP1_Female_62_3515.jpg,usable,3515,usable
Duodenum_GIMAP1_Male_35_3219.jpg,usable,3219,usable
Duodenum_GIMAP8_Male_54_2562.jpg,usable,2562,usable
Duodenum_GINM1_Male_54_2562.jpg,usable,2562,usable
Duodenum_GIPC1_Male_35_3219.jpg,unusable,3219,unusable
Duodenum_GIPC1_Male_55_1920.jpg,usable,1920,usable
Duodenum_GIPC2_Female_67_3479.jpg,usable,3479,usable
Duodenum_GIP_Female_67_3479.jpg,usable,3479,usable
Duodenum_GIP_Male_59_1961.jpg,unusable,1961,unusable
Duodenum_GIT1_Male_66_2329.jpg,unusable,2329,unusable
Duodenum_GJA4_Female_62_3515.jpg,usable,3515,usable
Duodenum_GJA4_Female_67_3479.jpg,usable,3479,usable
Duodenum_GJB2_Male_54_2562.jpg,usable,2562,usable
Duodenum_GJC3_Male_54_2562.jpg,usable,2562,usable
Duodenum_GLI2_Male_66_2329.jpg,unusable,2329,unusable
Duodenum_GLMN_Male_35_3219.jpg,usable,3219,usable
Duodenum_GLMN_Male_55_1920.jpg,usable,1920,usable
Duodenum_GLOD5_Female_67_3479.jpg,usable,3479,usable
Duodenum_GLOD5_Male_59_1961.jpg,usable,1961,usable
Duodenum_GLP2R_Female_62_3515.jpg,usable,3515,usable
Duodenum_GLP2R_Female_67_3479.jpg,usable,3479,usable
Duodenum_GLRX5_Male_54_2562.jpg,usable,2562,usable
Duodenum_GLRX_Male_54_2562.jpg,usable,2562,usable
Duodenum_GLS2_Male_35_3219.jpg,usable,3219,usable
Duodenum_GLS2_Male_55_1920.jpg,usable,1920,usable
Duodenum_GLUD1_Female_67_3479.jpg,usable,3479,usable
Duodenum_GLUD1_Male_55_1920.jpg,unusable,1920,unusable
Duodenum_GLUD2_Female_67_3479.jpg,usable,3479,usable
Duodenum_GLUD2_Male_55_1920.jpg,unusable,1920,unusable
Duodenum_GLYCTK_Male_54_2562.jpg,usable,2562,usable
Duodenum_GLYR1_Male_54_2562.jpg,usable,2562,usable
Duodenum_GMCL1_Male_35_3219.jpg,usable,3219,usable
Duodenum_GMCL1_Male_55_1920.jpg,unusable,1920,unusable
Duodenum_GMCL2_Male_35_3219.jpg,usable,3219,usable
Duodenum_GMCL2_Male_55_1920.jpg,unusable,1920,unusable
Duodenum_GMDS_Male_35_3219.jpg,unusable,3219,unusable
Duodenum_GMDS_Male_55_1920.jpg,usable,1920,usable
Duodenum_GMEB1_Male_35_3219.jpg,usable,3219,usable
Duodenum_GMEB1_Male_55_1920.jpg,usable,1920,usable
Duodenum_GMNN_Male_54_2562.jpg,usable,2562,usable
Duodenum_GNA13_Male_54_2562.jpg,usable,2562,usable
Duodenum_GNAS_Male_54_2562.jpg,usable,2562,usable
Duodenum_GNAT3_Female_67_3479.jpg,unusable,3479,unusable
Duodenum_GNAT3_Male_59_1961.jpg,usable,1961,usable
Duodenum_GNE_Male_54_2562.jpg,usable,2562,usable
Duodenum_GNG12_Female_67_3479.jpg,usable,3479,usable
Duodenum_GNG12_Male_59_1961.jpg,unusable,1961,unusable
Duodenum_GNG13_Male_59_1961.jpg,usable,1961,usable
Duodenum_GNPTAB_Female_67_3479.jpg,usable,3479,usable
Duodenum_GNPTAB_Male_55_1920.jpg,usable,1920,usable
Duodenum_GNPTG_Male_66_2329.jpg,usable,2329,usable
Duodenum_GOLGA1_Male_54_2562.jpg,usable,2562,usable
Duodenum_GOLGA4_Male_35_3219.jpg,usable,3219,usable
Duodenum_GOLGA4_Male_54_2562.jpg,usable,2562,usable
Duodenum_GOLGA5_Male_66_2329.jpg,usable,2329,usable
Duodenum_GOLGA8A_Male_35_3219.jpg,unusable,3219,unusable
Duodenum_GOLGA8A_Male_55_1920.jpg,usable,1920,usable
Duodenum_GOLGA8B_Male_35_3219.jpg,unusable,3219,unusable
Duodenum_GOLGA8B_Male_55_1920.jpg,usable,1920,usable
Duodenum_GOLGB1_Male_54_2562.jpg,usable,2562,usable
Duodenum_GOLIM4_Male_66_2329.jpg,usable,2329,usable
Duodenum_GOLM2_Male_35_3219.jpg,usable,3219,usable
Duodenum_GOLM2_Male_55_1920.jpg,usable,1920,usable
Duodenum_GORASP1_Male_35_3219.jpg,unusable,3219,unusable
Duodenum_GORASP1_Male_55_1920.jpg,usable,1920,usable
Duodenum_GORASP2_Female_67_3479.jpg,usable,3479,usable
Duodenum_GORASP2_Male_59_1961.jpg,usable,1961,usable
Duodenum_GOSR2_Male_54_2562.jpg,usable,2562,usable
Duodenum_GPAA1_Female_67_3479.jpg,usable,3479,usable
Duodenum_GPAA1_Male_59_1961.jpg,usable,1961,usable
Duodenum_GPAT3_Male_35_3219.jpg,usable,3219,usable
Duodenum_GPAT3_Male_55_1920.jpg,usable,1920,usable
Duodenum_GPATCH11_Male_35_3219.jpg,usable,3219,usable
Duodenum_GPATCH11_Male_55_1920.jpg,usable,1920,usable
Duodenum_GPATCH2_Male_54_2562.jpg,usable,2562,usable
Duodenum_GPBP1L1_Male_35_3219.jpg,usable,3219,usable
Duodenum_GPBP1L1_Male_54_2562.jpg,usable,2562,usable
Duodenum_GPBP1_Female_62_3515.jpg,usable,3515,usable
Duodenum_GPBP1_Male_35_3219.jpg,usable,3219,usable
Duodenum_GPD1_Male_35_3219.jpg,usable,3219,usable
Duodenum_GPD1_Male_55_1920.jpg,usable,1920,usable
Duodenum_GPD2_Male_54_2562.jpg,usable,2562,usable
Duodenum_GPER1_Male_54_2562.jpg,usable,2562,usable
Duodenum_GPKOW_Female_48_75.jpg,usable,75,usable
Duodenum_GPKOW_Male_63_1647.jpg,unusable,1647,unusable
Duodenum_GPN3_Male_35_3219.jpg,usable,3219,usable
Duodenum_GPN3_Male_55_1920.jpg,usable,1920,usable
Duodenum_GPR155_Female_62_3515.jpg,usable,3515,usable
Duodenum_GPR155_Male_35_3219.jpg,unusable,3219,unusable
Duodenum_GPR161_Male_54_2562.jpg,usable,2562,usable
Duodenum_GPR176_Female_62_3515.jpg,usable,3515,usable
Duodenum_GPR176_Male_54_2562.jpg,usable,2562,usable
Duodenum_GPR183_Male_35_3219.jpg,usable,3219,usable
Duodenum_GPR183_Male_55_1920.jpg,usable,1920,usable
Duodenum_GPR27_Male_54_2562.jpg,unusable,2562,unusable
Duodenum_GPRC5C_Male_35_3219.jpg,usable,3219,usable
Duodenum_GPRC5C_Male_55_1920.jpg,usable,1920,usable
Duodenum_GPSM1_Male_54_2562.jpg,usable,2562,usable
Duodenum_GPSM2_Male_54_2562.jpg,usable,2562,usable
Duodenum_GPT2_Female_67_3479.jpg,usable,3479,usable
Duodenum_GPT2_Male_55_1920.jpg,usable,1920,usable
Duodenum_GPX2_Male_66_2329.jpg,usable,2329,usable
Duodenum_GRB10_Male_54_2562.jpg,usable,2562,usable
Duodenum_GRK3_Female_48_75.jpg,unusable,75,unusable
Duodenum_GRK3_Female_77_195.jpg,usable,195,usable
Duodenum_GRK6_Male_54_2562.jpg,usable,2562,usable
Duodenum_GRPEL1_Female_62_3515.jpg,usable,3515,usable
Duodenum_GRPEL1_Male_35_3219.jpg,usable,3219,usable
Duodenum_GRTP1_Male_54_2562.jpg,usable,2562,usable
Duodenum_GSDMB_Female_62_3515.jpg,usable,3515,usable
Duodenum_GSDMB_Female_67_3479.jpg,usable,3479,usable
Duodenum_GSDME_Male_54_2562.jpg,usable,2562,usable
Duodenum_GSK3A_Male_66_2329.jpg,usable,2329,usable
Duodenum_GSN_Male_54_2562.jpg,usable,2562,usable
Duodenum_GSTK1_Male_66_2329.jpg,usable,2329,usable
Duodenum_GSTM4_Female_67_3479.jpg,usable,3479,usable
Duodenum_GSTM4_Male_55_1920.jpg,usable,1920,usable
Duodenum_GTF2B_Female_62_3515.jpg,usable,3515,usable
Duodenum_GTF2B_Female_67_3479.jpg,usable,3479,usable
Duodenum_GTF2E1_Male_54_2562.jpg,unusable,2562,unusable
Duodenum_GTF2IRD1_Male_35_3219.jpg,unusable,3219,UNUSABLE
Duodenum_GTF2IRD1_Male_55_1920.jpg,usable,1920,usable
Duodenum_GTF2I_Male_66_2329.jpg,usable,2329,usable
Duodenum_GTF3C1_Female_62_3515.jpg,usable,3515,usable
Duodenum_GTF3C1_Female_67_3479.jpg,usable,3479,usable
Duodenum_GTPBP1_Male_35_3219.jpg,usable,3219,usable
Duodenum_GTPBP1_Male_55_1920.jpg,usable,1920,usable
Duodenum_GTPBP3_Female_67_3479.jpg,unusable,3479,unusable
Duodenum_GTPBP3_Male_55_1920.jpg,usable,1920,usable
Duodenum_GUCA2A_Female_62_3515.jpg,usable,3515,usable
Duodenum_GUCA2A_Female_67_3479.jpg,usable,3479,usable
Duodenum_GUCY1A2_Male_54_2562.jpg,usable,2562,usable
Duodenum_GYS1_Male_54_2562.jpg,usable,2562,usable
Duodenum_H1-0_Female_73_374.jpg,usable,374,usable
Duodenum_H1-0_Male_63_1647.jpg,unusable,1647,unusable
Duodenum_H1-2_Male_54_2562.jpg,unusable,2562,unusable
Duodenum_H1-3_Female_67_3479.jpg,usable,3479,usable
Duodenum_H1-3_Male_55_1920.jpg,usable,1920,usable
Duodenum_H1-4_Male_54_2562.jpg,usable,2562,usable
Duodenum_H1-5_Male_54_2562.jpg,usable,2562,usable
Duodenum_H2AC8_Male_54_2562.jpg,usable,2562,usable
Duodenum_H2AZ1_Male_54_2562.jpg,usable,2562,usable
Duodenum_H2BC10_Female_67_3479.jpg,usable,3479,usable
Duodenum_H2BC10_Male_55_1920.jpg,usable,1920,usable
Duodenum_H2BC11_Female_67_3479.jpg,usable,3479,usable
Duodenum_H2BC11_Male_55_1920.jpg,usable,1920,usable
Duodenum_H2BC12L_Female_67_3479.jpg,usable,3479,usable
Duodenum_H2BC12L_Male_55_1920.jpg,usable,1920,usable
Duodenum_H2BC12_Female_67_3479.jpg,usable,3479,usable
Duodenum_H2BC12_Male_55_1920.jpg,usable,1920,usable
Duodenum_H2BC13_Female_67_3479.jpg,usable,3479,usable
Duodenum_H2BC13_Male_55_1920.jpg,usable,1920,usable
Duodenum_H2BC14_Female_67_3479.jpg,usable,3479,usable
Duodenum_H2BC14_Male_55_1920.jpg,usable,1920,usable
Duodenum_H2BC15_Female_67_3479.jpg,usable,3479,usable
Duodenum_H2BC15_Male_55_1920.jpg,usable,1920,usable
Duodenum_H2BC17_Female_67_3479.jpg,usable,3479,usable
Duodenum_H2BC17_Male_55_1920.jpg,usable,1920,usable
Duodenum_H2BC18_Male_54_2562.jpg,usable,2562,usable
Duodenum_H2BC21_Female_67_3479.jpg,usable,3479,usable
Duodenum_H2BC21_Male_55_1920.jpg,usable,1920,usable
Duodenum_H2BC26_Female_67_3479.jpg,usable,3479,usable
Duodenum_H2BC26_Male_55_1920.jpg,usable,1920,usable
Duodenum_H2BC3_Female_67_3479.jpg,usable,3479,usable
Duodenum_H2BC3_Male_55_1920.jpg,usable,1920,usable
Duodenum_H2BC4_Female_67_3479.jpg,usable,3479,usable
Duodenum_H2BC4_Male_55_1920.jpg,usable,1920,usable
Duodenum_H2BC5_Female_67_3479.jpg,usable,3479,usable
Duodenum_H2BC5_Male_55_1920.jpg,usable,1920,usable
Duodenum_H2BC6_Female_67_3479.jpg,usable,3479,usable
Duodenum_H2BC6_Male_55_1920.jpg,usable,1920,usable
Duodenum_H2BC7_Female_67_3479.jpg,usable,3479,usable
Duodenum_H2BC7_Male_55_1920.jpg,usable,1920,usable
Duodenum_H2BC8_Female_67_3479.jpg,usable,3479,usable
Duodenum_H2BC8_Male_55_1920.jpg,usable,1920,usable
Duodenum_H2BC9_Female_67_3479.jpg,usable,3479,usable
Duodenum_H2BC9_Male_55_1920.jpg,usable,1920,usable
Duodenum_H3-3A_Male_54_2562.jpg,unusable,2562,unusable
Duodenum_H3-3B_Female_62_3515.jpg,usable,3515,usable
Duodenum_H3-3B_Male_55_1920.jpg,unusable,1920,unusable
Duodenum_H3-5_Female_62_3515.jpg,usable,3515,usable
Duodenum_H3-5_Male_55_1920.jpg,usable,1920,usable
Duodenum_H3-7_Female_62_3515.jpg,usable,3515,usable
Duodenum_H3-7_Male_55_1920.jpg,usable,1920,usable
Duodenum_H3C10_Female_62_3515.jpg,usable,3515,usable
Duodenum_H3C10_Male_55_1920.jpg,usable,1920,usable
Duodenum_H3C11_Female_62_3515.jpg,usable,3515,usable
Duodenum_H3C11_Male_55_1920.jpg,usable,1920,usable
Duodenum_H3C12_Female_62_3515.jpg,usable,3515,usable
Duodenum_H3C12_Male_55_1920.jpg,usable,1920,usable
Duodenum_H3C13_Female_62_3515.jpg,usable,3515,usable
Duodenum_H3C13_Male_55_1920.jpg,usable,1920,usable
Duodenum_H3C14_Female_62_3515.jpg,usable,3515,usable
Duodenum_H3C14_Male_55_1920.jpg,usable,1920,usable
Duodenum_H3C15_Female_62_3515.jpg,usable,3515,usable
Duodenum_H3C15_Male_55_1920.jpg,usable,1920,usable
Duodenum_H3C1_Female_62_3515.jpg,usable,3515,usable
Duodenum_H3C1_Male_55_1920.jpg,usable,1920,usable
Duodenum_H3C2_Female_62_3515.jpg,usable,3515,usable
Duodenum_H3C2_Male_55_1920.jpg,usable,1920,usable
Duodenum_H3C3_Female_62_3515.jpg,usable,3515,usable
Duodenum_H3C3_Male_55_1920.jpg,usable,1920,usable
Duodenum_H3C4_Female_62_3515.jpg,usable,3515,usable
Duodenum_H3C4_Male_55_1920.jpg,usable,1920,usable
Duodenum_H3C6_Female_62_3515.jpg,usable,3515,usable
Duodenum_H3C6_Male_55_1920.jpg,usable,1920,usable
Duodenum_H3C7_Female_62_3515.jpg,usable,3515,usable
Duodenum_H3C7_Male_55_1920.jpg,usable,1920,usable
Duodenum_H3C8_Female_62_3515.jpg,usable,3515,usable
Duodenum_H3C8_Male_55_1920.jpg,usable,1920,usable
Duodenum_H3Y2_Female_62_3515.jpg,usable,3515,usable
Duodenum_H3Y2_Male_55_1920.jpg,usable,1920,usable
Duodenum_H4C11_Female_67_3479.jpg,usable,3479,usable
Duodenum_H4C11_Male_55_1920.jpg,usable,1920,usable
Duodenum_H4C12_Female_67_3479.jpg,usable,3479,usable
Duodenum_H4C12_Male_55_1920.jpg,usable,1920,usable
Duodenum_H4C13_Female_67_3479.jpg,usable,3479,usable
Duodenum_H4C13_Male_55_1920.jpg,usable,1920,usable
Duodenum_H4C14_Female_67_3479.jpg,usable,3479,usable
Duodenum_H4C14_Male_55_1920.jpg,usable,1920,usable
Duodenum_H4C15_Female_67_3479.jpg,usable,3479,usable
Duodenum_H4C15_Male_55_1920.jpg,usable,1920,usable
Duodenum_H4C16_Male_54_2562.jpg,usable,2562,usable
Duodenum_H4C1_Male_66_2329.jpg,usable,2329,usable
Duodenum_H4C2_Female_67_3479.jpg,usable,3479,usable
Duodenum_H4C2_Male_55_1920.jpg,usable,1920,usable
Duodenum_H4C3_Female_67_3479.jpg,usable,3479,usable
Duodenum_H4C3_Male_55_1920.jpg,usable,1920,usable
Duodenum_H4C4_Female_67_3479.jpg,usable,3479,usable
Duodenum_H4C4_Male_55_1920.jpg,usable,1920,usable
Duodenum_H4C5_Female_67_3479.jpg,usable,3479,usable
Duodenum_H4C5_Male_55_1920.jpg,usable,1920,usable
Duodenum_H4C6_Female_67_3479.jpg,usable,3479,usable
Duodenum_H4C6_Male_55_1920.jpg,usable,1920,usable
Duodenum_H4C7_Female_67_3479.jpg,usable,3479,usable
Duodenum_H4C7_Male_55_1920.jpg,usable,1920,usable
Duodenum_H4C8_Female_67_3479.jpg,usable,3479,usable
Duodenum_H4C8_Male_55_1920.jpg,usable,1920,usable
Duodenum_H4C9_Female_67_3479.jpg,usable,3479,usable
Duodenum_H4C9_Male_55_1920.jpg,usable,1920,usable
Duodenum_H6PD_Male_66_2329.jpg,unusable,2329,unusable
Duodenum_HADH_Male_35_3219.jpg,unusable,3219,unusable
Duodenum_HADH_Male_55_1920.jpg,usable,1920,usable
Duodenum_HAT1_Female_62_3515.jpg,usable,3515,usable
Duodenum_HAT1_Male_54_2562.jpg,usable,2562,usable
Duodenum_HAUS2_Female_62_3515.jpg,usable,3515,usable
Duodenum_HAUS2_Male_35_3219.jpg,usable,3219,usable
Duodenum_HAUS3_Female_67_3479.jpg,usable,3479,usable
Duodenum_HAUS3_Male_55_1920.jpg,usable,1920,usable
Duodenum_HAUS4_Male_35_3219.jpg,usable,3219,usable
Duodenum_HAUS4_Male_55_1920.jpg,unusable,1920,unusable
Duodenum_HAUS8_Male_35_3219.jpg,usable,3219,usable
Duodenum_HAUS8_Male_55_1920.jpg,usable,1920,usable
Duodenum_HAX1_Female_67_3479.jpg,usable,3479,usable
Duodenum_HAX1_Male_55_1920.jpg,unusable,1920,unusable
Duodenum_HBP1_Male_35_3219.jpg,usable,3219,usable
Duodenum_HBP1_Male_55_1920.jpg,usable,1920,usable
Duodenum_HCFC2_Male_66_2329.jpg,usable,2329,usable
Duodenum_HCN3_Male_54_2562.jpg,usable,2562,usable
Duodenum_HDAC10_Female_67_3479.jpg,usable,3479,usable
Duodenum_HDAC10_Male_55_1920.jpg,usable,1920,usable
Duodenum_HDAC1_Male_66_2329.jpg,usable,2329,usable
Duodenum_HDAC4_Female_61_3614.jpg,unusable,3614,unusable
Duodenum_HDAC4_Male_59_1961.jpg,usable,1961,usable
Duodenum_HDAC9_Male_35_3219.jpg,usable,3219,usable
Duodenum_HDAC9_Male_55_1920.jpg,unusable,1920,unusable
Duodenum_HDDC3_Male_35_3219.jpg,usable,3219,usable
Duodenum_HDDC3_Male_55_1920.jpg,usable,1920,usable
Duodenum_HDGFL2_Male_54_2562.jpg,unusable,2562,unusable
Duodenum_HDGF_Male_54_2562.jpg,usable,2562,usable
Duodenum_HDHD2_Male_35_3219.jpg,unusable,3219,unusable
Duodenum_HDHD2_Male_55_1920.jpg,unusable,1920,unusable
Duodenum_HDX_Female_67_3479.jpg,usable,3479,usable
Duodenum_HDX_Male_55_1920.jpg,unusable,1920,unusable
Duodenum_HEATR5B_Male_35_3219.jpg,usable,3219,usable
Duodenum_HEATR5B_Male_55_1920.jpg,unusable,1920,unusable
Duodenum_HEBP1_Female_62_3515.jpg,usable,3515,usable
Duodenum_HEBP1_Male_55_1920.jpg,usable,1920,usable
Duodenum_HECTD2_Male_35_3219.jpg,unusable,3219,unusable
Duodenum_HECTD2_Male_55_1920.jpg,usable,1920,usable
Duodenum_HECTD4_Female_62_3515.jpg,usable,3515,usable
Duodenum_HECTD4_Male_35_3219.jpg,usable,3219,usable
Duodenum_HELLS_Male_66_2329.jpg,usable,2329,usable
Duodenum_HEMK1_Male_35_3219.jpg,usable,3219,usable
Duodenum_HEMK1_Male_55_1920.jpg,usable,1920,usable
Duodenum_HENMT1_Male_54_2562.jpg,usable,2562,usable
Duodenum_HEXIM1_Male_54_2562.jpg,usable,2562,usable
Duodenum_HEY2_Male_35_3219.jpg,usable,3219,usable
Duodenum_HEY2_Male_55_1920.jpg,usable,1920,usable
Duodenum_HHLA2_Female_67_3479.jpg,usable,3479,usable
Duodenum_HHLA2_Male_59_1961.jpg,usable,1961,usable
Duodenum_HIBCH_Male_54_2562.jpg,usable,2562,usable
Duodenum_HID1_Female_61_3614.jpg,unusable,3614,unusable
Duodenum_HID1_Male_59_1961.jpg,usable,1961,usable
Duodenum_HIF3A_Male_35_3219.jpg,usable,3219,usable
Duodenum_HIF3A_Male_55_1920.jpg,usable,1920,usable
Duodenum_HIGD2A_Male_35_3219.jpg,unusable,3219,unusable
Duodenum_HIGD2A_Male_54_2562.jpg,usable,2562,usable
Duodenum_HIP1R_Male_54_2562.jpg,usable,2562,usable
Duodenum_HIPK2_Male_54_2562.jpg,usable,2562,usable
Duodenum_HIRA_Female_62_3515.jpg,usable,3515,usable
Duodenum_HIRA_Male_35_3219.jpg,usable,3219,usable
Duodenum_HIVEP1_Female_67_3479.jpg,usable,3479,usable
Duodenum_HIVEP1_Male_55_1920.jpg,usable,1920,usable
Duodenum_HK1_Male_66_2329.jpg,usable,2329,usable
Duodenum_HKDC1_Female_61_3614.jpg,unusable,3614,unusable
Duodenum_HKDC1_Male_59_1961.jpg,usable,1961,usable
Duodenum_HLA-B_Male_54_2562.jpg,usable,2562,usable
Duodenum_HMCES_Female_62_3515.jpg,usable,3515,usable
Duodenum_HMCES_Male_55_1920.jpg,usable,1920,usable
Duodenum_HMCN1_Female_67_3479.jpg,usable,3479,usable
Duodenum_HMCN1_Male_55_1920.jpg,usable,1920,usable
Duodenum_HMCN2_Female_67_3479.jpg,usable,3479,usable
Duodenum_HMCN2_Male_55_1920.jpg,usable,1920,usable
Duodenum_HMG20A_Male_63_1647.jpg,usable,1647,usable
Duodenum_HMGA1_Female_61_3614.jpg,unusable,3614,UNUSABLE
Duodenum_HMGA1_Male_59_1961.jpg,usable,1961,usable
Duodenum_HMGB1_Male_66_2329.jpg,usable,2329,usable
Duodenum_HMGB2_Male_66_2329.jpg,usable,2329,usable
Duodenum_HMGCR_Male_54_2562.jpg,usable,2562,usable
Duodenum_HMGCS1_Female_62_3515.jpg,usable,3515,usable
Duodenum_HMGCS1_Male_54_2562.jpg,usable,2562,usable
Duodenum_HMGCS2_Male_54_2562.jpg,usable,2562,usable
Duodenum_HMGN1_Male_54_2562.jpg,usable,2562,usable
Duodenum_HMGN5_Male_63_1647.jpg,unusable,1647,unusable
Duodenum_HMGN5_Male_73_64.jpg,unusable,64,unusable
Duodenum_HMOX1_Male_63_1647.jpg,unusable,1647,unusable
Duodenum_HMOX1_Male_73_64.jpg,usable,64,usable
Duodenum_HMOX2_Male_54_2562.jpg,usable,2562,usable
Duodenum_HNF1A_Male_54_2562.jpg,usable,2562,usable
Duodenum_HNF4A_Male_66_2329.jpg,usable,2329,usable
Duodenum_HNF4G_Female_67_3479.jpg,usable,3479,usable
Duodenum_HNF4G_Male_59_1961.jpg,usable,1961,usable
Duodenum_HNRNPA1_Male_35_3219.jpg,usable,3219,usable
Duodenum_HNRNPA1_Male_55_1920.jpg,usable,1920,usable
Duodenum_HNRNPA2B1_Male_66_2329.jpg,usable,2329,usable
Duodenum_HNRNPA3_Male_66_2329.jpg,usable,2329,usable
Duodenum_HNRNPAB_Female_62_3515.jpg,usable,3515,usable
Duodenum_HNRNPAB_Female_67_3479.jpg,usable,3479,usable
Duodenum_HNRNPC_Male_66_2329.jpg,usable,2329,usable
Duodenum_HNRNPD_Male_66_2329.jpg,usable,2329,usable
Duodenum_HNRNPF_Male_54_2562.jpg,usable,2562,usable
Duodenum_HNRNPK_Male_54_2562.jpg,usable,2562,usable
Duodenum_HNRNPLL_Male_35_3219.jpg,unusable,3219,unusable
Duodenum_HNRNPLL_Male_55_1920.jpg,usable,1920,usable
Duodenum_HNRNPL_Male_54_2562.jpg,usable,2562,usable
Duodenum_HNRNPR_Male_54_2562.jpg,usable,2562,usable
Duodenum_HNRNPUL1_Female_67_3479.jpg,usable,3479,usable
Duodenum_HNRNPUL1_Male_55_1920.jpg,usable,1920,usable
Duodenum_HNRNPU_Male_54_2562.jpg,unusable,2562,unusable
Duodenum_HOOK2_Male_35_3219.jpg,usable,3219,usable
Duodenum_HOOK2_Male_55_1920.jpg,unusable,1920,unusable
Duodenum_HOPX_Female_67_3479.jpg,usable,3479,usable
Duodenum_HOPX_Male_59_1961.jpg,unusable,1961,unusable
Duodenum_HPCAL1_Female_67_3479.jpg,usable,3479,usable
Duodenum_HPCAL1_Male_55_1920.jpg,usable,1920,usable
Duodenum_HPGD_Male_54_2562.jpg,usable,2562,usable
Duodenum_HPRT1_Female_53_3413.jpg,unusable,3413,unusable
Duodenum_HPRT1_Male_66_2329.jpg,usable,2329,usable
Duodenum_HPS1_Female_67_3479.jpg,usable,3479,usable
Duodenum_HPS1_Male_59_1961.jpg,usable,1961,usable
Duodenum_HPS3_Female_67_3479.jpg,usable,3479,usable
Duodenum_HPS3_Male_55_1920.jpg,unusable,1920,unusable
Duodenum_HPSE2_Female_62_3515.jpg,usable,3515,usable
Duodenum_HPSE2_Female_67_3479.jpg,unusable,3479,unusable
Duodenum_HS2ST1_Female_67_3479.jpg,usable,3479,usable
Duodenum_HS2ST1_Male_55_1920.jpg,usable,1920,usable
Duodenum_HSD11B2_Male_35_3219.jpg,usable,3219,usable
Duodenum_HSD11B2_Male_55_1920.jpg,usable,1920,usable
Duodenum_HSD17B11_Male_54_2562.jpg,usable,2562,usable
Duodenum_HSD17B12_Male_54_2562.jpg,usable,2562,usable
Duodenum_HSD17B2_Male_35_3219.jpg,usable,3219,usable
Duodenum_HSD17B2_Male_55_1920.jpg,usable,1920,usable
Duodenum_HSD17B7_Male_35_3219.jpg,usable,3219,usable
Duodenum_HSD17B7_Male_55_1920.jpg,usable,1920,usable
Duodenum_HSD17B8_Female_67_3479.jpg,usable,3479,usable
Duodenum_HSD17B8_Male_55_1920.jpg,usable,1920,usable
Duodenum_HSD3B7_Female_67_3479.jpg,usable,3479,usable
Duodenum_HSD3B7_Male_55_1920.jpg,usable,1920,usable
Duodenum_HSDL2_Female_67_3479.jpg,usable,3479,usable
Duodenum_HSDL2_Male_55_1920.jpg,usable,1920,usable
Duodenum_HSP90AB1_Male_66_2329.jpg,usable,2329,usable
Duodenum_HSP90B1_Male_66_2329.jpg,unusable,2329,unusable
Duodenum_HSPA12B_Male_54_2562.jpg,unusable,2562,unusable
Duodenum_HSPA5_Male_66_2329.jpg,usable,2329,usable
Duodenum_HSPA9_Male_63_1647.jpg,unusable,1647,unusable
Duodenum_HSPA9_Male_84_139.jpg,usable,139,usable
Duodenum_HSPBAP1_Female_67_3479.jpg,usable,3479,usable
Duodenum_HSPBAP1_Male_55_1920.jpg,usable,1920,usable
Duodenum_HSPE1-MOB4_Male_35_3219.jpg,unusable,3219,unusable
Duodenum_HSPE1-MOB4_Male_55_1920.jpg,usable,1920,usable
Duodenum_HSPE1_Male_54_2562.jpg,usable,2562,usable
Duodenum_HTATIP2_Male_66_2329.jpg,usable,2329,usable
Duodenum_HTATSF1_Male_63_1647.jpg,unusable,1647,unusable
Duodenum_HTATSF1_Male_73_64.jpg,unusable,64,unusable
Duodenum_HTD2_Female_67_3479.jpg,usable,3479,usable
Duodenum_HTD2_Male_59_1961.jpg,usable,1961,usable
Duodenum_HTR1E_Male_66_2329.jpg,usable,2329,usable
Duodenum_HTR3E_Female_67_3479.jpg,usable,3479,usable
Duodenum_HTR3E_Male_55_1920.jpg,usable,1920,usable
Duodenum_HTR4_Female_67_3479.jpg,usable,3479,usable
Duodenum_HTR4_Male_59_1961.jpg,usable,1961,usable
Duodenum_HTT_Male_66_2329.jpg,usable,2329,usable
Duodenum_HYKK_Male_35_3219.jpg,usable,3219,usable
Duodenum_HYKK_Male_55_1920.jpg,usable,1920,usable
Duodenum_IARS2_Male_54_2562.jpg,usable,2562,usable
Duodenum_ICA1L_Female_67_3479.jpg,usable,3479,usable
Duodenum_ICA1L_Male_55_1920.jpg,unusable,1920,unusable
Duodenum_ICOSLG_Male_54_2562.jpg,unusable,2562,unusable
Duodenum_IDE_Female_62_3515.jpg,usable,3515,usable
Duodenum_IDE_Female_67_3479.jpg,usable,3479,usable
Duodenum_IDH2_Male_54_2562.jpg,usable,2562,usable
Duodenum_IDH3A_Male_54_2562.jpg,unusable,2562,unusable
Duodenum_IDH3B_Female_67_3479.jpg,usable,3479,usable
Duodenum_IDH3B_Male_55_1920.jpg,usable,1920,usable
Duodenum_IDS_Female_67_3479.jpg,unusable,3479,unusable
Duodenum_IDS_Male_59_1961.jpg,usable,1961,usable
Duodenum_IFFO2_Male_66_2329.jpg,usable,2329,usable
Duodenum_IFI30_Male_54_2562.jpg,usable,2562,usable
Duodenum_IFI35_Female_67_3479.jpg,usable,3479,usable
Duodenum_IFI35_Male_59_1961.jpg,usable,1961,usable
Duodenum_IFI6_Male_66_2329.jpg,usable,2329,usable
Duodenum_IFIH1_Male_66_2329.jpg,usable,2329,usable
Duodenum_IFNGR1_Male_54_2562.jpg,usable,2562,usable
Duodenum_IFT122_Female_67_3479.jpg,unusable,3479,unusable
Duodenum_IFT122_Male_55_1920.jpg,usable,1920,usable
Duodenum_IFT22_Female_62_3515.jpg,usable,3515,usable
Duodenum_IFT22_Male_35_3219.jpg,usable,3219,usable
Duodenum_IFT80_Male_35_3219.jpg,usable,3219,usable
Duodenum_IFT80_Male_54_2562.jpg,unusable,2562,unusable
Duodenum_IFTAP_Female_67_3479.jpg,usable,3479,usable
Duodenum_IFTAP_Male_55_1920.jpg,usable,1920,usable
Duodenum_IGBP1_Female_48_75.jpg,unusable,75,unusable
Duodenum_IGBP1_Male_73_64.jpg,unusable,64,unusable
Duodenum_IGF1R_Male_54_2562.jpg,usable,2562,usable
Duodenum_IKBKE_Male_54_2562.jpg,usable,2562,usable
Duodenum_IKZF2_Female_67_3479.jpg,usable,3479,usable
Duodenum_IKZF2_Male_59_1961.jpg,usable,1961,usable
Duodenum_IKZF4_Male_55_1920.jpg,usable,1920,usable
Duodenum_IK_Female_67_3479.jpg,usable,3479,usable
Duodenum_IK_Male_59_1961.jpg,usable,1961,usable
Duodenum_IL15RA_Male_54_2562.jpg,usable,2562,usable
Duodenum_IL17RD_Female_62_3515.jpg,usable,3515,usable
Duodenum_IL17RD_Male_35_3219.jpg,usable,3219,usable
Duodenum_IL18_Male_66_2329.jpg,usable,2329,usable
Duodenum_ILF2_Male_54_2562.jpg,usable,2562,usable
Duodenum_ILKAP_Male_66_2329.jpg,usable,2329,usable
Duodenum_ILRUN_Female_67_3479.jpg,usable,3479,usable
Duodenum_ILRUN_Male_59_1961.jpg,usable,1961,usable
Duodenum_ILVBL_Female_67_3479.jpg,usable,3479,usable
Duodenum_ILVBL_Male_59_1961.jpg,unusable,1961,unusable
Duodenum_IMPACT_Male_35_3219.jpg,usable,3219,usable
Duodenum_IMPACT_Male_55_1920.jpg,usable,1920,usable
Duodenum_IMPDH2_Male_66_2329.jpg,unusable,2329,unusable
Duodenum_INCENP_Male_54_2562.jpg,unusable,2562,unusable
Duodenum_INO80D_Female_62_3515.jpg,usable,3515,usable
Duodenum_INO80D_Male_35_3219.jpg,usable,3219,usable
Duodenum_INO80E_Male_55_1920.jpg,usable,1920,usable
Duodenum_INPP5A_Male_54_2562.jpg,usable,2562,usable
Duodenum_INSIG2_Male_54_2562.jpg,usable,2562,usable
Duodenum_INTS10_Male_35_3219.jpg,usable,3219,usable
Duodenum_INTS10_Male_55_1920.jpg,usable,1920,usable
Duodenum_INTS8_Female_67_3479.jpg,usable,3479,usable
Duodenum_INTS8_Male_55_1920.jpg,usable,1920,usable
Duodenum_IP6K1_Male_35_3219.jpg,usable,3219,usable
Duodenum_IP6K1_Male_55_1920.jpg,usable,1920,usable
Duodenum_IP6K2_Male_66_2329.jpg,usable,2329,usable
Duodenum_IQCC_Male_54_2562.jpg,usable,2562,usable
Duodenum_IQSEC1_Male_35_3219.jpg,usable,3219,usable
Duodenum_IQSEC1_Male_55_1920.jpg,usable,1920,usable
Duodenum_IRAG1_Male_54_2562.jpg,usable,2562,usable
Duodenum_IRAG2_Male_66_2329.jpg,usable,2329,usable
Duodenum_IRF2BP2_Male_35_3219.jpg,unusable,3219,unusable
Duodenum_IRF7_Male_54_2562.jpg,usable,2562,usable
Duodenum_IRS2_Male_54_2562.jpg,usable,2562,usable
Duodenum_ISCA1_Female_67_3479.jpg,usable,3479,usable
Duodenum_ISCA1_Male_55_1920.jpg,usable,1920,usable
Duodenum_ISCA2_Male_35_3219.jpg,usable,3219,usable
Duodenum_ISCA2_Male_55_1920.jpg,unusable,1920,unusable
Duodenum_ISCU_Male_54_2562.jpg,usable,2562,usable
Duodenum_ISOC2_Male_35_3219.jpg,usable,3219,usable
Duodenum_ISOC2_Male_55_1920.jpg,usable,1920,usable
Duodenum_IST1_Female_62_3515.jpg,usable,3515,usable
Duodenum_IST1_Male_55_1920.jpg,usable,1920,usable
Duodenum_ITCH_Male_54_2562.jpg,usable,2562,usable
Duodenum_ITFG2_Male_35_3219.jpg,unusable,3219,unusable
Duodenum_ITFG2_Male_55_1920.jpg,usable,1920,usable
Duodenum_ITGA11_Female_67_3479.jpg,usable,3479,usable
Duodenum_ITGA11_Male_55_1920.jpg,usable,1920,usable
Duodenum_ITGA3_Male_54_2562.jpg,usable,2562,usable
"Small_intestine,_NOS_AASS_Female_71_3004.jpg",usable,3004,usable
"Small_intestine,_NOS_ABCA5_Female_71_3004.jpg",usable,3004,usable
"Small_intestine,_NOS_ABCE1_Female_71_3004.jpg",usable,3004,usable
"Small_intestine,_NOS_ABCF1_Female_71_3004.jpg",usable,3004,usable
"Small_intestine,_NOS_ABCG8_Female_71_3004.jpg",usable,3004,usable
"Small_intestine,_NOS_ABI1_Female_71_3004.jpg",usable,3004,usable
"Small_intestine,_NOS_ACACA_Female_71_3004.jpg",usable,3004,usable
"Small_intestine,_NOS_ACADSB_Female_71_3004.jpg",usable,3004,usable
"Small_intestine,_NOS_ACADS_Female_71_3004.jpg",usable,3004,usable
"Small_intestine,_NOS_ACADVL_Female_71_3004.jpg",usable,3004,usable
"Small_intestine,_NOS_ACBD3_Female_71_3004.jpg",usable,3004,usable
"Small_intestine,_NOS_ACO1_Female_71_3004.jpg",unusable,3004,unusable
"Small_intestine,_NOS_ACOT8_Female_71_3004.jpg",usable,3004,usable
"Small_intestine,_NOS_ACOX1_Female_71_3004.jpg",usable,3004,usable
"Small_intestine,_NOS_ACSL3_Female_71_3004.jpg",usable,3004,usable
"Small_intestine,_NOS_ACTL6A_Female_71_3004.jpg",unusable,3004,unusable
"Small_intestine,_NOS_ACVRL1_Female_71_3004.jpg",usable,3004,usable
"Small_intestine,_NOS_ADD1_Female_71_3004.jpg",usable,3004,usable
"Small_intestine,_NOS_ADD3_Female_71_3004.jpg",usable,3004,usable
"Small_intestine,_NOS_ADGRL1_Female_71_3004.jpg",usable,3004,usable
"Small_intestine,_NOS_ADM_Female_71_3004.jpg",usable,3004,usable
"Small_intestine,_NOS_AGO2_Female_71_3004.jpg",usable,3004,usable
"Small_intestine,_NOS_AGPAT2_Female_71_3004.jpg",usable,3004,usable
"Small_intestine,_NOS_AGR2_Female_71_3004.jpg",usable,3004,usable
"Small_intestine,_NOS_AHNAK_Female_71_3004.jpg",usable,3004,usable
"Small_intestine,_NOS_AK2_Female_71_3004.jpg",usable,3004,usable
"Small_intestine,_NOS_AKAP13_Female_71_3004.jpg",usable,3004,usable
"Small_intestine,_NOS_AKAP1_Female_71_3004.jpg",usable,3004,usable
"Small_intestine,_NOS_AKR1C3_Female_71_3004.jpg",usable,3004,usable
"Small_intestine,_NOS_ALAS1_Female_71_3004.jpg",usable,3004,usable
"Small_intestine,_NOS_ALDH1B1_Female_71_3004.jpg",usable,3004,usable
"Small_intestine,_NOS_ALKBH1_Female_71_3004.jpg",usable,3004,usable
"Small_intestine,_NOS_ALPG_Female_71_3004.jpg",usable,3004,usable
"Small_intestine,_NOS_ALYREF_Female_71_3004.jpg",unusable,3004,unusable
"Small_intestine,_NOS_AMPH_Female_71_3004.jpg",usable,3004,usable
"Small_intestine,_NOS_ANKHD1_Female_71_3004.jpg",usable,3004,usable
"Small_intestine,_NOS_ANKRD11_Female_71_3004.jpg",usable,3004,usable
"Small_intestine,_NOS_ANKRD37_Female_71_3004.jpg",usable,3004,usable
"Small_intestine,_NOS_ANKRD40_Female_71_3004.jpg",usable,3004,usable
"Small_intestine,_NOS_ANKRD46_Female_71_3004.jpg",usable,3004,usable
"Small_intestine,_NOS_AP1G1_Female_71_3004.jpg",usable,3004,usable
"Small_intestine,_NOS_API5_Female_71_3004.jpg",unusable,3004,unusable
"Small_intestine,_NOS_APOO_Female_71_3004.jpg",usable,3004,usable
"Small_intestine,_NOS_ARCN1_Female_71_3004.jpg",usable,3004,usable
"Small_intestine,_NOS_ARF1_Female_71_3004.jpg",usable,3004,usable
"Small_intestine,_NOS_ARFGEF1_Female_71_3004.jpg",usable,3004,usable
"Small_intestine,_NOS_ARHGAP31_Female_71_3004.jpg",usable,3004,usable
"Small_intestine,_NOS_ARHGAP32_Female_71_3004.jpg",usable,3004,usable
"Small_intestine,_NOS_ARHGAP6_Female_71_3004.jpg",usable,3004,usable
"Small_intestine,_NOS_ARHGEF10L_Female_71_3004.jpg",usable,3004,usable
"Small_intestine,_NOS_ARHGEF11_Female_71_3004.jpg",usable,3004,usable
"Small_intestine,_NOS_ARHGEF16_Female_71_3004.jpg",unusable,3004,unusable
"Small_intestine,_NOS_ARHGEF5_Female_71_3004.jpg",unusable,3004,unusable
"Small_intestine,_NOS_ARL6IP5_Female_71_3004.jpg",usable,3004,usable
"Small_intestine,_NOS_ASAP2_Female_71_3004.jpg",unusable,3004,unusable
"Small_intestine,_NOS_ASNSD1_Female_71_3004.jpg",usable,3004,usable
"Small_intestine,_NOS_ATF1_Female_71_3004.jpg",usable,3004,usable
"Small_intestine,_NOS_ATF7IP_Female_71_3004.jpg",unusable,3004,unusable
"Small_intestine,_NOS_ATG12_Female_71_3004.jpg",usable,3004,usable
"Small_intestine,_NOS_ATIC_Female_71_3004.jpg",usable,3004,usable
"Small_intestine,_NOS_ATP1A1_Female_71_3004.jpg",usable,3004,usable
"Small_intestine,_NOS_ATP2A3_Female_71_3004.jpg",usable,3004,usable
"Small_intestine,_NOS_ATP5F1A_Female_71_3004.jpg",usable,3004,usable
"Small_intestine,_NOS_ATP5PO_Female_71_3004.jpg",usable,3004,usable
"Small_intestine,_NOS_ATP6AP1_Female_71_3004.jpg",usable,3004,usable
"Small_intestine,_NOS_ATP6V0A1_Female_71_3004.jpg",usable,3004,usable
"Small_intestine,_NOS_ATP6V1G1_Female_71_3004.jpg",usable,3004,usable
"Small_intestine,_NOS_ATP7A_Female_71_3004.jpg",usable,3004,usable
"Small_intestine,_NOS_ATP7B_Female_71_3004.jpg",usable,3004,usable
"Small_intestine,_NOS_ATXN1_Female_71_3004.jpg",usable,3004,usable
"Small_intestine,_NOS_AUP1_Female_71_3004.jpg",usable,3004,usable
"Small_intestine,_NOS_AXIN1_Female_71_3004.jpg",usable,3004,usable
"Small_intestine,_NOS_AXIN2_Female_71_3004.jpg",usable,3004,usable
"Small_intestine,_NOS_B3GNT3_Female_71_3004.jpg",usable,3004,usable
"Small_intestine,_NOS_B4GALT1_Female_71_3004.jpg",usable,3004,usable
"Small_intestine,_NOS_B4GALT6_Female_71_3004.jpg",usable,3004,usable
"Small_intestine,_NOS_B9D1_Female_71_3004.jpg",usable,3004,usable
"Small_intestine,_NOS_BAG4_Female_71_3004.jpg",unusable,3004,unusable
"Small_intestine,_NOS_BAHCC1_Female_71_3004.jpg",usable,3004,usable
"Small_intestine,_NOS_BAIAP2L1_Female_71_3004.jpg",usable,3004,usable
"Small_intestine,_NOS_BBLN_Female_71_3004.jpg",usable,3004,usable
"Small_intestine,_NOS_BCKDHA_Female_71_3004.jpg",unusable,3004,unusable
"Small_intestine,_NOS_BCKDK_Female_71_3004.jpg",usable,3004,usable
"Small_intestine,_NOS_BCS1L_Female_71_3004.jpg",usable,3004,usable
"Small_intestine,_NOS_BLOC1S1_Female_71_3004.jpg",usable,3004,usable
"Small_intestine,_NOS_BMF_Female_71_3004.jpg",usable,3004,usable
"Small_intestine,_NOS_BMP1_Female_71_3004.jpg",usable,3004,usable
"Small_intestine,_NOS_BOC_Female_71_3004.jpg",usable,3004,usable
"Small_intestine,_NOS_BORA_Female_71_3004.jpg",usable,3004,usable
"Small_intestine,_NOS_BORCS5_Female_71_3004.jpg",usable,3004,usable
"Small_intestine,_NOS_BPHL_Female_71_3004.jpg",unusable,3004,unusable
"Small_intestine,_NOS_BPNT2_Female_71_3004.jpg",usable,3004,usable
"Small_intestine,_NOS_BRD4_Female_71_3004.jpg",unusable,3004,unusable
"Small_intestine,_NOS_BRPF3_Female_71_3004.jpg",unusable,3004,unusable
"Small_intestine,_NOS_BTF3_Female_71_3004.jpg",usable,3004,usable
"Small_intestine,_NOS_BTN3A1_Female_71_3004.jpg",usable,3004,usable
"Small_intestine,_NOS_BTN3A2_Female_71_3004.jpg",usable,3004,usable
"Small_intestine,_NOS_C14orf93_Female_71_3004.jpg",usable,3004,usable
"Small_intestine,_NOS_C15orf48_Female_71_3004.jpg",usable,3004,usable
"Small_intestine,_NOS_C17orf49_Female_71_3004.jpg",usable,3004,usable
"Small_intestine,_NOS_C17orf80_Female_71_3004.jpg",usable,3004,usable
"Small_intestine,_NOS_C1GALT1C1_Female_71_3004.jpg",usable,3004,usable
"Small_intestine,_NOS_C1GALT1_Female_71_3004.jpg",usable,3004,usable
"Small_intestine,_NOS_C1orf116_Female_71_3004.jpg",usable,3004,usable
"Small_intestine,_NOS_C1orf54_Female_71_3004.jpg",usable,3004,usable
"Small_intestine,_NOS_C21orf91_Female_71_3004.jpg",usable,3004,usable
"Small_intestine,_NOS_C5orf15_Female_71_3004.jpg",usable,3004,usable
"Small_intestine,_NOS_C7orf25_Female_71_3004.jpg",usable,3004,usable
"Small_intestine,_NOS_C8orf44-SGK3_Female_71_3004.jpg",unusable,3004,unusable
"Small_intestine,_NOS_C9orf72_Female_71_3004.jpg",usable,3004,usable
"Small_intestine,_NOS_CA13_Female_71_3004.jpg",unusable,3004,unusable
"Small_intestine,_NOS_CALCRL_Female_71_3004.jpg",usable,3004,usable
"Small_intestine,_NOS_CALHM2_Female_71_3004.jpg",usable,3004,usable
"Small_intestine,_NOS_CALM2_Female_71_3004.jpg",unusable,3004,unusable
"Small_intestine,_NOS_CANT1_Female_71_3004.jpg",usable,3004,usable
"Small_intestine,_NOS_CAPRIN1_Female_71_3004.jpg",usable,3004,usable
"Small_intestine,_NOS_CASP2_Female_71_3004.jpg",usable,3004,usable
"Small_intestine,_NOS_CASP8_Female_71_3004.jpg",usable,3004,usable
"Small_intestine,_NOS_CBLB_Female_71_3004.jpg",unusable,3004,unusable
"Small_intestine,_NOS_CBR1_Female_71_3004.jpg",unusable,3004,unusable
"Small_intestine,_NOS_CBR3_Female_71_3004.jpg",unusable,3004,unusable
"Small_intestine,_NOS_CC2D1A_Female_71_3004.jpg",usable,3004,usable
"Small_intestine,_NOS_CCDC186_Female_71_3004.jpg",usable,3004,usable
"Small_intestine,_NOS_CCDC51_Female_71_3004.jpg",unusable,3004,unusable
"Small_intestine,_NOS_CCDC57_Female_71_3004.jpg",usable,3004,usable
"Small_intestine,_NOS_CCN4_Female_71_3004.jpg",unusable,3004,unusable
"Small_intestine,_NOS_CCNDBP1_Female_71_3004.jpg",usable,3004,usable
"Small_intestine,_NOS_CCPG1_Female_71_3004.jpg",usable,3004,usable
"Small_intestine,_NOS_CCS_Female_71_3004.jpg",usable,3004,usable
"Small_intestine,_NOS_CCT3_Female_71_3004.jpg",usable,3004,usable
"Small_intestine,_NOS_CCT7_Female_71_3004.jpg",usable,3004,usable
"Small_intestine,_NOS_CDC16_Female_71_3004.jpg",usable,3004,usable
"Small_intestine,_NOS_CDC34_Female_71_3004.jpg",usable,3004,usable
"Small_intestine,_NOS_CDC42EP4_Female_71_3004.jpg",usable,3004,usable
"Small_intestine,_NOS_CDC73_Female_71_3004.jpg",usable,3004,usable
"Small_intestine,_NOS_CDCA5_Female_71_3004.jpg",usable,3004,usable
"Small_intestine,_NOS_CDH17_Female_71_3004.jpg",unusable,3004,unusable
"Small_intestine,_NOS_CDH23_Female_71_3004.jpg",usable,3004,usable
"Small_intestine,_NOS_CDHR5_Female_71_3004.jpg",usable,3004,usable
"Small_intestine,_NOS_CDK11B_Female_71_3004.jpg",unusable,3004,unusable
"Small_intestine,_NOS_CDK12_Female_71_3004.jpg",usable,3004,usable
"Small_intestine,_NOS_CDK17_Female_71_3004.jpg",usable,3004,usable
"Small_intestine,_NOS_CDK5RAP3_Female_71_3004.jpg",usable,3004,usable
"Small_intestine,_NOS_CDR2L_Female_71_3004.jpg",usable,3004,usable
"Small_intestine,_NOS_CDR2_Female_71_3004.jpg",usable,3004,usable
"Small_intestine,_NOS_CELF1_Female_71_3004.jpg",usable,3004,usable
"Small_intestine,_NOS_CFAP20_Female_71_3004.jpg",usable,3004,usable
"Small_intestine,_NOS_CFLAR_Female_71_3004.jpg",usable,3004,usable
"Small_intestine,_NOS_CGN_Female_71_3004.jpg",usable,3004,usable
"Small_intestine,_NOS_CHADL_Female_71_3004.jpg",usable,3004,usable
"Small_intestine,_NOS_CHAF1A_Female_71_3004.jpg",usable,3004,usable
"Small_intestine,_NOS_CHAMP1_Female_71_3004.jpg",usable,3004,usable
"Small_intestine,_NOS_CHD4_Female_71_3004.jpg",usable,3004,usable
"Small_intestine,_NOS_CHMP2A_Female_71_3004.jpg",usable,3004,usable
"Small_intestine,_NOS_CHMP3_Female_71_3004.jpg",usable,3004,usable
"Small_intestine,_NOS_CHMP4C_Female_71_3004.jpg",usable,3004,usable
"Small_intestine,_NOS_CHN2_Female_71_3004.jpg",usable,3004,usable
"Small_intestine,_NOS_CHRDL2_Female_71_3004.jpg",usable,3004,usable
"Small_intestine,_NOS_CHST10_Female_71_3004.jpg",usable,3004,usable
"Small_intestine,_NOS_CIAO1_Female_71_3004.jpg",usable,3004,usable
"Small_intestine,_NOS_CLCC1_Female_71_3004.jpg",usable,3004,usable
"Small_intestine,_NOS_CLCN2_Female_71_3004.jpg",usable,3004,usable
"Small_intestine,_NOS_CLDN11_Female_71_3004.jpg",usable,3004,usable
"Small_intestine,_NOS_CLDN3_Female_71_3004.jpg",usable,3004,usable
"Small_intestine,_NOS_CLDN7_Female_71_3004.jpg",usable,3004,usable
"Small_intestine,_NOS_CLEC2D_Female_71_3004.jpg",usable,3004,usable
"Small_intestine,_NOS_CLEC4C_Female_71_3004.jpg",usable,3004,usable
"Small_intestine,_NOS_CLIP2_Female_71_3004.jpg",usable,3004,usable
"Small_intestine,_NOS_CLPP_Female_71_3004.jpg",usable,3004,usable
"Small_intestine,_NOS_CNDP2_Female_71_3004.jpg",usable,3004,usable
"Small_intestine,_NOS_CNN3_Female_71_3004.jpg",unusable,3004,unusable
"Small_intestine,_NOS_CNNM3_Female_71_3004.jpg",unusable,3004,unusable
"Small_intestine,_NOS_CNNM4_Female_71_3004.jpg",usable,3004,usable
"Small_intestine,_NOS_CNOT4_Female_71_3004.jpg",usable,3004,usable
"Small_intestine,_NOS_CNTROB_Female_71_3004.jpg",usable,3004,usable
"Small_intestine,_NOS_COBL_Female_71_3004.jpg",unusable,3004,unusable
"Small_intestine,_NOS_COG3_Female_71_3004.jpg",usable,3004,usable
"Small_intestine,_NOS_COG5_Female_71_3004.jpg",usable,3004,usable
"Small_intestine,_NOS_COMMD9_Female_71_3004.jpg",usable,3004,usable
"Small_intestine,_NOS_COPB1_Female_71_3004.jpg",usable,3004,usable
"Small_intestine,_NOS_COPS7B_Female_71_3004.jpg",usable,3004,usable
"Small_intestine,_NOS_COX6C_Female_71_3004.jpg",usable,3004,usable
"Small_intestine,_NOS_CPE_Female_71_3004.jpg",usable,3004,usable
"Small_intestine,_NOS_CPT1A_Female_71_3004.jpg",unusable,3004,unusable
"Small_intestine,_NOS_CRACD_Female_71_3004.jpg",usable,3004,usable
"Small_intestine,_NOS_CREB3L1_Female_71_3004.jpg",usable,3004,usable
"Small_intestine,_NOS_CRIP1_Female_71_3004.jpg",usable,3004,usable
"Small_intestine,_NOS_CRISPLD1_Female_71_3004.jpg",usable,3004,usable
"Small_intestine,_NOS_CRK_Female_71_3004.jpg",usable,3004,usable
"Small_intestine,_NOS_CROT_Female_71_3004.jpg",usable,3004,usable
"Small_intestine,_NOS_CRY1_Female_71_3004.jpg",unusable,3004,unusable
"Small_intestine,_NOS_CRYBG1_Female_71_3004.jpg",usable,3004,usable
"Small_intestine,_NOS_CRYZL1_Female_71_3004.jpg",usable,3004,usable
"Small_intestine,_NOS_CTNNA1_Female_71_3004.jpg",usable,3004,usable
"Small_intestine,_NOS_CTPS2_Female_71_3004.jpg",usable,3004,usable
"Small_intestine,_NOS_CTSA_Female_71_3004.jpg",usable,3004,usable
"Small_intestine,_NOS_CTSZ_Female_71_3004.jpg",usable,3004,usable
"Small_intestine,_NOS_CTTNBP2NL_Female_71_3004.jpg",usable,3004,usable
"Small_intestine,_NOS_CWC25_Female_71_3004.jpg",unusable,3004,unusable
"Small_intestine,_NOS_CWF19L1_Female_71_3004.jpg",unusable,3004,unusable
"Small_intestine,_NOS_CYB5R4_Female_71_3004.jpg",usable,3004,usable
"Small_intestine,_NOS_CYBRD1_Female_71_3004.jpg",usable,3004,usable
"Small_intestine,_NOS_CYP3A4_Female_71_3004.jpg",usable,3004,usable
"Small_intestine,_NOS_CYP4F11_Female_71_3004.jpg",usable,3004,usable
"Small_intestine,_NOS_CYP4F2_Female_71_3004.jpg",usable,3004,usable
"Small_intestine,_NOS_CYP7B1_Female_71_3004.jpg",usable,3004,usable
"Small_intestine,_NOS_DACH1_Female_71_3004.jpg",usable,3004,usable
"Small_intestine,_NOS_DAP3_Female_71_3004.jpg",usable,3004,usable
"Small_intestine,_NOS_DARS2_Female_71_3004.jpg",usable,3004,usable
"Small_intestine,_NOS_DAZAP1_Female_71_3004.jpg",usable,3004,usable
"Small_intestine,_NOS_DCLK1_Female_71_3004.jpg",usable,3004,usable
"Small_intestine,_NOS_DCTN4_Female_71_3004.jpg",usable,3004,usable
"Small_intestine,_NOS_DDHD2_Female_71_3004.jpg",usable,3004,usable
"Small_intestine,_NOS_DDOST_Female_71_3004.jpg",usable,3004,usable
"Small_intestine,_NOS_DDR1_Female_71_3004.jpg",unusable,3004,unusable
"Small_intestine,_NOS_DDX1_Female_71_3004.jpg",usable,3004,usable
"Small_intestine,_NOS_DDX41_Female_71_3004.jpg",unusable,3004,unusable
"Small_intestine,_NOS_DDX49_Female_71_3004.jpg",usable,3004,usable
"Small_intestine,_NOS_DECR1_Female_71_3004.jpg",usable,3004,usable
"Small_intestine,_NOS_DENND1B_Female_71_3004.jpg",usable,3004,usable
"Small_intestine,_NOS_DENND4C_Female_71_3004.jpg",usable,3004,usable
"Small_intestine,_NOS_DERL1_Female_71_3004.jpg",usable,3004,usable
"Small_intestine,_NOS_DHODH_Female_71_3004.jpg",usable,3004,usable
"Small_intestine,_NOS_DHRS3_Female_71_3004.jpg",usable,3004,usable
"Small_intestine,_NOS_DHRS7B_Female_71_3004.jpg",usable,3004,usable
"Small_intestine,_NOS_DHX58_Female_71_3004.jpg",usable,3004,usable
"Small_intestine,_NOS_DHX9_Female_71_3004.jpg",usable,3004,usable
"Small_intestine,_NOS_DIPK1A_Female_71_3004.jpg",usable,3004,usable
"Small_intestine,_NOS_DLG1_Female_71_3004.jpg",usable,3004,usable
"Small_intestine,_NOS_DLL4_Female_71_3004.jpg",usable,3004,usable
"Small_intestine,_NOS_DMXL1_Female_71_3004.jpg",unusable,3004,unusable
"Small_intestine,_NOS_DNAJA3_Female_71_3004.jpg",usable,3004,usable
"Small_intestine,_NOS_DNAJB14_Female_71_3004.jpg",usable,3004,usable
"Small_intestine,_NOS_DNAJC27_Female_71_3004.jpg",usable,3004,usable
"Small_intestine,_NOS_DNAJC28_Female_71_3004.jpg",usable,3004,usable
"Small_intestine,_NOS_DNAJC2_Female_71_3004.jpg",unusable,3004,unusable
"Small_intestine,_NOS_DNMT3A_Female_71_3004.jpg",usable,3004,usable
"Small_intestine,_NOS_DNPEP_Female_71_3004.jpg",usable,3004,usable
"Small_intestine,_NOS_DNPH1_Female_71_3004.jpg",unusable,3004,unusable
"Small_intestine,_NOS_DPF2_Female_71_3004.jpg",usable,3004,usable
"Small_intestine,_NOS_DPP8_Female_71_3004.jpg",usable,3004,usable
"Small_intestine,_NOS_DSC2_Female_71_3004.jpg",usable,3004,usable
"Small_intestine,_NOS_DUSP10_Female_71_3004.jpg",usable,3004,usable
"Small_intestine,_NOS_DUSP14_Female_71_3004.jpg",usable,3004,usable
"Small_intestine,_NOS_DUSP19_Female_71_3004.jpg",unusable,3004,unusable
"Small_intestine,_NOS_DVL1_Female_71_3004.jpg",unusable,3004,unusable
"Small_intestine,_NOS_DVL2_Female_71_3004.jpg",usable,3004,usable
"Small_intestine,_NOS_DYNLRB1_Female_71_3004.jpg",usable,3004,usable
"Small_intestine,_NOS_DYRK1A_Female_71_3004.jpg",usable,3004,usable
"Small_intestine,_NOS_EBAG9_Female_71_3004.jpg",usable,3004,usable
"Small_intestine,_NOS_EBNA1BP2_Female_71_3004.jpg",unusable,3004,unusable
"Small_intestine,_NOS_ECSIT_Female_71_3004.jpg",usable,3004,usable
"Small_intestine,_NOS_EEF1B2_Female_71_3004.jpg",usable,3004,usable
"Small_intestine,_NOS_EEF2_Female_71_3004.jpg",usable,3004,usable
"Small_intestine,_NOS_EFNA5_Female_71_3004.jpg",unusable,3004,unusable
"Small_intestine,_NOS_EFR3A_Female_71_3004.jpg",usable,3004,usable
"Small_intestine,_NOS_EFTUD2_Female_71_3004.jpg",usable,3004,usable
"Small_intestine,_NOS_EGLN1_Female_71_3004.jpg",usable,3004,usable
"Small_intestine,_NOS_EHBP1L1_Female_71_3004.jpg",usable,3004,usable
"Small_intestine,_NOS_EIF2AK3_Female_71_3004.jpg",usable,3004,usable
"Small_intestine,_NOS_EIF2S1_Female_71_3004.jpg",usable,3004,usable
"Small_intestine,_NOS_EIF3B_Female_71_3004.jpg",usable,3004,usable
"Small_intestine,_NOS_EIF4A2_Female_71_3004.jpg",usable,3004,usable
"Small_intestine,_NOS_EIF4A3_Female_71_3004.jpg",usable,3004,usable
"Small_intestine,_NOS_EIF4EBP2_Female_71_3004.jpg",usable,3004,usable
"Small_intestine,_NOS_EIF4G1_Female_71_3004.jpg",usable,3004,usable
"Small_intestine,_NOS_ELP5_Female_71_3004.jpg",unusable,3004,unusable
"Small_intestine,_NOS_EME1_Female_71_3004.jpg",usable,3004,usable
"Small_intestine,_NOS_ENDOD1_Female_71_3004.jpg",usable,3004,usable
"Small_intestine,_NOS_ENPP4_Female_71_3004.jpg",usable,3004,usable
"Small_intestine,_NOS_ENSG00000255730_Female_71_3004.jpg",unusable,3004,unusable
"Small_intestine,_NOS_ENSG00000262660_Female_71_3004.jpg",usable,3004,usable
"Small_intestine,_NOS_ENTPD2_Female_71_3004.jpg",usable,3004,usable
"Small_intestine,_NOS_ENTPD4_Female_71_3004.jpg",usable,3004,usable
"Small_intestine,_NOS_ENY2_Female_71_3004.jpg",usable,3004,usable
"Small_intestine,_NOS_EP400_Female_71_3004.jpg",usable,3004,usable
"Small_intestine,_NOS_EPHB4_Female_71_3004.jpg",usable,3004,usable
"Small_intestine,_NOS_EPHX2_Female_71_3004.jpg",usable,3004,usable
"Small_intestine,_NOS_EPS15L1_Female_71_3004.jpg",usable,3004,usable
"Small_intestine,_NOS_ERAL1_Female_71_3004.jpg",usable,3004,usable
"Small_intestine,_NOS_ERAP1_Female_71_3004.jpg",usable,3004,usable
"Small_intestine,_NOS_ERGIC1_Female_71_3004.jpg",usable,3004,usable
"Small_intestine,_NOS_ERLIN1_Female_71_3004.jpg",usable,3004,usable
"Small_intestine,_NOS_ERN1_Female_71_3004.jpg",usable,3004,usable
"Small_intestine,_NOS_ETF1_Female_71_3004.jpg",usable,3004,usable
"Small_intestine,_NOS_ETFA_Female_71_3004.jpg",usable,3004,usable
"Small_intestine,_NOS_ETFB_Female_71_3004.jpg",usable,3004,usable
"Small_intestine,_NOS_ETV5_Female_71_3004.jpg",usable,3004,usable
"Small_intestine,_NOS_EWSR1_Female_71_3004.jpg",unusable,3004,unusable
"Small_intestine,_NOS_EXOC7_Female_71_3004.jpg",unusable,3004,unusable
"Small_intestine,_NOS_EXOSC8_Female_71_3004.jpg",usable,3004,usable
"Small_intestine,_NOS_EXTL2_Female_71_3004.jpg",unusable,3004,unusable
"Small_intestine,_NOS_EYA2_Female_71_3004.jpg",usable,3004,usable
"Small_intestine,_NOS_FAAH_Female_71_3004.jpg",usable,3004,usable
"Small_intestine,_NOS_FABP7_Female_71_3004.jpg",usable,3004,usable
"Small_intestine,_NOS_FADS2_Female_71_3004.jpg",usable,3004,usable
"Small_intestine,_NOS_FAHD1_Female_71_3004.jpg",usable,3004,usable
"Small_intestine,_NOS_FAM110B_Female_71_3004.jpg",usable,3004,usable
"Small_intestine,_NOS_FAM117A_Female_71_3004.jpg",usable,3004,usable
"Small_intestine,_NOS_FAM120A_Female_71_3004.jpg",usable,3004,usable
"Small_intestine,_NOS_FAM174B_Female_71_3004.jpg",unusable,3004,unusable
"Small_intestine,_NOS_FAM3B_Female_71_3004.jpg",usable,3004,usable
"Small_intestine,_NOS_FAR2_Female_71_3004.jpg",unusable,3004,unusable
"Small_intestine,_NOS_FBXO30_Female_71_3004.jpg",usable,3004,usable
"Small_intestine,_NOS_FCER1G_Female_71_3004.jpg",usable,3004,usable
"Small_intestine,_NOS_FCHO2_Female_71_3004.jpg",usable,3004,usable
"Small_intestine,_NOS_FGD6_Female_71_3004.jpg",usable,3004,usable
"Small_intestine,_NOS_FH_Female_71_3004.jpg",usable,3004,usable
"Small_intestine,_NOS_FICD_Female_71_3004.jpg",usable,3004,usable
"Small_intestine,_NOS_FIS1_Female_71_3004.jpg",usable,3004,usable
"Small_intestine,_NOS_FKBP5_Female_71_3004.jpg",usable,3004,usable
"Small_intestine,_NOS_FKBP7_Female_71_3004.jpg",usable,3004,usable
"Small_intestine,_NOS_FKBP9_Female_71_3004.jpg",usable,3004,usable
"Small_intestine,_NOS_FMR1_Female_71_3004.jpg",usable,3004,usable
"Small_intestine,_NOS_FNDC3A_Female_71_3004.jpg",usable,3004,usable
"Small_intestine,_NOS_FOXA3_Female_71_3004.jpg",usable,3004,usable
"Small_intestine,_NOS_FOXJ2_Female_71_3004.jpg",unusable,3004,unusable
"Small_intestine,_NOS_FOXK1_Female_71_3004.jpg",usable,3004,usable
"Small_intestine,_NOS_FOXP1_Female_71_3004.jpg",usable,3004,usable
"Small_intestine,_NOS_FOXP4_Female_71_3004.jpg",usable,3004,usable
"Small_intestine,_NOS_FTL_Female_71_3004.jpg",usable,3004,usable
"Small_intestine,_NOS_FUBP1_Female_71_3004.jpg",usable,3004,usable
"Small_intestine,_NOS_FUS_Female_71_3004.jpg",usable,3004,usable
"Small_intestine,_NOS_FUT11_Female_71_3004.jpg",usable,3004,usable
"Small_intestine,_NOS_FXR2_Female_71_3004.jpg",usable,3004,usable
"Small_intestine,_NOS_FZD1_Female_71_3004.jpg",usable,3004,usable
"Small_intestine,_NOS_FZD6_Female_71_3004.jpg",unusable,3004,unusable
"Small_intestine,_NOS_G3BP2_Female_71_3004.jpg",usable,3004,usable
"Small_intestine,_NOS_GABPB1_Female_71_3004.jpg",usable,3004,usable
"Small_intestine,_NOS_GABRP_Female_71_3004.jpg",usable,3004,usable
"Small_intestine,_NOS_GALC_Female_71_3004.jpg",usable,3004,usable
"Small_intestine,_NOS_GALK1_Female_71_3004.jpg",usable,3004,usable
"Small_intestine,_NOS_GFM1_Female_71_3004.jpg",usable,3004,usable
"Small_intestine,_NOS_GLYCTK_Female_71_3004.jpg",unusable,3004,unusable
"Small_intestine,_NOS_GYS1_Female_71_3004.jpg",usable,3004,usable
"Small_intestine,_NOS_HADHB_Female_71_3004.jpg",usable,3004,usable
"Small_intestine,_NOS_HARS1_Female_71_3004.jpg",usable,3004,usable
"Small_intestine,_NOS_ISCU_Female_71_3004.jpg",usable,3004,usable
Small_intestine_A1CF_Female_68_3852.jpg,usable,3852,usable
Small_intestine_A1CF_Male_70_1919.jpg,unusable,1919,unusable
Small_intestine_AACS_Male_26_3472.jpg,usable,3472,usable
Small_intestine_AACS_Male_70_1919.jpg,usable,1919,usable
Small_intestine_AAGAB_Female_64_2450.jpg,usable,2450,usable
Small_intestine_AAGAB_Female_68_3852.jpg,usable,3852,usable
Small_intestine_AARS2_Female_64_2450.jpg,unusable,2450,unusable
Small_intestine_AASDH_Female_64_2450.jpg,unusable,2450,unusable
Small_intestine_AASDH_Male_7_1826.jpg,usable,1826,usable
Small_intestine_AASS_Female_56_3343.jpg,usable,3343,usable
Small_intestine_AASS_Female_84_2256.jpg,unusable,2256,unusable
Small_intestine_AASS_Male_7_1826.jpg,usable,1826,usable
Small_intestine_AATF_Male_71_2411.jpg,usable,2411,usable
Small_intestine_ABCA5_Female_84_2256.jpg,unusable,2256,unusable
Small_intestine_ABCA5_Male_41_2226.jpg,unusable,2226,unusable
Small_intestine_ABCA5_Male_7_1826.jpg,usable,1826,usable
Small_intestine_ABCA9_Female_64_2450.jpg,unusable,2450,unusable
Small_intestine_ABCA9_Female_68_3852.jpg,unusable,3852,unusable
Small_intestine_ABCA9_Male_70_1919.jpg,unusable,1919,unusable
Small_intestine_ABCD3_Female_64_2450.jpg,usable,2450,usable
Small_intestine_ABCE1_Female_56_3343.jpg,usable,3343,usable
Small_intestine_ABCE1_Female_84_2256.jpg,usable,2256,usable
Small_intestine_ABCF1_Female_56_3343.jpg,usable,3343,usable
Small_intestine_ABCF1_Female_84_2256.jpg,unusable,2256,unusable
Small_intestine_ABCF3_Female_64_2450.jpg,unusable,2450,unusable
Small_intestine_ABCF3_Male_41_2226.jpg,unusable,2226,unusable
Small_intestine_ABCG2_Female_68_3852.jpg,usable,3852,usable
Small_intestine_ABCG2_Male_26_3472.jpg,usable,3472,usable
Small_intestine_ABCG2_Male_70_1919.jpg,unusable,1919,unusable
Small_intestine_ABCG8_Female_56_3343.jpg,usable,3343,usable
Small_intestine_ABCG8_Female_84_2256.jpg,usable,2256,usable
Small_intestine_ABCG8_Male_7_1826.jpg,usable,1826,usable
Small_intestine_ABHD10_Female_64_2450.jpg,usable,2450,usable
Small_intestine_ABHD10_Male_41_2226.jpg,usable,2226,usable
Small_intestine_ABHD18_Female_64_2450.jpg,usable,2450,usable
Small_intestine_ABHD18_Female_68_3852.jpg,usable,3852,usable
Small_intestine_ABHD18_Male_70_1919.jpg,usable,1919,usable
Small_intestine_ABHD2_Male_71_2411.jpg,usable,2411,usable
Small_intestine_ABHD8_Female_84_2256.jpg,usable,2256,usable
Small_intestine_ABHD8_Male_41_2226.jpg,usable,2226,usable
Small_intestine_ABHD8_Male_7_1826.jpg,usable,1826,usable
Small_intestine_ABI1_Female_56_3343.jpg,usable,3343,usable
Small_intestine_ABR_Female_64_2450.jpg,unusable,2450,unusable
Small_intestine_ABR_Female_68_3852.jpg,usable,3852,usable
Small_intestine_ABR_Male_70_1919.jpg,usable,1919,usable
Small_intestine_ACAA2_Female_64_2450.jpg,usable,2450,usable
Small_intestine_ACAA2_Female_68_3852.jpg,usable,3852,usable
Small_intestine_ACACA_Male_26_3472.jpg,usable,3472,usable
Small_intestine_ACACA_Male_41_2226.jpg,unusable,2226,unusable
Small_intestine_ACAD8_Female_64_2450.jpg,usable,2450,usable
Small_intestine_ACAD8_Female_68_3852.jpg,usable,3852,usable
Small_intestine_ACAD8_Male_68_2471.jpg,unusable,2471,unusable
Small_intestine_ACAD8_Male_70_1919.jpg,unusable,1919,unusable
Small_intestine_ACAD9_Male_68_2471.jpg,usable,2471,usable
Small_intestine_ACADM_Male_41_2226.jpg,unusable,2226,unusable
Small_intestine_ACADM_Male_71_2411.jpg,unusable,2411,unusable
Small_intestine_ACADSB_Female_84_2256.jpg,usable,2256,usable
Small_intestine_ACADSB_Male_41_2226.jpg,usable,2226,usable
Small_intestine_ACADS_Female_56_3343.jpg,usable,3343,usable
Small_intestine_ACADS_Female_84_2256.jpg,unusable,2256,unusable
Small_intestine_ACADVL_Female_56_3343.jpg,usable,3343,usable
Small_intestine_ACADVL_Female_84_2256.jpg,unusable,2256,unusable
Small_intestine_ACADVL_Male_7_1826.jpg,usable,1826,usable
Small_intestine_ACAP2_Female_64_2450.jpg,usable,2450,usable
Small_intestine_ACAP2_Male_41_2226.jpg,unusable,2226,unusable
Small_intestine_ACAP3_Female_64_2450.jpg,unusable,2450,unusable
Small_intestine_ACAP3_Female_68_3852.jpg,usable,3852,usable
Small_intestine_ACAP3_Male_68_2471.jpg,unusable,2471,unusable
Small_intestine_ACAP3_Male_70_1919.jpg,usable,1919,usable
Small_intestine_ACAT1_Male_41_2226.jpg,usable,2226,usable
Small_intestine_ACAT1_Male_71_2411.jpg,usable,2411,usable
Small_intestine_ACBD3_Female_56_3343.jpg,usable,3343,usable
Small_intestine_ACBD3_Female_84_2256.jpg,usable,2256,usable
Small_intestine_ACBD4_Female_64_2450.jpg,usable,2450,usable
Small_intestine_ACBD4_Male_68_2471.jpg,unusable,2471,unusable
Small_intestine_ACBD5_Male_41_2226.jpg,usable,2226,usable
Small_intestine_ACBD5_Male_71_2411.jpg,usable,2411,usable
Small_intestine_ACE2_Female_44_1800.jpg,usable,1800,usable
Small_intestine_ACE2_Male_66_4202.jpg,usable,4202,usable
Small_intestine_ACE2_Male_88_2135.jpg,usable,2135,usable
Small_intestine_ACE_Male_41_2226.jpg,usable,2226,usable
Small_intestine_ACE_Male_71_2411.jpg,usable,2411,usable
Small_intestine_ACO1_Female_56_3343.jpg,usable,3343,usable
Small_intestine_ACO1_Female_84_2256.jpg,usable,2256,usable
Small_intestine_ACO1_Male_7_1826.jpg,usable,1826,usable
Small_intestine_ACO2_Male_41_2226.jpg,usable,2226,usable
Small_intestine_ACO2_Male_71_2411.jpg,usable,2411,usable
Small_intestine_ACOT8_Male_41_2226.jpg,usable,2226,usable
Small_intestine_ACOX1_Female_56_3343.jpg,usable,3343,usable
Small_intestine_ACSF2_Female_84_2256.jpg,unusable,2256,unusable
Small_intestine_ACSF2_Male_41_2226.jpg,usable,2226,usable
Small_intestine_ACSF2_Male_7_1826.jpg,usable,1826,usable
Small_intestine_ACSL1_Female_44_1800.jpg,usable,1800,usable
Small_intestine_ACSL1_Male_37_1652.jpg,usable,1652,usable
Small_intestine_ACSL1_Male_66_4202.jpg,usable,4202,usable
Small_intestine_ACSL3_Female_56_3343.jpg,usable,3343,usable
Small_intestine_ACSL5_Male_71_2411.jpg,unusable,2411,unusable
Small_intestine_ACSL6_Female_44_1800.jpg,usable,1800,usable
Small_intestine_ACSL6_Female_90_4380.jpg,unusable,4380,unusable
Small_intestine_ACSL6_Male_66_4202.jpg,usable,4202,usable
Small_intestine_ACTA1_Female_37_29.jpg,unusable,29,unusable
Small_intestine_ACTA1_Female_69_133.jpg,usable,133,usable
Small_intestine_ACTA1_Male_1_493.jpg,unusable,493,unusable
Small_intestine_ACTA2_Female_37_29.jpg,usable,29,usable
Small_intestine_ACTA2_Female_51_202.jpg,unusable,202,unusable
Small_intestine_ACTA2_Male_1_493.jpg,usable,493,usable
Small_intestine_ACTBL2_Female_64_2450.jpg,unusable,2450,unusable
Small_intestine_ACTBL2_Female_68_3852.jpg,usable,3852,usable
Small_intestine_ACTBL2_Male_68_2471.jpg,usable,2471,usable
Small_intestine_ACTBL2_Male_70_1919.jpg,unusable,1919,unusable
Small_intestine_ACTB_Male_41_2226.jpg,usable,2226,usable
Small_intestine_ACTB_Male_71_2411.jpg,usable,2411,usable
Small_intestine_ACTC1_Female_64_2450.jpg,unusable,2450,unusable
Small_intestine_ACTC1_Male_70_1919.jpg,unusable,1919,unusable
Small_intestine_ACTG1_Female_64_2450.jpg,unusable,2450,unusable
Small_intestine_ACTG1_Female_68_3852.jpg,usable,3852,usable
Small_intestine_ACTG1_Male_68_2471.jpg,usable,2471,usable
Small_intestine_ACTG1_Male_70_1919.jpg,unusable,1919,unusable
Small_intestine_ACTG2_Female_64_2450.jpg,unusable,2450,unusable
Small_intestine_ACTG2_Female_68_3852.jpg,usable,3852,usable
Small_intestine_ACTG2_Male_68_2471.jpg,usable,2471,usable
Small_intestine_ACTG2_Male_70_1919.jpg,unusable,1919,unusable
Small_intestine_ACTL6A_Female_56_3343.jpg,usable,3343,usable
Small_intestine_ACTL6A_Female_84_2256.jpg,usable,2256,usable
Small_intestine_ACTN1_Male_71_2411.jpg,usable,2411,usable
Small_intestine_ACVR1C_Male_41_2226.jpg,usable,2226,usable
Small_intestine_ACVR1C_Male_71_2411.jpg,usable,2411,usable
Small_intestine_ACVR2A_Female_64_2450.jpg,unusable,2450,unusable
Small_intestine_ACVRL1_Female_56_3343.jpg,usable,3343,usable
Small_intestine_ACY3_Female_64_2450.jpg,usable,2450,usable
Small_intestine_ACY3_Female_68_3852.jpg,usable,3852,usable
Small_intestine_ADAL_Female_64_2450.jpg,usable,2450,usable
Small_intestine_ADCY4_Male_71_2411.jpg,usable,2411,usable
Small_intestine_ADD1_Female_56_3343.jpg,usable,3343,usable
Small_intestine_ADD1_Male_41_2226.jpg,usable,2226,usable
Small_intestine_ADD3_Female_56_3343.jpg,usable,3343,usable
Small_intestine_ADD3_Male_41_2226.jpg,unusable,2226,unusable
Small_intestine_ADGRG1_Female_64_2450.jpg,unusable,2450,unusable
Small_intestine_ADGRG1_Female_68_3852.jpg,usable,3852,usable
Small_intestine_ADGRL1_Female_56_3343.jpg,usable,3343,usable
Small_intestine_ADH6_Female_44_1800.jpg,unusable,1800,unusable
Small_intestine_ADH6_Female_90_4380.jpg,unusable,4380,unusable
Small_intestine_ADH6_Male_66_4202.jpg,usable,4202,usable
Small_intestine_ADM_Female_56_3343.jpg,usable,3343,usable
Small_intestine_ADM_Female_84_2256.jpg,usable,2256,usable
Small_intestine_ADNP_Male_41_2226.jpg,usable,2226,usable
Small_intestine_ADNP_Male_71_2411.jpg,usable,2411,usable
Small_intestine_ADORA2A_Female_44_1800.jpg,unusable,1800,unusable
Small_intestine_ADORA2A_Female_90_4380.jpg,unusable,4380,unusable
Small_intestine_ADORA2A_Male_66_4202.jpg,usable,4202,usable
Small_intestine_ADPGK_Female_64_2450.jpg,usable,2450,usable
Small_intestine_ADPGK_Female_68_3852.jpg,usable,3852,usable
Small_intestine_ADPGK_Male_68_2471.jpg,unusable,2471,unusable
Small_intestine_ADPGK_Male_70_1919.jpg,usable,1919,usable
Small_intestine_ADRM1_Female_64_2450.jpg,usable,2450,usable
Small_intestine_ADRM1_Male_70_1919.jpg,unusable,1919,unusable
Small_intestine_ADSL_Female_37_29.jpg,unusable,29,unusable
Small_intestine_ADSL_Female_51_202.jpg,unusable,202,unusable
Small_intestine_AFG3L2_Male_41_2226.jpg,usable,2226,usable
Small_intestine_AFG3L2_Male_71_2411.jpg,usable,2411,usable
Small_intestine_AGA_Male_41_2226.jpg,usable,2226,usable
Small_intestine_AGA_Male_7_1826.jpg,usable,1826,usable
Small_intestine_AGMAT_Female_84_2256.jpg,unusable,2256,unusable
Small_intestine_AGMAT_Male_41_2226.jpg,usable,2226,usable
Small_intestine_AGMAT_Male_7_1826.jpg,usable,1826,usable
Small_intestine_AGO2_Female_56_3343.jpg,usable,3343,usable
Small_intestine_AGO2_Female_84_2256.jpg,unusable,2256,unusable
Small_intestine_AGPAT1_Female_56_1499.jpg,unusable,1499,unusable
Small_intestine_AGPAT1_Male_37_1652.jpg,usable,1652,usable
Small_intestine_AGPAT1_Male_70_1919.jpg,usable,1919,usable
Small_intestine_AGPAT2_Female_56_3343.jpg,usable,3343,usable
Small_intestine_AGPAT2_Female_84_2256.jpg,unusable,2256,unusable
Small_intestine_AGPAT2_Male_7_1826.jpg,usable,1826,usable
Small_intestine_AGR2_Male_41_2226.jpg,usable,2226,usable
Small_intestine_AGR3_Female_64_2450.jpg,unusable,2450,unusable
Small_intestine_AGR3_Female_68_3852.jpg,usable,3852,usable
Small_intestine_AGR3_Male_70_1919.jpg,usable,1919,usable
Small_intestine_AGTPBP1_Male_26_3472.jpg,usable,3472,usable
Small_intestine_AGTPBP1_Male_70_1919.jpg,usable,1919,usable
Small_intestine_AHNAK_Female_56_3343.jpg,usable,3343,usable
Small_intestine_AHNAK_Female_84_2256.jpg,usable,2256,usable
Small_intestine_AHNAK_Male_7_1826.jpg,usable,1826,usable
Small_intestine_AIP_Female_56_1499.jpg,unusable,1499,unusable
Small_intestine_AIP_Male_37_1652.jpg,unusable,1652,unusable
Small_intestine_AIP_Male_70_1919.jpg,unusable,1919,unusable
Small_intestine_AK2_Female_56_3343.jpg,usable,3343,usable
Small_intestine_AK2_Female_84_2256.jpg,usable,2256,usable
Small_intestine_AK2_Male_7_1826.jpg,usable,1826,usable
Small_intestine_AK3_Female_56_1499.jpg,usable,1499,usable
Small_intestine_AK3_Male_37_1652.jpg,usable,1652,usable
Small_intestine_AK3_Male_70_1919.jpg,usable,1919,usable
Small_intestine_AK4_Female_64_2450.jpg,unusable,2450,unusable
Small_intestine_AK4_Male_7_1826.jpg,usable,1826,usable
Small_intestine_AK5_Female_44_1800.jpg,unusable,1800,unusable
Small_intestine_AK5_Female_90_4380.jpg,unusable,4380,unusable
Small_intestine_AK5_Male_66_4202.jpg,usable,4202,usable
Small_intestine_AK6_Male_41_2226.jpg,usable,2226,usable
Small_intestine_AK6_Male_71_2411.jpg,unusable,2411,unusable
Small_intestine_AK7_Male_41_2226.jpg,usable,2226,usable
Small_intestine_AK7_Male_71_2411.jpg,unusable,2411,unusable
Small_intestine_AK9_Female_64_2450.jpg,unusable,2450,unusable
Small_intestine_AK9_Male_7_1826.jpg,usable,1826,usable
Small_intestine_AKAP13_Female_56_3343.jpg,usable,3343,usable
Small_intestine_AKAP13_Female_84_2256.jpg,usable,2256,usable
Small_intestine_AKAP13_Male_7_1826.jpg,usable,1826,usable
Small_intestine_AKAP17A_Female_64_2450.jpg,usable,2450,usable
Small_intestine_AKAP17A_Female_68_3852.jpg,usable,3852,usable
Small_intestine_AKAP17A_Male_68_2471.jpg,unusable,2471,unusable
Small_intestine_AKAP17A_Male_70_1919.jpg,usable,1919,usable
Small_intestine_AKAP1_Male_41_2226.jpg,unusable,2226,unusable
Small_intestine_AKAP8_Female_56_1499.jpg,unusable,1499,unusable
Small_intestine_AKAP8_Male_37_1652.jpg,usable,1652,usable
Small_intestine_AKAP8_Male_70_1919.jpg,usable,1919,usable
Small_intestine_AKIRIN1_Female_64_2450.jpg,unusable,2450,unusable
Small_intestine_AKIRIN1_Female_68_3852.jpg,usable,3852,usable
Small_intestine_AKIRIN1_Male_68_2471.jpg,unusable,2471,unusable
Small_intestine_AKIRIN1_Male_70_1919.jpg,unusable,1919,unusable
Small_intestine_AKR1B10_Female_56_1499.jpg,unusable,1499,unusable
Small_intestine_AKR1B10_Male_37_1652.jpg,usable,1652,usable
Small_intestine_AKR1B10_Male_70_1919.jpg,usable,1919,usable
Small_intestine_AKR1C1_Female_64_2450.jpg,usable,2450,usable
Small_intestine_AKR1C1_Male_68_2471.jpg,usable,2471,usable
Small_intestine_AKR1C3_Female_56_3343.jpg,usable,3343,usable
Small_intestine_AKR1C3_Male_41_2226.jpg,usable,2226,usable
Small_intestine_AKTIP_Female_64_2450.jpg,usable,2450,usable
Small_intestine_AKTIP_Female_68_3852.jpg,usable,3852,usable
Small_intestine_ALAS1_Female_56_3343.jpg,usable,3343,usable
Small_intestine_ALDH1B1_Female_56_3343.jpg,usable,3343,usable
Small_intestine_ALDH1B1_Female_84_2256.jpg,unusable,2256,unusable
Small_intestine_ALDH1B1_Male_7_1826.jpg,unusable,1826,unusable
Small_intestine_ALDH4A1_Male_71_2411.jpg,usable,2411,usable
Small_intestine_ALDOB_Female_51_202.jpg,usable,202,usable
Small_intestine_ALDOB_Male_59_969.jpg,usable,969,usable
Small_intestine_ALDOB_Male_79_2650.jpg,usable,2650,usable
Small_intestine_ALG12_Female_64_2450.jpg,usable,2450,usable
Small_intestine_ALG12_Female_68_3852.jpg,usable,3852,usable
Small_intestine_ALG12_Male_70_1919.jpg,usable,1919,usable
Small_intestine_ALG13_Male_41_2226.jpg,usable,2226,usable
Small_intestine_ALG13_Male_71_2411.jpg,usable,2411,usable
Small_intestine_ALG1_Female_68_3852.jpg,usable,3852,usable
Small_intestine_ALG1_Male_26_3472.jpg,usable,3472,usable
Small_intestine_ALG1_Male_70_1919.jpg,usable,1919,usable
Small_intestine_ALG3_Female_64_2450.jpg,unusable,2450,unusable
Small_intestine_ALG3_Female_68_3852.jpg,usable,3852,usable
Small_intestine_ALG3_Male_70_1919.jpg,unusable,1919,unusable
Small_intestine_ALG6_Female_44_1800.jpg,unusable,1800,unusable
Small_intestine_ALG6_Male_37_1652.jpg,usable,1652,usable
Small_intestine_ALG6_Male_66_4202.jpg,usable,4202,usable
Small_intestine_ALG8_Female_64_2450.jpg,unusable,2450,unusable
Small_intestine_ALG8_Female_68_3852.jpg,usable,3852,usable
Small_intestine_ALG9_Female_64_2450.jpg,unusable,2450,unusable
Small_intestine_ALG9_Male_68_2471.jpg,unusable,2471,unusable
Small_intestine_ALKBH1_Female_56_3343.jpg,usable,3343,usable
Small_intestine_ALKBH1_Female_84_2256.jpg,unusable,2256,unusable
Small_intestine_ALKBH4_Female_64_2450.jpg,usable,2450,usable
Small_intestine_ALKBH4_Female_68_3852.jpg,usable,3852,usable
Small_intestine_ALKBH5_Male_41_2226.jpg,usable,2226,usable
Small_intestine_ALKBH5_Male_71_2411.jpg,usable,2411,usable
Small_intestine_ALMS1_Female_68_3852.jpg,usable,3852,usable
Small_intestine_ALMS1_Male_68_2471.jpg,unusable,2471,unusable
Small_intestine_ALMS1_Male_70_1919.jpg,unusable,1919,unusable
Small_intestine_ALPG_Female_56_3343.jpg,usable,3343,usable
Small_intestine_ALPG_Female_84_2256.jpg,usable,2256,usable
Small_intestine_ALPG_Male_7_1826.jpg,usable,1826,usable
Small_intestine_ALPI_Female_64_2450.jpg,unusable,2450,unusable
Small_intestine_ALPP_Female_64_2450.jpg,usable,2450,usable
Small_intestine_ALPP_Female_68_3852.jpg,usable,3852,usable
Small_intestine_ALPP_Male_68_2471.jpg,unusable,2471,unusable
Small_intestine_ALPP_Male_70_1919.jpg,usable,1919,usable
Small_intestine_ALYREF_Female_56_3343.jpg,usable,3343,usable
Small_intestine_AMDHD1_Female_64_2450.jpg,usable,2450,usable
Small_intestine_AMDHD1_Male_41_2226.jpg,usable,2226,usable
Small_intestine_AMFR_Female_84_2256.jpg,unusable,2256,unusable
Small_intestine_AMFR_Male_41_2226.jpg,usable,2226,usable
Small_intestine_AMFR_Male_7_1826.jpg,usable,1826,usable
Small_intestine_AMIGO2_Female_68_3852.jpg,usable,3852,usable
Small_intestine_AMIGO2_Male_70_1919.jpg,unusable,1919,unusable
Small_intestine_AMN_Female_37_29.jpg,usable,29,usable
Small_intestine_AMN_Female_51_202.jpg,unusable,202,unusable
Small_intestine_AMN_Male_1_493.jpg,usable,493,usable
Small_intestine_AMPH_Female_56_3343.jpg,usable,3343,usable
Small_intestine_AMPH_Male_41_2226.jpg,usable,2226,usable
Small_intestine_AMT_Male_41_2226.jpg,usable,2226,usable
Small_intestine_AMT_Male_71_2411.jpg,usable,2411,usable
Small_intestine_ANAPC16_Female_64_2450.jpg,unusable,2450,unusable
Small_intestine_ANAPC16_Male_68_2471.jpg,usable,2471,usable
Small_intestine_ANAPC1_Male_41_2226.jpg,usable,2226,usable
Small_intestine_ANAPC1_Male_7_1826.jpg,usable,1826,usable
Small_intestine_ANKHD1_Female_56_3343.jpg,usable,3343,usable
Small_intestine_ANKHD1_Male_41_2226.jpg,usable,2226,usable
Small_intestine_ANKRA2_Female_44_1800.jpg,usable,1800,usable
Small_intestine_ANKRA2_Male_37_1652.jpg,usable,1652,usable
Small_intestine_ANKRA2_Male_66_4202.jpg,usable,4202,usable
Small_intestine_ANKRD10_Male_41_2226.jpg,usable,2226,usable
Small_intestine_ANKRD10_Male_7_1826.jpg,usable,1826,usable
Small_intestine_ANKRD11_Female_56_3343.jpg,usable,3343,usable
Small_intestine_ANKRD11_Female_84_2256.jpg,usable,2256,usable
Small_intestine_ANKRD11_Male_7_1826.jpg,usable,1826,usable
Small_intestine_ANKRD12_Female_64_2450.jpg,usable,2450,usable
Small_intestine_ANKRD12_Female_68_3852.jpg,usable,3852,usable
Small_intestine_ANKRD26_Female_64_2450.jpg,unusable,2450,unusable
Small_intestine_ANKRD26_Female_68_3852.jpg,usable,3852,usable
Small_intestine_ANKRD37_Female_56_3343.jpg,usable,3343,usable
Small_intestine_ANKRD39_Female_64_2450.jpg,usable,2450,usable
Small_intestine_ANKRD39_Female_68_3852.jpg,usable,3852,usable
Small_intestine_ANKRD40_Female_56_3343.jpg,usable,3343,usable
Small_intestine_ANKRD40_Female_84_2256.jpg,usable,2256,usable
Small_intestine_ANKRD46_Female_56_3343.jpg,usable,3343,usable
Small_intestine_ANKRD49_Female_64_2450.jpg,unusable,2450,unusable
Small_intestine_ANKRD49_Female_68_3852.jpg,usable,3852,usable
Small_intestine_ANKS4B_Female_64_2450.jpg,usable,2450,usable
Small_intestine_ANKS4B_Female_68_3852.jpg,usable,3852,usable
Small_intestine_ANLN_Male_26_3472.jpg,usable,3472,usable
Small_intestine_ANO10_Female_64_2450.jpg,usable,2450,usable
Small_intestine_ANO10_Female_68_3852.jpg,unusable,3852,unusable
Small_intestine_ANO10_Male_68_2471.jpg,unusable,2471,unusable
Small_intestine_ANO10_Male_70_1919.jpg,usable,1919,usable
Small_intestine_ANO6_Female_64_2450.jpg,unusable,2450,unusable
Small_intestine_ANPEP_Male_41_2226.jpg,usable,2226,usable
Small_intestine_ANPEP_Male_71_2411.jpg,usable,2411,usable
Small_intestine_ANXA13_Female_56_1499.jpg,unusable,1499,unusable
Small_intestine_ANXA13_Male_37_1652.jpg,usable,1652,usable
Small_intestine_ANXA13_Male_70_1919.jpg,usable,1919,usable
Small_intestine_ANXA9_Male_41_2226.jpg,usable,2226,usable
Small_intestine_ANXA9_Male_7_1826.jpg,usable,1826,usable
Small_intestine_AP1G1_Female_56_3343.jpg,usable,3343,usable
Small_intestine_AP1G1_Male_41_2226.jpg,usable,2226,usable
Small_intestine_AP1G2_Male_41_2226.jpg,usable,2226,usable
Small_intestine_AP1G2_Male_71_2411.jpg,usable,2411,usable
Small_intestine_AP3B2_Female_68_3852.jpg,unusable,3852,unusable
Small_intestine_AP3B2_Male_68_2471.jpg,unusable,2471,unusable
Small_intestine_AP3B2_Male_70_1919.jpg,usable,1919,usable
Small_intestine_AP4B1_Female_64_2450.jpg,usable,2450,usable
Small_intestine_AP4B1_Male_7_1826.jpg,unusable,1826,unusable
Small_intestine_AP4S1_Female_84_2256.jpg,unusable,2256,unusable
Small_intestine_AP4S1_Male_41_2226.jpg,usable,2226,usable
Small_intestine_AP5Z1_Female_64_2450.jpg,usable,2450,usable
Small_intestine_AP5Z1_Male_68_2471.jpg,usable,2471,usable
Small_intestine_APBA2_Female_64_2450.jpg,usable,2450,usable
Small_intestine_APBA2_Female_68_3852.jpg,usable,3852,usable
Small_intestine_APBB3_Female_44_1800.jpg,usable,1800,usable
Small_intestine_APBB3_Male_37_1652.jpg,usable,1652,usable
Small_intestine_APBB3_Male_66_4202.jpg,usable,4202,usable
Small_intestine_APC_Female_44_1800.jpg,usable,1800,usable
Small_intestine_APC_Male_37_1652.jpg,usable,1652,usable
Small_intestine_APC_Male_66_4202.jpg,usable,4202,usable
Small_intestine_APEX1_Male_41_2226.jpg,usable,2226,usable
Small_intestine_APEX1_Male_71_2411.jpg,usable,2411,usable
Small_intestine_APH1A_Female_64_2450.jpg,unusable,2450,unusable
Small_intestine_APH1A_Male_68_2471.jpg,usable,2471,usable
Small_intestine_API5_Female_84_2256.jpg,usable,2256,usable
Small_intestine_API5_Male_Unknown_1359.jpg,unusable,1359,unusable
Small_intestine_APIP_Female_84_2256.jpg,usable,2256,usable
Small_intestine_APIP_Male_41_2226.jpg,usable,2226,usable
Small_intestine_APIP_Male_7_1826.jpg,unusable,1826,unusable
Small_intestine_APLP2_Female_64_2450.jpg,usable,2450,usable
Small_intestine_APLP2_Male_68_2471.jpg,usable,2471,usable
Small_intestine_APOA4_Female_56_1499.jpg,usable,1499,usable
Small_intestine_APOA4_Male_37_1652.jpg,usable,1652,usable
Small_intestine_APOA4_Male_70_1919.jpg,usable,1919,usable
Small_intestine_APOBR_Female_64_2450.jpg,unusable,2450,unusable
Small_intestine_APOBR_Male_7_1826.jpg,unusable,1826,unusable
Small_intestine_APOC3_Female_44_1800.jpg,usable,1800,usable
Small_intestine_APOC3_Male_37_1652.jpg,usable,1652,usable
Small_intestine_APOC3_Male_66_4202.jpg,usable,4202,usable
Small_intestine_APOO_Female_56_3343.jpg,usable,3343,usable
Small_intestine_APPBP2_Female_44_1800.jpg,unusable,1800,unusable
Small_intestine_APPBP2_Male_37_1652.jpg,usable,1652,usable
Small_intestine_APPBP2_Male_66_4202.jpg,usable,4202,usable
Small_intestine_APPL2_Female_64_2450.jpg,unusable,2450,unusable
Small_intestine_APPL2_Female_68_3852.jpg,usable,3852,usable
Small_intestine_APTX_Female_56_1499.jpg,usable,1499,usable
Small_intestine_APTX_Male_37_1652.jpg,usable,1652,usable
Small_intestine_APTX_Male_70_1919.jpg,unusable,1919,unusable
Small_intestine_AQP10_Female_56_1499.jpg,usable,1499,usable
Small_intestine_AQP10_Male_37_1652.jpg,usable,1652,usable
Small_intestine_AQP10_Male_70_1919.jpg,usable,1919,usable
Small_intestine_AQP1_Female_51_202.jpg,usable,202,usable
Small_intestine_AQP3_Female_56_1499.jpg,usable,1499,usable
Small_intestine_AQP3_Male_37_1652.jpg,usable,1652,usable
Small_intestine_AQP3_Male_70_1919.jpg,unusable,1919,unusable
Small_intestine_ARAF_Female_56_1499.jpg,unusable,1499,unusable
Small_intestine_ARAF_Male_37_1652.jpg,usable,1652,usable
Small_intestine_ARAF_Male_70_1919.jpg,unusable,1919,unusable
Small_intestine_ARCN1_Female_56_3343.jpg,usable,3343,usable
Small_intestine_ARF1_Female_56_3343.jpg,usable,3343,usable
Small_intestine_ARFGEF1_Female_84_2256.jpg,usable,2256,usable
Small_intestine_ARFGEF1_Male_41_2226.jpg,usable,2226,usable
Small_intestine_ARFGEF1_Male_7_1826.jpg,usable,1826,usable
Small_intestine_ARFIP1_Male_41_2226.jpg,usable,2226,usable
Small_intestine_ARFIP1_Male_71_2411.jpg,unusable,2411,unusable
Small_intestine_ARFRP1_Female_64_2450.jpg,unusable,2450,unusable
Small_intestine_ARFRP1_Male_70_1919.jpg,unusable,1919,unusable
Small_intestine_ARG2_Female_37_29.jpg,usable,29,usable
Small_intestine_ARG2_Female_51_202.jpg,unusable,202,unusable
Small_intestine_ARG2_Male_1_493.jpg,usable,493,usable
Small_intestine_ARGLU1_Female_64_2450.jpg,usable,2450,usable
Small_intestine_ARHGAP12_Female_84_2256.jpg,usable,2256,usable
Small_intestine_ARHGAP12_Male_7_1826.jpg,unusable,1826,unusable
Small_intestine_ARHGAP18_Female_84_2256.jpg,unusable,2256,unusable
Small_intestine_ARHGAP18_Male_41_2226.jpg,unusable,2226,unusable
Small_intestine_ARHGAP18_Male_7_1826.jpg,unusable,1826,unusable
Small_intestine_ARHGAP31_Female_56_3343.jpg,usable,3343,usable
Small_intestine_ARHGAP32_Female_56_3343.jpg,usable,3343,usable
Small_intestine_ARHGAP42_Female_64_2450.jpg,unusable,2450,unusable
Small_intestine_ARHGAP42_Female_68_3852.jpg,usable,3852,usable
Small_intestine_ARHGAP6_Female_56_1499.jpg,usable,1499,usable
Small_intestine_ARHGAP6_Female_56_3343.jpg,usable,3343,usable
Small_intestine_ARHGAP6_Male_37_1652.jpg,usable,1652,usable
Small_intestine_ARHGAP8_Female_44_1800.jpg,usable,1800,usable
Small_intestine_ARHGAP8_Female_90_4380.jpg,unusable,4380,unusable
Small_intestine_ARHGAP8_Male_66_4202.jpg,usable,4202,usable
Small_intestine_ARHGEF10L_Female_84_2256.jpg,usable,2256,usable
Small_intestine_ARHGEF10L_Male_Unknown_1359.jpg,unusable,1359,unusable
Small_intestine_ARHGEF11_Female_56_3343.jpg,usable,3343,usable
Small_intestine_ARHGEF16_Female_56_3343.jpg,usable,3343,usable
Small_intestine_ARHGEF5_Female_56_3343.jpg,unusable,3343,unusable
Small_intestine_ARHGEF5_Female_84_2256.jpg,unusable,2256,unusable
Small_intestine_ARHGEF5_Male_7_1826.jpg,unusable,1826,unusable
Small_intestine_ARIH1_Male_41_2226.jpg,unusable,2226,unusable
Small_intestine_ARIH1_Male_71_2411.jpg,unusable,2411,unusable
Small_intestine_ARIH1_Male_88_2135.jpg,unusable,2135,unusable
Small_intestine_ARL15_Female_64_2450.jpg,usable,2450,usable
Small_intestine_ARL15_Female_68_3852.jpg,usable,3852,usable
Small_intestine_ARL15_Male_68_2471.jpg,unusable,2471,unusable
Small_intestine_ARL15_Male_70_1919.jpg,unusable,1919,unusable
Small_intestine_ARL16_Female_64_2450.jpg,usable,2450,usable
Small_intestine_ARL16_Male_41_2226.jpg,unusable,2226,unusable
Small_intestine_ARL17A_Female_64_2450.jpg,usable,2450,usable
Small_intestine_ARL17A_Male_70_1919.jpg,unusable,1919,unusable
Small_intestine_ARL17B_Female_64_2450.jpg,usable,2450,usable
Small_intestine_ARL17B_Male_70_1919.jpg,unusable,1919,unusable
Small_intestine_ARL1_Male_26_3472.jpg,unusable,3472,unusable
Small_intestine_ARL1_Male_37_1652.jpg,usable,1652,usable
Small_intestine_ARL1_Male_70_1919.jpg,usable,1919,usable
Small_intestine_ARL2_Female_64_2450.jpg,usable,2450,usable
Small_intestine_ARL2_Female_68_3852.jpg,usable,3852,usable
Small_intestine_ARL2_Male_68_2471.jpg,unusable,2471,unusable
Small_intestine_ARL2_Male_70_1919.jpg,unusable,1919,unusable
Small_intestine_ARL4C_Female_84_2256.jpg,unusable,2256,unusable
Small_intestine_ARL4C_Male_41_2226.jpg,usable,2226,usable
Small_intestine_ARL4C_Male_7_1826.jpg,usable,1826,usable
Small_intestine_ARL6IP1_Female_64_2450.jpg,unusable,2450,unusable
Small_intestine_ARL6IP1_Female_68_3852.jpg,usable,3852,usable
Small_intestine_ARL6IP4_Female_68_3852.jpg,unusable,3852,unusable
Small_intestine_ARL6IP5_Female_56_3343.jpg,usable,3343,usable
Small_intestine_ARL6IP5_Male_41_2226.jpg,unusable,2226,unusable
Small_intestine_ARMC1_Female_84_2256.jpg,usable,2256,usable
Small_intestine_ARMC1_Male_41_2226.jpg,unusable,2226,unusable
Small_intestine_ARMC1_Male_7_1826.jpg,usable,1826,usable
Small_intestine_ARMC6_Female_64_2450.jpg,usable,2450,usable
Small_intestine_ARMC6_Female_68_3852.jpg,usable,3852,usable
Small_intestine_ARMCX6_Female_64_2450.jpg,usable,2450,usable
Small_intestine_ARMCX6_Female_68_3852.jpg,usable,3852,usable
Small_intestine_ARMCX6_Male_68_2471.jpg,unusable,2471,unusable
Small_intestine_ARMCX6_Male_70_1919.jpg,usable,1919,usable
Small_intestine_ARMH3_Female_64_2450.jpg,unusable,2450,unusable
Small_intestine_ARMH3_Female_68_3852.jpg,unusable,3852,unusable
Small_intestine_ARMH3_Male_70_1919.jpg,unusable,1919,unusable
Small_intestine_ARPC2_Male_41_2226.jpg,usable,2226,usable
Small_intestine_ARPC2_Male_71_2411.jpg,unusable,2411,unusable
Small_intestine_ARPIN-AP3S2_Female_64_2450.jpg,unusable,2450,unusable
Small_intestine_ARPIN-AP3S2_Female_68_3852.jpg,unusable,3852,unusable
Small_intestine_ARPIN-AP3S2_Male_70_1919.jpg,unusable,1919,unusable
Small_intestine_ARPIN_Female_64_2450.jpg,unusable,2450,unusable
Small_intestine_ARPIN_Female_68_3852.jpg,unusable,3852,unusable
Small_intestine_ARPIN_Male_70_1919.jpg,unusable,1919,unusable
Small_intestine_ARRDC4_Female_64_2450.jpg,unusable,2450,unusable
Small_intestine_ARRDC4_Female_68_3852.jpg,usable,3852,usable
Small_intestine_ARSA_Male_41_2226.jpg,usable,2226,usable
Small_intestine_ARSA_Male_71_2411.jpg,unusable,2411,unusable
Small_intestine_ARSD_Female_56_1499.jpg,unusable,1499,unusable
Small_intestine_ARSD_Male_37_1652.jpg,unusable,1652,unusable
Small_intestine_ARSD_Male_70_1919.jpg,usable,1919,usable
Small_intestine_ARSK_Female_44_1800.jpg,unusable,1800,unusable
Small_intestine_ARSK_Male_37_1652.jpg,usable,1652,usable
Small_intestine_ARSK_Male_66_4202.jpg,unusable,4202,unusable
Small_intestine_ASAH2B_Female_64_2450.jpg,unusable,2450,unusable
Small_intestine_ASAH2B_Male_26_3472.jpg,usable,3472,usable
Small_intestine_ASAH2B_Male_70_1919.jpg,unusable,1919,unusable
Small_intestine_ASAH2_Female_64_2450.jpg,unusable,2450,unusable
Small_intestine_ASAH2_Male_26_3472.jpg,usable,3472,usable
Small_intestine_ASAH2_Male_70_1919.jpg,unusable,1919,unusable
Small_intestine_ASAP2_Female_56_3343.jpg,usable,3343,usable
Small_intestine_ASAP2_Female_84_2256.jpg,unusable,2256,unusable
Small_intestine_ASB3_Male_41_2226.jpg,usable,2226,usable
Small_intestine_ASB3_Male_71_2411.jpg,unusable,2411,unusable
Small_intestine_ASB6_Male_41_2226.jpg,usable,2226,usable
Small_intestine_ASB6_Male_71_2411.jpg,unusable,2411,unusable
Small_intestine_ASCC1_Female_84_2256.jpg,usable,2256,usable
Small_intestine_ASCC1_Male_41_2226.jpg,unusable,2226,unusable
Small_intestine_ASCC1_Male_7_1826.jpg,unusable,1826,unusable
Small_intestine_ASCC2_Male_41_2226.jpg,unusable,2226,unusable
Small_intestine_ASCC2_Male_71_2411.jpg,unusable,2411,unusable
Small_intestine_ASCC3_Female_64_2450.jpg,unusable,2450,unusable
Small_intestine_ASCC3_Male_7_1826.jpg,unusable,1826,unusable
Small_intestine_ASMTL_Male_41_2226.jpg,unusable,2226,unusable
Small_intestine_ASNSD1_Female_56_3343.jpg,usable,3343,usable
Small_intestine_ATAD2_Female_64_2450.jpg,unusable,2450,unusable
Small_intestine_ATAD2_Female_68_3852.jpg,usable,3852,usable
Small_intestine_ATAD2_Female_84_2256.jpg,unusable,2256,unusable
Small_intestine_ATAD3A_Female_68_3852.jpg,usable,3852,usable
Small_intestine_ATAD3A_Male_26_3472.jpg,usable,3472,usable
Small_intestine_ATAD3A_Male_70_1919.jpg,unusable,1919,unusable
Small_intestine_ATAD3B_Female_68_3852.jpg,usable,3852,usable
Small_intestine_ATAD3B_Male_26_3472.jpg,usable,3472,usable
Small_intestine_ATAD3B_Male_70_1919.jpg,unusable,1919,unusable
Small_intestine_ATF1_Female_56_3343.jpg,usable,3343,usable
Small_intestine_ATF1_Female_84_2256.jpg,usable,2256,usable
Small_intestine_ATF6B_Female_64_2450.jpg,usable,2450,usable
Small_intestine_ATF6B_Female_68_3852.jpg,usable,3852,usable
Small_intestine_ATF6B_Male_70_1919.jpg,unusable,1919,unusable
Small_intestine_ATF7IP_Female_56_3343.jpg,usable,3343,usable
Small_intestine_ATF7IP_Female_84_2256.jpg,usable,2256,usable
Small_intestine_ATG12_Female_56_3343.jpg,usable,3343,usable
Small_intestine_ATG12_Female_84_2256.jpg,usable,2256,usable
Small_intestine_ATG3_Female_64_2450.jpg,unusable,2450,unusable
Small_intestine_ATG3_Male_41_2226.jpg,usable,2226,usable
Small_intestine_ATG4A_Female_64_2450.jpg,unusable,2450,unusable
Small_intestine_ATG4A_Male_41_2226.jpg,usable,2226,usable
Small_intestine_ATG4D_Female_56_1499.jpg,usable,1499,usable
Small_intestine_ATG4D_Male_37_1652.jpg,usable,1652,usable
Small_intestine_ATG4D_Male_70_1919.jpg,usable,1919,usable
Small_intestine_ATIC_Female_56_3343.jpg,usable,3343,usable
Small_intestine_ATM_Male_41_2226.jpg,usable,2226,usable
Small_intestine_ATM_Male_71_2411.jpg,usable,2411,usable
Small_intestine_ATP11C_Female_64_2450.jpg,unusable,2450,unusable
Small_intestine_ATP13A2_Female_64_2450.jpg,unusable,2450,unusable
Small_intestine_ATP13A2_Male_41_2226.jpg,usable,2226,usable
Small_intestine_ATP1A1_Female_56_3343.jpg,unusable,3343,unusable
Small_intestine_ATP1A1_Female_84_2256.jpg,usable,2256,usable
Small_intestine_ATP1B1_Female_44_1800.jpg,usable,1800,usable
Small_intestine_ATP1B1_Male_37_1652.jpg,usable,1652,usable
Small_intestine_ATP1B1_Male_66_4202.jpg,usable,4202,usable
Small_intestine_ATP2A3_Female_56_3343.jpg,usable,3343,usable
Small_intestine_ATP2A3_Female_84_2256.jpg,usable,2256,usable
Small_intestine_ATP2B1_Male_71_2411.jpg,usable,2411,usable
Small_intestine_ATP5F1A_Female_56_3343.jpg,usable,3343,usable
Small_intestine_ATP5F1A_Female_84_2256.jpg,usable,2256,usable
Small_intestine_ATP5IF1_Female_84_2256.jpg,unusable,2256,unusable
Small_intestine_ATP5IF1_Male_41_2226.jpg,usable,2226,usable
Small_intestine_ATP5IF1_Male_7_1826.jpg,unusable,1826,unusable
Small_intestine_ATP5MC2_Female_64_2450.jpg,unusable,2450,unusable
Small_intestine_ATP5MC2_Male_70_1919.jpg,usable,1919,usable
Small_intestine_ATP5ME_Female_64_2450.jpg,usable,2450,usable
Small_intestine_ATP5ME_Male_7_1826.jpg,unusable,1826,unusable
Small_intestine_ATP5MG_Female_68_3852.jpg,unusable,3852,unusable
Small_intestine_ATP5MG_Male_68_2471.jpg,unusable,2471,unusable
Small_intestine_ATP5MG_Male_70_1919.jpg,unusable,1919,unusable
Small_intestine_ATP5MJ_Female_68_3852.jpg,usable,3852,usable
Small_intestine_ATP5MJ_Male_26_3472.jpg,usable,3472,usable
Small_intestine_ATP5PD_Female_64_2450.jpg,usable,2450,usable
Small_intestine_ATP5PD_Male_70_1919.jpg,usable,1919,usable
Small_intestine_ATP5PD_Male_7_1826.jpg,usable,1826,usable
Small_intestine_ATP5PF_Female_64_2450.jpg,usable,2450,usable
Small_intestine_ATP5PF_Male_7_1826.jpg,usable,1826,usable
Small_intestine_ATP5PO_Female_56_3343.jpg,usable,3343,usable
Small_intestine_ATP5PO_Male_41_2226.jpg,unusable,2226,unusable
Small_intestine_ATP6AP1_Female_56_3343.jpg,usable,3343,usable
Small_intestine_ATP6AP1_Female_84_2256.jpg,usable,2256,usable
Small_intestine_ATP6V0A1_Female_56_3343.jpg,usable,3343,usable
Small_intestine_ATP6V0A1_Female_84_2256.jpg,usable,2256,usable
Small_intestine_ATP6V0A2_Female_64_2450.jpg,usable,2450,usable
Small_intestine_ATP6V0A2_Male_7_1826.jpg,usable,1826,usable
Small_intestine_ATP6V1C2_Female_44_1800.jpg,usable,1800,usable
Small_intestine_ATP6V1C2_Male_37_1652.jpg,usable,1652,usable
Small_intestine_ATP6V1C2_Male_66_4202.jpg,usable,4202,usable
Small_intestine_ATP6V1G1_Female_56_3343.jpg,usable,3343,usable
Small_intestine_ATP7A_Female_56_3343.jpg,usable,3343,usable
Small_intestine_ATP7A_Female_84_2256.jpg,unusable,2256,unusable
Small_intestine_ATP7B_Female_56_3343.jpg,usable,3343,usable
Small_intestine_ATP7B_Female_84_2256.jpg,unusable,2256,unusable
Small_intestine_ATP8B2_Female_68_3852.jpg,usable,3852,usable
Small_intestine_ATP8B4_Female_64_2450.jpg,unusable,2450,unusable
Small_intestine_ATP8B4_Female_68_3852.jpg,usable,3852,usable
Small_intestine_ATXN1_Female_56_3343.jpg,usable,3343,usable
Small_intestine_ATXN1_Male_41_2226.jpg,unusable,2226,unusable
Small_intestine_ATXN3_Male_41_2226.jpg,usable,2226,usable
Small_intestine_ATXN3_Male_71_2411.jpg,unusable,2411,unusable
Small_intestine_ATXN7L3_Female_56_1499.jpg,usable,1499,usable
Small_intestine_ATXN7L3_Male_37_1652.jpg,usable,1652,usable
Small_intestine_ATXN7L3_Male_70_1919.jpg,usable,1919,usable
Small_intestine_AUP1_Female_56_3343.jpg,usable,3343,usable
Small_intestine_AURKB_Male_41_2226.jpg,usable,2226,usable
Small_intestine_AURKB_Male_71_2411.jpg,unusable,2411,unusable
Small_intestine_AXIN1_Female_56_3343.jpg,usable,3343,usable
Small_intestine_AXIN2_Female_56_3343.jpg,usable,3343,usable
Small_intestine_AZGP1_Female_64_2450.jpg,usable,2450,usable
Small_intestine_AZGP1_Male_26_3472.jpg,usable,3472,usable
Small_intestine_AZGP1_Male_70_1919.jpg,unusable,1919,unusable
Small_intestine_AZI2_Female_64_2450.jpg,unusable,2450,unusable
Small_intestine_AZI2_Female_84_2256.jpg,unusable,2256,unusable
Small_intestine_AZI2_Male_7_1826.jpg,usable,1826,usable
Small_intestine_AZIN1_Female_84_2256.jpg,unusable,2256,unusable
Small_intestine_AZIN1_Male_41_2226.jpg,usable,2226,usable
Small_intestine_AZIN1_Male_7_1826.jpg,usable,1826,usable
Small_intestine_B3GNT2_Male_41_2226.jpg,unusable,2226,unusable
Small_intestine_B3GNT3_Female_84_2256.jpg,unusable,2256,unusable
Small_intestine_B3GNT3_Male_41_2226.jpg,usable,2226,usable
Small_intestine_B3GNT3_Male_7_1826.jpg,unusable,1826,unusable
Small_intestine_B3GNT7_Male_41_2226.jpg,usable,2226,usable
Small_intestine_B3GNT7_Male_7_1826.jpg,usable,1826,usable
Small_intestine_B3GNT8_Female_64_2450.jpg,usable,2450,usable
Small_intestine_B3GNT8_Female_68_3852.jpg,usable,3852,usable
Small_intestine_B3GNT8_Male_68_2471.jpg,unusable,2471,unusable
Small_intestine_B3GNT8_Male_70_1919.jpg,usable,1919,usable
Small_intestine_B3GNT9_Female_64_2450.jpg,usable,2450,usable
Small_intestine_B3GNT9_Female_68_3852.jpg,usable,3852,usable
Small_intestine_B3GNT9_Male_70_1919.jpg,usable,1919,usable
Small_intestine_B4GALT1_Female_56_3343.jpg,usable,3343,usable
Small_intestine_B4GALT1_Male_41_2226.jpg,usable,2226,usable
Small_intestine_B4GALT2_Female_64_2450.jpg,usable,2450,usable
Small_intestine_B4GALT2_Female_68_3852.jpg,usable,3852,usable
Small_intestine_B4GALT2_Male_70_1919.jpg,usable,1919,usable
Small_intestine_B4GALT6_Male_41_2226.jpg,usable,2226,usable
Small_intestine_B4GALT7_Female_90_4380.jpg,unusable,4380,unusable
Small_intestine_B4GALT7_Male_26_3472.jpg,usable,3472,usable
Small_intestine_B4GALT7_Male_66_4202.jpg,usable,4202,usable
Small_intestine_B9D1_Female_56_3343.jpg,usable,3343,usable
Small_intestine_B9D1_Female_84_2256.jpg,usable,2256,usable
Small_intestine_BABAM2_Female_44_1800.jpg,unusable,1800,unusable
Small_intestine_BABAM2_Male_37_1652.jpg,usable,1652,usable
Small_intestine_BABAM2_Male_66_4202.jpg,usable,4202,usable
Small_intestine_BAG1_Male_41_2226.jpg,usable,2226,usable
Small_intestine_BAG1_Male_71_2411.jpg,usable,2411,usable
Small_intestine_BAG4_Female_56_3343.jpg,usable,3343,usable
Small_intestine_BAHCC1_Female_84_2256.jpg,unusable,2256,unusable
Small_intestine_BAHCC1_Male_41_2226.jpg,unusable,2226,unusable
Small_intestine_BAHCC1_Male_7_1826.jpg,usable,1826,usable
Small_intestine_BAIAP2L1_Female_56_3343.jpg,usable,3343,usable
Small_intestine_BAIAP2L1_Female_84_2256.jpg,usable,2256,usable
Small_intestine_BAIAP2L1_Male_7_1826.jpg,usable,1826,usable
Small_intestine_BAIAP2L2_Male_41_2226.jpg,usable,2226,usable
Small_intestine_BAIAP2L2_Male_71_2411.jpg,usable,2411,usable
Small_intestine_BAIAP3_Female_64_2450.jpg,usable,2450,usable
Small_intestine_BAK1_Male_41_2226.jpg,usable,2226,usable
Small_intestine_BAK1_Male_71_2411.jpg,usable,2411,usable
Small_intestine_BAX_Male_41_2226.jpg,usable,2226,usable
Small_intestine_BAX_Male_71_2411.jpg,unusable,2411,unusable
Small_intestine_BBLN_Female_56_3343.jpg,usable,3343,usable
Small_intestine_BBLN_Female_84_2256.jpg,usable,2256,usable
Small_intestine_BBS12_Female_68_3852.jpg,usable,3852,usable
Small_intestine_BBS12_Male_26_3472.jpg,usable,3472,usable
Small_intestine_BBS12_Male_70_1919.jpg,usable,1919,usable
Small_intestine_BBS4_Female_64_2450.jpg,unusable,2450,unusable
Small_intestine_BBS4_Male_68_2471.jpg,unusable,2471,unusable
Small_intestine_BCAS1_Female_64_2450.jpg,usable,2450,usable
Small_intestine_BCAS1_Male_7_1826.jpg,unusable,1826,unusable
Small_intestine_BCAS4_Female_64_2450.jpg,usable,2450,usable
Small_intestine_BCAS4_Female_68_3852.jpg,usable,3852,usable
Small_intestine_BCAS4_Male_68_2471.jpg,unusable,2471,unusable
Small_intestine_BCAS4_Male_70_1919.jpg,unusable,1919,unusable
Small_intestine_BCKDHA_Female_56_3343.jpg,usable,3343,usable
Small_intestine_BCKDK_Female_56_3343.jpg,usable,3343,usable
Small_intestine_BCKDK_Female_84_2256.jpg,usable,2256,usable
Small_intestine_BCL2L15_Female_64_2450.jpg,usable,2450,usable
Small_intestine_BCL2L15_Male_7_1826.jpg,unusable,1826,unusable
Small_intestine_BCL2L2-PABPN1_Female_37_29.jpg,usable,29,usable
Small_intestine_BCL2L2-PABPN1_Female_51_202.jpg,usable,202,usable
Small_intestine_BCL2L2-PABPN1_Male_1_493.jpg,usable,493,usable
Small_intestine_BCL2L2_Female_64_2450.jpg,usable,2450,usable
Small_intestine_BCL2L2_Female_68_3852.jpg,usable,3852,usable
Small_intestine_BCLAF1_Male_41_2226.jpg,usable,2226,usable
Small_intestine_BCLAF1_Male_71_2411.jpg,usable,2411,usable
Small_intestine_BCO2_Female_44_1800.jpg,usable,1800,usable
Small_intestine_BCO2_Male_37_1652.jpg,unusable,1652,unusable
Small_intestine_BCO2_Male_66_4202.jpg,usable,4202,usable
Small_intestine_BCS1L_Female_64_2450.jpg,usable,2450,usable
Small_intestine_BCS1L_Male_68_2471.jpg,unusable,2471,unusable
Small_intestine_BDH1_Female_64_2450.jpg,unusable,2450,unusable
Small_intestine_BDH1_Male_41_2226.jpg,unusable,2226,unusable
Small_intestine_BDKRB1_Male_41_2226.jpg,unusable,2226,unusable
Small_intestine_BDKRB1_Male_71_2411.jpg,usable,2411,usable
Small_intestine_BET1L_Female_84_2256.jpg,usable,2256,usable
Small_intestine_BET1L_Male_41_2226.jpg,usable,2226,usable
Small_intestine_BET1L_Male_7_1826.jpg,usable,1826,usable
Small_intestine_BICDL2_Female_44_1800.jpg,usable,1800,usable
Small_intestine_BICDL2_Male_37_1652.jpg,usable,1652,usable
Small_intestine_BICDL2_Male_66_4202.jpg,usable,4202,usable
Small_intestine_BICRA_Female_64_2450.jpg,usable,2450,usable
Small_intestine_BICRA_Female_68_3852.jpg,usable,3852,usable
Small_intestine_BIRC3_Male_41_2226.jpg,usable,2226,usable
Small_intestine_BIRC3_Male_71_2411.jpg,usable,2411,usable
Small_intestine_BIRC6_Female_44_1800.jpg,usable,1800,usable
Small_intestine_BIRC6_Male_37_1652.jpg,usable,1652,usable
Small_intestine_BIRC6_Male_66_4202.jpg,unusable,4202,unusable
Small_intestine_BIVM-ERCC5_Female_64_2450.jpg,unusable,2450,unusable
Small_intestine_BIVM-ERCC5_Female_68_3852.jpg,usable,3852,usable
Small_intestine_BIVM-ERCC5_Male_68_2471.jpg,unusable,2471,unusable
Small_intestine_BIVM-ERCC5_Male_70_1919.jpg,unusable,1919,unusable
Small_intestine_BLM_Male_41_2226.jpg,usable,2226,usable
Small_intestine_BLM_Male_71_2411.jpg,usable,2411,usable
Small_intestine_BLOC1S1_Female_56_3343.jpg,usable,3343,usable
Small_intestine_BLOC1S1_Female_84_2256.jpg,unusable,2256,unusable
Small_intestine_BLOC1S1_Male_7_1826.jpg,unusable,1826,unusable
Small_intestine_BLOC1S6_Female_64_2450.jpg,usable,2450,usable
Small_intestine_BLOC1S6_Male_41_2226.jpg,usable,2226,usable
Small_intestine_BLTP3B_Female_64_2450.jpg,unusable,2450,unusable
Small_intestine_BLTP3B_Female_68_3852.jpg,usable,3852,usable
Small_intestine_BLTP3B_Male_68_2471.jpg,usable,2471,usable
Small_intestine_BLTP3B_Male_70_1919.jpg,unusable,1919,unusable
Small_intestine_BMF_Male_41_2226.jpg,unusable,2226,unusable
Small_intestine_BMP1_Female_56_3343.jpg,usable,3343,usable
Small_intestine_BMP1_Female_84_2256.jpg,usable,2256,usable
Small_intestine_BMP2K_Female_84_2256.jpg,usable,2256,usable
Small_intestine_BMP2K_Male_41_2226.jpg,usable,2226,usable
Small_intestine_BMP2K_Male_7_1826.jpg,usable,1826,usable
Small_intestine_BMS1_Female_64_2450.jpg,usable,2450,usable
Small_intestine_BMS1_Female_68_3852.jpg,unusable,3852,unusable
Small_intestine_BNIP1_Male_71_2411.jpg,usable,2411,usable
Small_intestine_BOC_Female_84_2256.jpg,unusable,2256,unusable
Small_intestine_BOC_Male_41_2226.jpg,unusable,2226,unusable
Small_intestine_BOC_Male_7_1826.jpg,usable,1826,usable
Small_intestine_BORA_Male_41_2226.jpg,usable,2226,usable
Small_intestine_BORA_Male_7_1826.jpg,unusable,1826,unusable
Small_intestine_BORCS5_Female_64_2450.jpg,usable,2450,usable
Small_intestine_BORCS5_Female_84_2256.jpg,usable,2256,usable
Small_intestine_BORCS5_Male_70_1919.jpg,usable,1919,usable
Small_intestine_BORCS7_Female_64_2450.jpg,usable,2450,usable
Small_intestine_BORCS7_Female_68_3852.jpg,usable,3852,usable
Small_intestine_BPHL_Female_56_3343.jpg,usable,3343,usable
Small_intestine_BPIFB1_Female_44_1800.jpg,usable,1800,usable
Small_intestine_BPIFB1_Male_66_4202.jpg,usable,4202,usable
Small_intestine_BPNT2_Female_56_3343.jpg,usable,3343,usable
Small_intestine_BPNT2_Male_41_2226.jpg,usable,2226,usable
Small_intestine_BRAF_Male_41_2226.jpg,unusable,2226,unusable
Small_intestine_BRAP_Female_64_2450.jpg,unusable,2450,unusable
Small_intestine_BRAP_Female_68_3852.jpg,unusable,3852,unusable
Small_intestine_BRAP_Male_68_2471.jpg,unusable,2471,unusable
Small_intestine_BRAP_Male_70_1919.jpg,usable,1919,usable
Small_intestine_BRD4_Female_56_3343.jpg,usable,3343,usable
Small_intestine_BRD7_Female_64_2450.jpg,usable,2450,usable
Small_intestine_BRD7_Female_68_3852.jpg,usable,3852,usable
Small_intestine_BRD7_Male_68_2471.jpg,unusable,2471,unusable
Small_intestine_BRD7_Male_70_1919.jpg,usable,1919,usable
Small_intestine_BRI3_Female_64_2450.jpg,usable,2450,usable
Small_intestine_BRI3_Female_68_3852.jpg,unusable,3852,unusable
Small_intestine_BRIP1_Male_41_2226.jpg,usable,2226,usable
Small_intestine_BRIP1_Male_71_2411.jpg,usable,2411,usable
Small_intestine_BRPF3_Female_84_2256.jpg,usable,2256,usable
Small_intestine_BRPF3_Male_7_1826.jpg,unusable,1826,unusable
Small_intestine_BRPF3_Male_Unknown_1359.jpg,usable,1359,usable
Small_intestine_BSG_Male_41_2226.jpg,usable,2226,usable
Small_intestine_BTBD1_Female_56_1499.jpg,unusable,1499,unusable
Small_intestine_BTBD1_Male_37_1652.jpg,usable,1652,usable
Small_intestine_BTBD1_Male_70_1919.jpg,unusable,1919,unusable
Small_intestine_BTBD7_Female_64_2450.jpg,unusable,2450,unusable
Small_intestine_BTBD7_Female_68_3852.jpg,usable,3852,usable
Small_intestine_BTBD7_Male_70_1919.jpg,unusable,1919,unusable
Small_intestine_BTF3_Female_56_3343.jpg,usable,3343,usable
Small_intestine_BTN2A2_Female_64_2450.jpg,unusable,2450,unusable
Small_intestine_BTN2A2_Female_68_3852.jpg,usable,3852,usable
Small_intestine_BTN2A2_Male_68_2471.jpg,unusable,2471,unusable
Small_intestine_BTN2A2_Male_70_1919.jpg,usable,1919,usable
Small_intestine_BTN3A1_Female_56_3343.jpg,usable,3343,usable
Small_intestine_BTN3A1_Female_84_2256.jpg,usable,2256,usable
Small_intestine_BTN3A2_Female_56_3343.jpg,usable,3343,usable
Small_intestine_BTN3A2_Female_84_2256.jpg,usable,2256,usable
Small_intestine_BTN3A2_Male_7_1826.jpg,usable,1826,usable
Small_intestine_BTNL8_Female_56_1499.jpg,usable,1499,usable
Small_intestine_BTNL8_Male_66_4202.jpg,usable,4202,usable
Small_intestine_BUD13_Female_64_2450.jpg,usable,2450,usable
Small_intestine_BUD13_Male_68_2471.jpg,unusable,2471,unusable
Small_intestine_C11orf96_Female_64_2450.jpg,usable,2450,usable
Small_intestine_C11orf96_Female_68_3852.jpg,usable,3852,usable
Small_intestine_C12orf29_Female_64_2450.jpg,usable,2450,usable
Small_intestine_C12orf29_Female_68_3852.jpg,usable,3852,usable
Small_intestine_C12orf29_Male_68_2471.jpg,unusable,2471,unusable
Small_intestine_C12orf29_Male_70_1919.jpg,usable,1919,usable
Small_intestine_C12orf4_Female_64_2450.jpg,usable,2450,usable
Small_intestine_C12orf4_Female_68_3852.jpg,usable,3852,usable
Small_intestine_C12orf57_Female_64_2450.jpg,usable,2450,usable
Small_intestine_C12orf57_Female_68_3852.jpg,usable,3852,usable
Small_intestine_C12orf73_Female_64_2450.jpg,unusable,2450,unusable
Small_intestine_C12orf73_Female_68_3852.jpg,usable,3852,usable
Small_intestine_C14orf93_Female_56_3343.jpg,usable,3343,usable
Small_intestine_C15orf48_Female_56_3343.jpg,unusable,3343,unusable
Small_intestine_C15orf48_Female_84_2256.jpg,usable,2256,usable
Small_intestine_C16orf95_Female_84_2256.jpg,usable,2256,usable
Small_intestine_C16orf95_Male_7_1826.jpg,usable,1826,usable
Small_intestine_C17orf49_Female_56_3343.jpg,usable,3343,usable
Small_intestine_C17orf49_Female_84_2256.jpg,unusable,2256,unusable
Small_intestine_C17orf67_Female_64_2450.jpg,usable,2450,usable
Small_intestine_C17orf75_Male_71_2411.jpg,usable,2411,usable
Small_intestine_C17orf80_Female_56_3343.jpg,usable,3343,usable
Small_intestine_C17orf80_Female_84_2256.jpg,usable,2256,usable
Small_intestine_C18orf32_Female_64_2450.jpg,usable,2450,usable
Small_intestine_C18orf32_Male_41_2226.jpg,usable,2226,usable
Small_intestine_C19orf12_Female_64_2450.jpg,unusable,2450,unusable
Small_intestine_C19orf12_Female_68_3852.jpg,usable,3852,usable
Small_intestine_C19orf12_Male_70_1919.jpg,unusable,1919,unusable
Small_intestine_C19orf47_Female_64_2450.jpg,usable,2450,usable
Small_intestine_C1GALT1C1_Female_56_3343.jpg,usable,3343,usable
Small_intestine_C1GALT1C1_Female_84_2256.jpg,usable,2256,usable
Small_intestine_C1GALT1_Male_41_2226.jpg,usable,2226,usable
Small_intestine_C1QBP_Female_84_2256.jpg,unusable,2256,unusable
Small_intestine_C1QBP_Male_41_2226.jpg,usable,2226,usable
Small_intestine_C1QBP_Male_7_1826.jpg,usable,1826,usable
Small_intestine_C1QTNF1_Female_84_2256.jpg,usable,2256,usable
Small_intestine_C1QTNF1_Male_41_2226.jpg,usable,2226,usable
Small_intestine_C1QTNF1_Male_7_1826.jpg,usable,1826,usable
Small_intestine_C1QTNF2_Female_68_3852.jpg,usable,3852,usable
Small_intestine_C1QTNF2_Male_26_3472.jpg,unusable,3472,unusable
Small_intestine_C1orf116_Male_41_2226.jpg,usable,2226,usable
Small_intestine_C1orf198_Male_41_2226.jpg,unusable,2226,unusable
Small_intestine_C1orf226_Female_64_2450.jpg,unusable,2450,unusable
Small_intestine_C1orf226_Female_68_3852.jpg,usable,3852,usable
Small_intestine_C1orf226_Male_70_1919.jpg,usable,1919,usable
Small_intestine_C1orf35_Female_64_2450.jpg,unusable,2450,unusable
Small_intestine_C1orf35_Female_68_3852.jpg,usable,3852,usable
Small_intestine_C1orf54_Female_84_2256.jpg,usable,2256,usable
Small_intestine_C1orf54_Male_7_1826.jpg,unusable,1826,unusable
Small_intestine_C1orf54_Male_Unknown_1359.jpg,usable,1359,usable
Small_intestine_C20orf96_Female_64_2450.jpg,usable,2450,usable
Small_intestine_C20orf96_Female_68_3852.jpg,usable,3852,usable
Small_intestine_C20orf96_Male_70_1919.jpg,usable,1919,usable
Small_intestine_C21orf91_Female_56_3343.jpg,usable,3343,usable
Small_intestine_C21orf91_Female_84_2256.jpg,usable,2256,usable
Small_intestine_C21orf91_Male_7_1826.jpg,usable,1826,usable
Small_intestine_C2CD3_Female_64_2450.jpg,usable,2450,usable
Small_intestine_C2CD3_Female_68_3852.jpg,usable,3852,usable
Small_intestine_C2CD5_Female_64_2450.jpg,usable,2450,usable
Small_intestine_C2CD5_Female_68_3852.jpg,usable,3852,usable
Small_intestine_C2CD5_Male_68_2471.jpg,unusable,2471,unusable
Small_intestine_C2CD5_Male_70_1919.jpg,usable,1919,usable
Small_intestine_C2orf68_Female_64_2450.jpg,usable,2450,usable
Small_intestine_C2orf68_Female_68_3852.jpg,usable,3852,usable
Small_intestine_C2orf68_Male_68_2471.jpg,usable,2471,usable
Small_intestine_C2orf68_Male_70_1919.jpg,usable,1919,usable
Small_intestine_C2orf74_Female_64_2450.jpg,unusable,2450,unusable
Small_intestine_C2orf74_Male_7_1826.jpg,unusable,1826,unusable
Small_intestine_C2orf88_Male_41_2226.jpg,unusable,2226,unusable
Small_intestine_C2orf88_Male_7_1826.jpg,unusable,1826,unusable
Small_intestine_C4orf19_Female_64_2450.jpg,unusable,2450,unusable
Small_intestine_C4orf19_Female_68_3852.jpg,usable,3852,usable
Small_intestine_C4orf3_Female_84_2256.jpg,unusable,2256,unusable
Small_intestine_C4orf3_Male_41_2226.jpg,usable,2226,usable
Small_intestine_C4orf3_Male_7_1826.jpg,usable,1826,usable
Small_intestine_C5orf15_Female_84_2256.jpg,unusable,2256,unusable
Small_intestine_C5orf15_Male_41_2226.jpg,usable,2226,usable
Small_intestine_C5orf15_Male_7_1826.jpg,unusable,1826,unusable
Small_intestine_C5orf24_Male_66_4202.jpg,usable,4202,usable
Small_intestine_C5orf24_Male_88_2135.jpg,unusable,2135,unusable
Small_intestine_C5orf34_Female_64_2450.jpg,usable,2450,usable
Small_intestine_C5orf34_Female_68_3852.jpg,usable,3852,usable
Small_intestine_C6orf132_Female_64_2450.jpg,unusable,2450,unusable
Small_intestine_C6orf132_Female_68_3852.jpg,usable,3852,usable
Small_intestine_C6orf132_Male_68_2471.jpg,unusable,2471,unusable
Small_intestine_C6orf132_Male_70_1919.jpg,usable,1919,usable
Small_intestine_C6orf226_Female_64_2450.jpg,unusable,2450,unusable
Small_intestine_C6orf226_Male_7_1826.jpg,usable,1826,usable
Small_intestine_C7orf25_Female_56_3343.jpg,usable,3343,usable
Small_intestine_C7orf25_Female_84_2256.jpg,unusable,2256,unusable
Small_intestine_C8orf44-SGK3_Female_84_2256.jpg,usable,2256,usable
Small_intestine_C8orf44-SGK3_Male_41_2226.jpg,unusable,2226,unusable
Small_intestine_C8orf44-SGK3_Male_7_1826.jpg,unusable,1826,unusable
Small_intestine_C9orf40_Female_64_2450.jpg,unusable,2450,unusable
Small_intestine_C9orf40_Female_68_3852.jpg,usable,3852,usable
Small_intestine_C9orf40_Male_68_2471.jpg,usable,2471,usable
Small_intestine_C9orf40_Male_70_1919.jpg,usable,1919,usable
Small_intestine_C9orf64_Male_26_3472.jpg,usable,3472,usable
Small_intestine_C9orf64_Male_70_1919.jpg,unusable,1919,unusable
Small_intestine_C9orf72_Female_84_2256.jpg,usable,2256,usable
Small_intestine_C9orf72_Male_7_1826.jpg,unusable,1826,unusable
Small_intestine_C9orf72_Male_Unknown_1359.jpg,usable,1359,usable
Small_intestine_C9orf85_Female_44_1800.jpg,usable,1800,usable
Small_intestine_C9orf85_Male_37_1652.jpg,usable,1652,usable
Small_intestine_C9orf85_Male_66_4202.jpg,usable,4202,usable
Small_intestine_CA13_Female_84_2256.jpg,unusable,2256,unusable
Small_intestine_CA13_Male_41_2226.jpg,usable,2226,usable
Small_intestine_CA13_Male_7_1826.jpg,unusable,1826,unusable
Small_intestine_CAB39L_Male_41_2226.jpg,usable,2226,usable
Small_intestine_CABP1_Female_64_2450.jpg,usable,2450,usable
Small_intestine_CABP1_Female_68_3852.jpg,usable,3852,usable
Small_intestine_CABP1_Male_68_2471.jpg,unusable,2471,unusable
Small_intestine_CABP1_Male_70_1919.jpg,unusable,1919,unusable
Small_intestine_CACTIN_Female_64_2450.jpg,usable,2450,usable
Small_intestine_CACTIN_Female_68_3852.jpg,usable,3852,usable
Small_intestine_CADPS_Female_68_3852.jpg,usable,3852,usable
Small_intestine_CADPS_Male_26_3472.jpg,usable,3472,usable
Small_intestine_CADPS_Male_70_1919.jpg,usable,1919,usable
Small_intestine_CALCRL_Female_56_3343.jpg,usable,3343,usable
Small_intestine_CALHM2_Female_56_3343.jpg,usable,3343,usable
Small_intestine_CALM2_Female_56_3343.jpg,usable,3343,usable
Small_intestine_CALM2_Female_64_2450.jpg,unusable,2450,unusable
Small_intestine_CALM2_Male_41_2226.jpg,unusable,2226,unusable
Small_intestine_CALML4_Female_64_2450.jpg,usable,2450,usable
Small_intestine_CALML4_Female_68_3852.jpg,usable,3852,usable
Small_intestine_CALML4_Male_68_2471.jpg,unusable,2471,unusable
Small_intestine_CALML4_Male_70_1919.jpg,usable,1919,usable
Small_intestine_CALR_Male_41_2226.jpg,unusable,2226,unusable
Small_intestine_CALR_Male_71_2411.jpg,usable,2411,usable
Small_intestine_CANT1_Female_56_3343.jpg,usable,3343,usable
Small_intestine_CANT1_Female_84_2256.jpg,unusable,2256,unusable
Small_intestine_CANT1_Male_7_1826.jpg,usable,1826,usable
Small_intestine_CANX_Male_41_2226.jpg,usable,2226,usable
Small_intestine_CANX_Male_71_2411.jpg,usable,2411,usable
Small_intestine_CAPN13_Female_64_2450.jpg,usable,2450,usable
Small_intestine_CAPN13_Male_7_1826.jpg,unusable,1826,unusable
Small_intestine_CAPN15_Female_44_1800.jpg,usable,1800,usable
Small_intestine_CAPN15_Male_66_4202.jpg,usable,4202,usable
Small_intestine_CAPN15_Male_88_2135.jpg,usable,2135,usable
Small_intestine_CAPN1_Male_71_2411.jpg,usable,2411,usable
Small_intestine_CAPN9_Female_84_2256.jpg,unusable,2256,unusable
Small_intestine_CAPN9_Male_41_2226.jpg,unusable,2226,unusable
Small_intestine_CAPN9_Male_7_1826.jpg,usable,1826,usable
Small_intestine_CAPRIN1_Female_56_3343.jpg,usable,3343,usable
Small_intestine_CAPRIN1_Female_84_2256.jpg,usable,2256,usable
Small_intestine_CAPRIN1_Male_7_1826.jpg,usable,1826,usable
Small_intestine_CAPS2_Female_64_2450.jpg,usable,2450,usable
Small_intestine_CAPS2_Female_68_3852.jpg,usable,3852,usable
Small_intestine_CARD10_Female_84_2256.jpg,unusable,2256,unusable
Small_intestine_CARD10_Male_41_2226.jpg,usable,2226,usable
Small_intestine_CARD10_Male_7_1826.jpg,usable,1826,usable
Small_intestine_CARD19_Female_64_2450.jpg,unusable,2450,unusable
Small_intestine_CARD19_Female_68_3852.jpg,usable,3852,usable
Small_intestine_CARD6_Female_44_1800.jpg,unusable,1800,unusable
Small_intestine_CARD6_Male_66_4202.jpg,usable,4202,usable
Small_intestine_CARD6_Male_88_2135.jpg,usable,2135,usable
Small_intestine_CASK_Female_51_202.jpg,unusable,202,unusable
Small_intestine_CASK_Male_59_969.jpg,usable,969,usable
Small_intestine_CASK_Male_79_2650.jpg,usable,2650,usable
Small_intestine_CASP1_Male_41_2226.jpg,unusable,2226,unusable
Small_intestine_CASP2_Female_56_3343.jpg,usable,3343,usable
Small_intestine_CASP4_Female_64_2450.jpg,unusable,2450,unusable
Small_intestine_CASP4_Male_41_2226.jpg,usable,2226,usable
Small_intestine_CASP6_Male_41_2226.jpg,usable,2226,usable
Small_intestine_CASP6_Male_71_2411.jpg,usable,2411,usable
Small_intestine_CASP8_Female_56_3343.jpg,usable,3343,usable
Small_intestine_CASP8_Male_41_2226.jpg,usable,2226,usable
Small_intestine_CASTOR2_Female_64_2450.jpg,usable,2450,usable
Small_intestine_CASTOR2_Female_68_3852.jpg,usable,3852,usable
Small_intestine_CASTOR2_Male_70_1919.jpg,usable,1919,usable
Small_intestine_CBFA2T3_Female_56_1499.jpg,usable,1499,usable
Small_intestine_CBFA2T3_Male_37_1652.jpg,usable,1652,usable
Small_intestine_CBFA2T3_Male_70_1919.jpg,usable,1919,usable
Small_intestine_CBLB_Female_56_3343.jpg,usable,3343,usable
Small_intestine_CBLB_Female_84_2256.jpg,unusable,2256,unusable
Small_intestine_CBR1_Female_56_3343.jpg,usable,3343,usable
Small_intestine_CBR1_Female_84_2256.jpg,usable,2256,usable
Small_intestine_CBR3_Female_56_3343.jpg,usable,3343,usable
Small_intestine_CBR3_Female_84_2256.jpg,usable,2256,usable
Small_intestine_CBR4_Female_64_2450.jpg,usable,2450,usable
Small_intestine_CBR4_Male_41_2226.jpg,usable,2226,usable
Small_intestine_CC2D1A_Female_56_3343.jpg,usable,3343,usable
Small_intestine_CCAR1_Male_71_2411.jpg,usable,2411,usable
Small_intestine_CCDC102A_Female_64_2450.jpg,usable,2450,usable
Small_intestine_CCDC102A_Female_68_3852.jpg,usable,3852,usable
Small_intestine_CCDC102B_Female_64_2450.jpg,usable,2450,usable
Small_intestine_CCDC122_Female_64_2450.jpg,unusable,2450,unusable
Small_intestine_CCDC122_Male_41_2226.jpg,usable,2226,usable
Small_intestine_CCDC125_Female_64_2450.jpg,unusable,2450,unusable
Small_intestine_CCDC125_Female_68_3852.jpg,usable,3852,usable
Small_intestine_CCDC12_Female_64_2450.jpg,usable,2450,usable
Small_intestine_CCDC12_Female_68_3852.jpg,usable,3852,usable
Small_intestine_CCDC159_Female_64_2450.jpg,unusable,2450,unusable
Small_intestine_CCDC159_Male_70_1919.jpg,unusable,1919,unusable
Small_intestine_CCDC186_Female_56_3343.jpg,usable,3343,usable
Small_intestine_CCDC186_Female_84_2256.jpg,usable,2256,usable
Small_intestine_CCDC18_Female_84_2256.jpg,usable,2256,usable
Small_intestine_CCDC18_Male_41_2226.jpg,usable,2226,usable
Small_intestine_CCDC18_Male_7_1826.jpg,usable,1826,usable
Small_intestine_CCDC47_Male_41_2226.jpg,unusable,2226,unusable
Small_intestine_CCDC47_Male_7_1826.jpg,usable,1826,usable
Small_intestine_CCDC51_Female_56_3343.jpg,usable,3343,usable
Small_intestine_CCDC57_Female_56_3343.jpg,usable,3343,usable
Small_intestine_CCDC57_Female_84_2256.jpg,unusable,2256,unusable
Small_intestine_CCDC57_Male_7_1826.jpg,usable,1826,usable
Small_intestine_CCDC66_Female_44_1800.jpg,usable,1800,usable
Small_intestine_CCDC66_Male_37_1652.jpg,usable,1652,usable
Small_intestine_CCDC66_Male_66_4202.jpg,usable,4202,usable
Small_intestine_CCDC68_Female_84_2256.jpg,unusable,2256,unusable
Small_intestine_CCDC68_Male_41_2226.jpg,usable,2226,usable
Small_intestine_CCDC68_Male_7_1826.jpg,usable,1826,usable
Small_intestine_CCDC85B_Female_64_2450.jpg,unusable,2450,unusable
Small_intestine_CCDC85B_Female_68_3852.jpg,usable,3852,usable
Small_intestine_CCDC85B_Male_70_1919.jpg,usable,1919,usable
Small_intestine_CCDC88C_Male_41_2226.jpg,usable,2226,usable
Small_intestine_CCDC88C_Male_71_2411.jpg,usable,2411,usable
Small_intestine_CCDC8_Female_64_2450.jpg,unusable,2450,unusable
Small_intestine_CCDC8_Female_68_3852.jpg,usable,3852,usable
Small_intestine_CCDC91_Female_64_2450.jpg,usable,2450,usable
Small_intestine_CCDC91_Female_68_3852.jpg,unusable,3852,unusable
Small_intestine_CCK_Female_44_1800.jpg,usable,1800,usable
Small_intestine_CCK_Male_37_1652.jpg,usable,1652,usable
Small_intestine_CCK_Male_66_4202.jpg,usable,4202,usable
Small_intestine_CCL28_Female_44_1800.jpg,usable,1800,usable
Small_intestine_CCL28_Male_37_1652.jpg,usable,1652,usable
Small_intestine_CCL28_Male_66_4202.jpg,usable,4202,usable
Small_intestine_CCN4_Female_56_3343.jpg,usable,3343,usable
Small_intestine_CCN4_Male_41_2226.jpg,unusable,2226,unusable
Small_intestine_CCNA2_Female_56_1499.jpg,usable,1499,usable
Small_intestine_CCNA2_Male_37_1652.jpg,usable,1652,usable
Small_intestine_CCNA2_Male_70_1919.jpg,usable,1919,usable
Small_intestine_CCNB1_Female_51_202.jpg,unusable,202,unusable
Small_intestine_CCNB1_Male_59_969.jpg,usable,969,usable
Small_intestine_CCNDBP1_Female_56_3343.jpg,usable,3343,usable
Small_intestine_CCNG1_Female_51_202.jpg,usable,202,usable
Small_intestine_CCNG1_Male_59_969.jpg,usable,969,usable
Small_intestine_CCNL2_Female_64_2450.jpg,unusable,2450,unusable
Small_intestine_CCNL2_Female_68_3852.jpg,usable,3852,usable
Small_intestine_CCNL2_Male_70_1919.jpg,unusable,1919,unusable
Small_intestine_CCNT2_Male_41_2226.jpg,unusable,2226,unusable
Small_intestine_CCNT2_Male_71_2411.jpg,usable,2411,usable
Small_intestine_CCPG1_Female_84_2256.jpg,unusable,2256,unusable
Small_intestine_CCPG1_Male_41_2226.jpg,usable,2226,usable
Small_intestine_CCPG1_Male_7_1826.jpg,unusable,1826,unusable
Small_intestine_CCS_Female_56_3343.jpg,usable,3343,usable
Small_intestine_CCS_Male_41_2226.jpg,usable,2226,usable
Small_intestine_CCT3_Female_56_3343.jpg,usable,3343,usable
Small_intestine_CCT3_Male_41_2226.jpg,usable,2226,usable
Small_intestine_CCT6A_Female_64_2450.jpg,unusable,2450,unusable
Small_intestine_CCT6A_Female_68_3852.jpg,usable,3852,usable
Small_intestine_CCT7_Female_56_3343.jpg,usable,3343,usable
Small_intestine_CCT7_Male_41_2226.jpg,usable,2226,usable
Small_intestine_CCZ1B_Female_64_2450.jpg,usable,2450,usable
Small_intestine_CCZ1B_Female_68_3852.jpg,usable,3852,usable
Small_intestine_CCZ1_Female_64_2450.jpg,usable,2450,usable
Small_intestine_CCZ1_Female_68_3852.jpg,usable,3852,usable
Small_intestine_CD248_Female_64_2450.jpg,usable,2450,usable
Small_intestine_CD248_Female_68_3852.jpg,usable,3852,usable
Small_intestine_CD248_Male_70_1919.jpg,unusable,1919,unusable
Small_intestine_CD24_Female_44_1800.jpg,usable,1800,usable
Small_intestine_CD24_Male_37_1652.jpg,usable,1652,usable
Small_intestine_CD24_Male_66_4202.jpg,usable,4202,usable
Small_intestine_CD2AP_Male_41_2226.jpg,unusable,2226,unusable
Small_intestine_CD2AP_Male_71_2411.jpg,usable,2411,usable
Small_intestine_CD44_Female_37_29.jpg,usable,29,usable
Small_intestine_CD44_Male_1_493.jpg,usable,493,usable
Small_intestine_CD74_Male_41_2226.jpg,usable,2226,usable
Small_intestine_CD74_Male_71_2411.jpg,unusable,2411,unusable
Small_intestine_CD9_Male_41_2226.jpg,unusable,2226,unusable
Small_intestine_CD9_Male_71_2411.jpg,unusable,2411,unusable
Small_intestine_CDAN1_Female_64_2450.jpg,usable,2450,usable
Small_intestine_CDAN1_Male_41_2226.jpg,usable,2226,usable
Small_intestine_CDC14A_Female_44_1800.jpg,usable,1800,usable
Small_intestine_CDC14A_Male_37_1652.jpg,usable,1652,usable
Small_intestine_CDC14A_Male_66_4202.jpg,usable,4202,usable
Small_intestine_CDC16_Male_41_2226.jpg,usable,2226,usable
Small_intestine_CDC16_Male_7_1826.jpg,usable,1826,usable
Small_intestine_CDC20_Male_41_2226.jpg,usable,2226,usable
Small_intestine_CDC20_Male_71_2411.jpg,usable,2411,usable
Small_intestine_CDC25C_Male_41_2226.jpg,usable,2226,usable
Small_intestine_CDC34_Female_56_3343.jpg,usable,3343,usable
Small_intestine_CDC42EP3_Female_64_2450.jpg,usable,2450,usable
Small_intestine_CDC42EP4_Female_56_3343.jpg,usable,3343,usable
Small_intestine_CDC42EP4_Female_84_2256.jpg,usable,2256,usable
Small_intestine_CDC42EP5_Female_64_2450.jpg,usable,2450,usable
Small_intestine_CDC42EP5_Female_68_3852.jpg,usable,3852,usable
Small_intestine_CDC73_Female_56_3343.jpg,usable,3343,usable
Small_intestine_CDC73_Female_84_2256.jpg,usable,2256,usable
Small_intestine_CDCA2_Female_44_1800.jpg,usable,1800,usable
Small_intestine_CDCA2_Male_37_1652.jpg,unusable,1652,unusable
Small_intestine_CDCA2_Male_66_4202.jpg,usable,4202,usable
Small_intestine_CDCA5_Female_84_2256.jpg,usable,2256,usable
Small_intestine_CDCA5_Male_7_1826.jpg,usable,1826,usable
Small_intestine_CDCA5_Male_Unknown_1359.jpg,usable,1359,usable
Small_intestine_CDCA7L_Female_84_2256.jpg,unusable,2256,unusable
Small_intestine_CDCA7L_Male_41_2226.jpg,unusable,2226,unusable
Small_intestine_CDCA7L_Male_7_1826.jpg,usable,1826,usable
Small_intestine_CDH17_Female_56_3343.jpg,usable,3343,usable
Small_intestine_CDH17_Male_7_1826.jpg,unusable,1826,unusable
Small_intestine_CDH23_Female_56_3343.jpg,usable,3343,usable
Small_intestine_CDH23_Female_84_2256.jpg,usable,2256,usable
Small_intestine_CDHR5_Female_56_3343.jpg,usable,3343,usable
Small_intestine_CDHR5_Male_41_2226.jpg,usable,2226,usable
Small_intestine_CDK11B_Female_84_2256.jpg,usable,2256,usable
Small_intestine_CDK11B_Male_Unknown_1359.jpg,usable,1359,usable
Small_intestine_CDK13_Female_64_2450.jpg,usable,2450,usable
Small_intestine_CDK13_Female_68_3852.jpg,usable,3852,usable
Small_intestine_CDK16_Male_41_2226.jpg,unusable,2226,unusable
Small_intestine_CDK16_Male_71_2411.jpg,unusable,2411,unusable
Small_intestine_CDK17_Female_56_3343.jpg,usable,3343,usable
Small_intestine_CDK17_Female_84_2256.jpg,usable,2256,usable
Small_intestine_CDK5RAP2_Female_56_1499.jpg,unusable,1499,unusable
Small_intestine_CDK5RAP2_Male_37_1652.jpg,usable,1652,usable
Small_intestine_CDK5RAP2_Male_70_1919.jpg,unusable,1919,unusable
Small_intestine_CDK5RAP3_Female_56_3343.jpg,usable,3343,usable
Small_intestine_CDK5RAP3_Female_84_2256.jpg,usable,2256,usable
Small_intestine_CDK5RAP3_Male_7_1826.jpg,unusable,1826,unusable
Small_intestine_CDK6_Male_41_2226.jpg,usable,2226,usable
Small_intestine_CDK6_Male_71_2411.jpg,unusable,2411,unusable
Small_intestine_CDK9_Male_41_2226.jpg,unusable,2226,unusable
Small_intestine_CDK9_Male_71_2411.jpg,usable,2411,usable
Small_intestine_CDKL1_Female_68_3852.jpg,usable,3852,usable
Small_intestine_CDKL1_Male_26_3472.jpg,usable,3472,usable
Small_intestine_CDKL1_Male_70_1919.jpg,unusable,1919,unusable
Small_intestine_CDKL5_Male_41_2226.jpg,usable,2226,usable
Small_intestine_CDKL5_Male_71_2411.jpg,usable,2411,usable
Small_intestine_CDKN2B_Male_41_2226.jpg,usable,2226,usable
Small_intestine_CDKN2C_Male_41_2226.jpg,unusable,2226,unusable
Small_intestine_CDKN2C_Male_71_2411.jpg,usable,2411,usable
Small_intestine_CDO1_Male_26_3472.jpg,usable,3472,usable
Small_intestine_CDR2L_Female_56_3343.jpg,usable,3343,usable
Small_intestine_CDR2L_Female_84_2256.jpg,unusable,2256,unusable
Small_intestine_CDR2_Female_56_3343.jpg,unusable,3343,unusable
Small_intestine_CDR2_Female_84_2256.jpg,usable,2256,usable
Small_intestine_CDS1_Female_64_2450.jpg,unusable,2450,unusable
Small_intestine_CDS1_Male_41_2226.jpg,usable,2226,usable
Small_intestine_CDX1_Female_68_3852.jpg,usable,3852,usable
Small_intestine_CDX1_Male_70_1919.jpg,unusable,1919,unusable
Small_intestine_CDYL_Female_68_3852.jpg,usable,3852,usable
Small_intestine_CDYL_Male_26_3472.jpg,unusable,3472,unusable
Small_intestine_CDYL_Male_70_1919.jpg,usable,1919,usable
Small_intestine_CELF1_Female_56_3343.jpg,usable,3343,usable
Small_intestine_CELF1_Female_84_2256.jpg,usable,2256,usable
Small_intestine_CENPV_Female_68_3852.jpg,usable,3852,usable
Small_intestine_CENPV_Male_68_2471.jpg,unusable,2471,unusable
Small_intestine_CENPV_Male_70_1919.jpg,unusable,1919,unusable
Small_intestine_CEP290_Female_64_2450.jpg,usable,2450,usable
Small_intestine_CEP290_Male_7_1826.jpg,unusable,1826,unusable
Small_intestine_CEP295_Female_64_2450.jpg,usable,2450,usable
Small_intestine_CEP295_Female_68_3852.jpg,usable,3852,usable
Small_intestine_CEP44_Female_64_2450.jpg,unusable,2450,unusable
Small_intestine_CEP44_Female_68_3852.jpg,usable,3852,usable
Small_intestine_CEP44_Male_68_2471.jpg,unusable,2471,unusable
Small_intestine_CEP44_Male_70_1919.jpg,unusable,1919,unusable
Small_intestine_CEP68_Female_64_2450.jpg,usable,2450,usable
Small_intestine_CEP68_Female_68_3852.jpg,usable,3852,usable
Small_intestine_CEP70_Female_64_2450.jpg,unusable,2450,unusable
Small_intestine_CEP70_Male_68_2471.jpg,unusable,2471,unusable
Small_intestine_CEP76_Female_64_2450.jpg,usable,2450,usable
Small_intestine_CEP76_Female_68_3852.jpg,usable,3852,usable
Small_intestine_CEP85L_Female_64_2450.jpg,unusable,2450,unusable
Small_intestine_CEP85L_Male_7_1826.jpg,usable,1826,usable
Small_intestine_CEP95_Female_64_2450.jpg,usable,2450,usable
Small_intestine_CEP95_Female_68_3852.jpg,unusable,3852,unusable
Small_intestine_CEP95_Male_70_1919.jpg,unusable,1919,unusable
Small_intestine_CERKL_Female_64_2450.jpg,unusable,2450,unusable
Small_intestine_CERKL_Male_41_2226.jpg,usable,2226,usable
Small_intestine_CERT1_Female_44_1800.jpg,usable,1800,usable
Small_intestine_CERT1_Male_7_1826.jpg,unusable,1826,unusable
Small_intestine_CES1_Female_56_1499.jpg,usable,1499,usable
Small_intestine_CES1_Male_37_1652.jpg,usable,1652,usable
Small_intestine_CES1_Male_70_1919.jpg,unusable,1919,unusable
Small_intestine_CES2_Female_56_1499.jpg,usable,1499,usable
Small_intestine_CES2_Male_37_1652.jpg,usable,1652,usable
Small_intestine_CES2_Male_70_1919.jpg,usable,1919,usable
Small_intestine_CES3_Female_64_2450.jpg,usable,2450,usable
Small_intestine_CES3_Female_68_3852.jpg,usable,3852,usable
Small_intestine_CES3_Male_68_2471.jpg,unusable,2471,unusable
Small_intestine_CES3_Male_70_1919.jpg,usable,1919,usable
Small_intestine_CFAP20_Female_56_3343.jpg,usable,3343,usable
Small_intestine_CFAP20_Female_84_2256.jpg,usable,2256,usable
Small_intestine_CFL1_Female_64_2450.jpg,usable,2450,usable
Small_intestine_CFL1_Male_41_2226.jpg,unusable,2226,unusable
Small_intestine_CFLAR_Female_56_3343.jpg,usable,3343,usable
Small_intestine_CFLAR_Female_84_2256.jpg,unusable,2256,unusable
Small_intestine_CFLAR_Male_7_1826.jpg,unusable,1826,unusable
Small_intestine_CGGBP1_Female_64_2450.jpg,unusable,2450,unusable
Small_intestine_CGGBP1_Male_68_2471.jpg,usable,2471,usable
Small_intestine_CGN_Female_56_3343.jpg,usable,3343,usable
Small_intestine_CHADL_Female_56_3343.jpg,usable,3343,usable
Small_intestine_CHAF1A_Female_56_3343.jpg,usable,3343,usable
Small_intestine_CHAMP1_Female_56_3343.jpg,usable,3343,usable
Small_intestine_CHAMP1_Male_41_2226.jpg,unusable,2226,unusable
Small_intestine_CHAT_Female_56_1499.jpg,usable,1499,usable
Small_intestine_CHAT_Female_90_4380.jpg,unusable,4380,unusable
Small_intestine_CHAT_Male_66_4202.jpg,usable,4202,usable
Small_intestine_CHCHD10_Male_41_2226.jpg,unusable,2226,unusable
Small_intestine_CHCHD10_Male_71_2411.jpg,unusable,2411,unusable
Small_intestine_CHCHD1_Female_64_2450.jpg,unusable,2450,unusable
Small_intestine_CHCHD1_Male_68_2471.jpg,unusable,2471,unusable
Small_intestine_CHCHD2_Female_44_1800.jpg,unusable,1800,unusable
Small_intestine_CHCHD2_Female_84_2256.jpg,unusable,2256,unusable
Small_intestine_CHCHD2_Male_41_2226.jpg,unusable,2226,unusable
Small_intestine_CHCHD3_Female_64_2450.jpg,unusable,2450,unusable
Small_intestine_CHCHD3_Female_68_3852.jpg,usable,3852,usable
Small_intestine_CHCHD3_Male_68_2471.jpg,usable,2471,usable
Small_intestine_CHCHD6_Male_41_2226.jpg,unusable,2226,unusable
Small_intestine_CHCHD6_Male_7_1826.jpg,unusable,1826,unusable
Small_intestine_CHD4_Female_84_2256.jpg,unusable,2256,unusable
Small_intestine_CHD4_Male_7_1826.jpg,usable,1826,usable
Small_intestine_CHD4_Male_Unknown_1359.jpg,usable,1359,usable
Small_intestine_CHGA_Female_37_29.jpg,unusable,29,unusable
Small_intestine_CHGA_Female_69_133.jpg,usable,133,usable
Small_intestine_CHGA_Male_1_493.jpg,unusable,493,unusable
Small_intestine_CHGB_Female_56_1499.jpg,usable,1499,usable
Small_intestine_CHGB_Female_90_4380.jpg,unusable,4380,unusable
Small_intestine_CHGB_Male_66_4202.jpg,usable,4202,usable
Small_intestine_CHID1_Female_64_2450.jpg,unusable,2450,unusable
Small_intestine_CHID1_Male_7_1826.jpg,unusable,1826,unusable
Small_intestine_CHMP1B_Female_68_3852.jpg,usable,3852,usable
Small_intestine_CHMP1B_Male_26_3472.jpg,usable,3472,usable
Small_intestine_CHMP3_Female_56_3343.jpg,usable,3343,usable
Small_intestine_CHMP3_Female_84_2256.jpg,unusable,2256,unusable
Small_intestine_CHMP4A_Female_56_1499.jpg,usable,1499,usable
Small_intestine_CHMP4A_Male_37_1652.jpg,usable,1652,usable
Small_intestine_CHMP4A_Male_70_1919.jpg,usable,1919,usable
Small_intestine_CHMP4B_Female_64_2450.jpg,usable,2450,usable
Small_intestine_CHMP4B_Male_41_2226.jpg,usable,2226,usable
Small_intestine_CHMP4C_Female_56_3343.jpg,usable,3343,usable
Small_intestine_CHMP4C_Female_84_2256.jpg,usable,2256,usable
Small_intestine_CHN2_Female_56_3343.jpg,usable,3343,usable
Small_intestine_CHN2_Female_84_2256.jpg,usable,2256,usable
Small_intestine_CHN2_Male_7_1826.jpg,usable,1826,usable
Small_intestine_CHP2_Female_56_1499.jpg,usable,1499,usable
Small_intestine_CHP2_Male_37_1652.jpg,usable,1652,usable
Small_intestine_CHP2_Male_70_1919.jpg,unusable,1919,unusable
Small_intestine_CHRDL2_Female_56_3343.jpg,usable,3343,usable
Small_intestine_CHRDL2_Female_84_2256.jpg,unusable,2256,unusable
Small_intestine_CHRDL2_Male_7_1826.jpg,unusable,1826,unusable
Small_intestine_CHRM2_Female_64_2450.jpg,usable,2450,usable
Small_intestine_CHRM2_Male_7_1826.jpg,unusable,1826,unusable
Small_intestine_CHRNA7_Female_64_2450.jpg,unusable,2450,unusable
Small_intestine_CHRNA7_Male_7_1826.jpg,unusable,1826,unusable
Small_intestine_CHST10_Female_56_3343.jpg,usable,3343,usable
Small_intestine_CHST10_Female_84_2256.jpg,unusable,2256,unusable
Small_intestine_CHST5_Female_64_2450.jpg,usable,2450,usable
Small_intestine_CHST5_Female_68_3852.jpg,usable,3852,usable
Small_intestine_CHST5_Male_68_2471.jpg,unusable,2471,unusable
Small_intestine_CHST5_Male_70_1919.jpg,usable,1919,usable
Small_intestine_CHTOP_Female_84_2256.jpg,unusable,2256,unusable
Small_intestine_CHTOP_Male_41_2226.jpg,usable,2226,usable
Small_intestine_CHTOP_Male_7_1826.jpg,unusable,1826,unusable
Small_intestine_CHUK_Male_41_2226.jpg,unusable,2226,unusable
Small_intestine_CHUK_Male_71_2411.jpg,unusable,2411,unusable
Small_intestine_CIAO1_Female_56_3343.jpg,usable,3343,usable
Small_intestine_CIAO1_Female_84_2256.jpg,usable,2256,usable
Small_intestine_CIAO1_Male_7_1826.jpg,usable,1826,usable
Small_intestine_CIP2A_Female_84_2256.jpg,usable,2256,usable
Small_intestine_CIP2A_Male_7_1826.jpg,usable,1826,usable
Small_intestine_CIR1_Female_56_1499.jpg,unusable,1499,unusable
Small_intestine_CIR1_Male_37_1652.jpg,usable,1652,usable
Small_intestine_CIR1_Male_70_1919.jpg,unusable,1919,unusable
Small_intestine_CISD1_Female_44_1800.jpg,usable,1800,usable
Small_intestine_CISD1_Female_90_4380.jpg,unusable,4380,unusable
Small_intestine_CISD1_Male_66_4202.jpg,unusable,4202,unusable
Small_intestine_CISD3_Female_64_2450.jpg,usable,2450,usable
Small_intestine_CISD3_Female_68_3852.jpg,unusable,3852,unusable
Small_intestine_CISD3_Male_70_1919.jpg,usable,1919,usable
Small_intestine_CISH_Female_64_2450.jpg,usable,2450,usable
Small_intestine_CITED2_Male_71_2411.jpg,usable,2411,usable
Small_intestine_CKAP2L_Female_64_2450.jpg,usable,2450,usable
Small_intestine_CKAP2L_Female_68_3852.jpg,usable,3852,usable
Small_intestine_CKAP4_Female_37_29.jpg,usable,29,usable
Small_intestine_CKAP4_Female_69_133.jpg,usable,133,usable
Small_intestine_CKAP4_Male_1_493.jpg,usable,493,usable
Small_intestine_CKAP5_Female_64_2450.jpg,usable,2450,usable
Small_intestine_CKAP5_Female_68_3852.jpg,usable,3852,usable
Small_intestine_CKMT1A_Female_64_2450.jpg,unusable,2450,unusable
Small_intestine_CKMT1A_Female_68_3852.jpg,usable,3852,usable
Small_intestine_CKMT1A_Male_68_2471.jpg,unusable,2471,unusable
Small_intestine_CKMT1A_Male_70_1919.jpg,usable,1919,usable
Small_intestine_CKMT1B_Female_64_2450.jpg,unusable,2450,unusable
Small_intestine_CKMT1B_Female_68_3852.jpg,usable,3852,usable
Small_intestine_CKMT1B_Male_68_2471.jpg,unusable,2471,unusable
Small_intestine_CKMT1B_Male_70_1919.jpg,usable,1919,usable
Small_intestine_CLASP1_Female_68_3852.jpg,usable,3852,usable
Small_intestine_CLASP1_Male_26_3472.jpg,usable,3472,usable
Small_intestine_CLCA1_Female_64_2450.jpg,usable,2450,usable
Small_intestine_CLCA1_Female_68_3852.jpg,usable,3852,usable
Small_intestine_CLCA1_Male_70_1919.jpg,usable,1919,usable
Small_intestine_CLCC1_Female_56_3343.jpg,usable,3343,usable
Small_intestine_CLCC1_Male_41_2226.jpg,unusable,2226,unusable
Small_intestine_CLCN2_Female_56_3343.jpg,usable,3343,usable
Small_intestine_CLCN7_Male_68_2471.jpg,usable,2471,usable
Small_intestine_CLDN11_Female_56_3343.jpg,usable,3343,usable
Small_intestine_CLDN11_Male_41_2226.jpg,usable,2226,usable
Small_intestine_CLDN3_Male_41_2226.jpg,unusable,2226,unusable
Small_intestine_CLDN4_Male_41_2226.jpg,usable,2226,usable
Small_intestine_CLDN4_Male_71_2411.jpg,usable,2411,usable
Small_intestine_CLDN7_Female_56_3343.jpg,usable,3343,usable
Small_intestine_CLDN7_Female_84_2256.jpg,usable,2256,usable
Small_intestine_CLEC14A_Female_64_2450.jpg,usable,2450,usable
Small_intestine_CLEC14A_Female_68_3852.jpg,usable,3852,usable
Small_intestine_CLEC2D_Female_84_2256.jpg,usable,2256,usable
Small_intestine_CLEC4C_Female_84_2256.jpg,unusable,2256,unusable
Small_intestine_CLIC1_Male_41_2226.jpg,unusable,2226,unusable
Small_intestine_CLINT1_Female_64_2450.jpg,usable,2450,usable
Small_intestine_CLINT1_Female_68_3852.jpg,usable,3852,usable
Small_intestine_CLINT1_Male_68_2471.jpg,unusable,2471,unusable
Small_intestine_CLINT1_Male_70_1919.jpg,usable,1919,usable
Small_intestine_CLIP2_Female_56_3343.jpg,usable,3343,usable
Small_intestine_CLIP2_Female_84_2256.jpg,usable,2256,usable
Small_intestine_CLN5_Female_64_2450.jpg,usable,2450,usable
Small_intestine_CLN5_Female_68_3852.jpg,usable,3852,usable
Small_intestine_CLN5_Male_68_2471.jpg,usable,2471,usable
Small_intestine_CLN5_Male_70_1919.jpg,usable,1919,usable
Small_intestine_CLPP_Male_41_2226.jpg,usable,2226,usable
Small_intestine_CLPTM1_Female_44_1800.jpg,usable,1800,usable
Small_intestine_CLPTM1_Male_66_4202.jpg,usable,4202,usable
Small_intestine_CLSTN1_Male_41_2226.jpg,unusable,2226,unusable
Small_intestine_CLSTN1_Male_71_2411.jpg,usable,2411,usable
Small_intestine_CLTB_Male_41_2226.jpg,usable,2226,usable
Small_intestine_CLTB_Male_71_2411.jpg,usable,2411,usable
Small_intestine_CLUAP1_Male_41_2226.jpg,usable,2226,usable
Small_intestine_CLUAP1_Male_7_1826.jpg,unusable,1826,unusable
Small_intestine_CLU_Female_37_29.jpg,usable,29,usable
Small_intestine_CLU_Female_51_202.jpg,usable,202,usable
Small_intestine_CLU_Male_1_493.jpg,usable,493,usable
Small_intestine_CLYBL_Female_64_2450.jpg,usable,2450,usable
Small_intestine_CMAS_Female_64_2450.jpg,usable,2450,usable
Small_intestine_CMAS_Female_68_3852.jpg,usable,3852,usable
Small_intestine_CMIP_Female_56_1499.jpg,unusable,1499,unusable
Small_intestine_CMIP_Male_37_1652.jpg,usable,1652,usable
Small_intestine_CMIP_Male_70_1919.jpg,usable,1919,usable
Small_intestine_CMPK1_Female_64_2450.jpg,unusable,2450,unusable
Small_intestine_CMPK1_Male_70_1919.jpg,usable,1919,usable
Small_intestine_CMTM3_Female_44_1800.jpg,usable,1800,usable
Small_intestine_CMTM3_Female_90_4380.jpg,unusable,4380,unusable
Small_intestine_CMTM3_Male_66_4202.jpg,usable,4202,usable
Small_intestine_CNDP2_Female_84_2256.jpg,unusable,2256,unusable
Small_intestine_CNDP2_Male_41_2226.jpg,unusable,2226,unusable
Small_intestine_CNDP2_Male_7_1826.jpg,unusable,1826,unusable
Small_intestine_CNIH1_Male_41_2226.jpg,unusable,2226,unusable
Small_intestine_CNIH1_Male_71_2411.jpg,usable,2411,usable
Small_intestine_CNIH4_Female_64_2450.jpg,usable,2450,usable
Small_intestine_CNIH4_Female_68_3852.jpg,usable,3852,usable
Small_intestine_CNN3_Female_56_3343.jpg,usable,3343,usable
Small_intestine_CNNM3_Female_56_3343.jpg,usable,3343,usable
Small_intestine_CNNM4_Female_56_3343.jpg,usable,3343,usable
Small_intestine_CNNM4_Female_84_2256.jpg,unusable,2256,unusable
Small_intestine_CNOT11_Female_44_1800.jpg,usable,1800,usable
Small_intestine_CNOT11_Male_66_4202.jpg,unusable,4202,unusable
Small_intestine_CNOT1_Female_64_2450.jpg,unusable,2450,unusable
Small_intestine_CNOT1_Male_70_1919.jpg,unusable,1919,unusable
Small_intestine_CNOT4_Female_56_3343.jpg,usable,3343,usable
Small_intestine_CNOT8_Female_64_2450.jpg,usable,2450,usable
Small_intestine_CNOT8_Female_68_3852.jpg,usable,3852,usable
Small_intestine_CNOT8_Male_70_1919.jpg,usable,1919,usable
Small_intestine_CNST_Male_71_2411.jpg,unusable,2411,unusable
Small_intestine_CNTROB_Female_84_2256.jpg,unusable,2256,unusable
Small_intestine_CNTROB_Male_41_2226.jpg,unusable,2226,unusable
Small_intestine_CNTROB_Male_7_1826.jpg,usable,1826,usable
Small_intestine_COA3_Female_64_2450.jpg,unusable,2450,unusable
Small_intestine_COA3_Male_41_2226.jpg,usable,2226,usable
Small_intestine_COBL_Female_84_2256.jpg,usable,2256,usable
Small_intestine_COBL_Male_7_1826.jpg,unusable,1826,unusable
Small_intestine_COBL_Male_Unknown_1359.jpg,usable,1359,usable
Small_intestine_COG3_Female_84_2256.jpg,usable,2256,usable
Small_intestine_COG3_Male_Unknown_1359.jpg,usable,1359,usable
Small_intestine_COG5_Female_56_3343.jpg,usable,3343,usable
Small_intestine_COG5_Female_84_2256.jpg,usable,2256,usable
Small_intestine_COG6_Female_64_2450.jpg,usable,2450,usable
Small_intestine_COG6_Female_68_3852.jpg,usable,3852,usable
Small_intestine_COG7_Female_64_2450.jpg,usable,2450,usable
Small_intestine_COG7_Female_68_3852.jpg,usable,3852,usable
Small_intestine_COG7_Male_68_2471.jpg,usable,2471,usable
Small_intestine_COG7_Male_70_1919.jpg,usable,1919,usable
Small_intestine_COL18A1_Female_56_1499.jpg,unusable,1499,unusable
Small_intestine_COL18A1_Female_90_4380.jpg,unusable,4380,unusable
Small_intestine_COL18A1_Male_66_4202.jpg,usable,4202,usable
Small_intestine_COL27A1_Female_64_2450.jpg,unusable,2450,unusable
Small_intestine_COL27A1_Female_68_3852.jpg,usable,3852,usable
Small_intestine_COL27A1_Male_70_1919.jpg,unusable,1919,unusable
Small_intestine_COL5A3_Female_64_2450.jpg,unusable,2450,unusable
Small_intestine_COL5A3_Female_68_3852.jpg,usable,3852,usable
Small_intestine_COL5A3_Male_70_1919.jpg,usable,1919,usable
Small_intestine_COMMD2_Female_64_2450.jpg,usable,2450,usable
Small_intestine_COMMD2_Female_68_3852.jpg,unusable,3852,unusable
Small_intestine_COMMD9_Female_56_3343.jpg,usable,3343,usable
Small_intestine_COMTD1_Female_64_2450.jpg,unusable,2450,unusable
Small_intestine_COMTD1_Female_68_3852.jpg,usable,3852,usable
Small_intestine_COMTD1_Male_68_2471.jpg,usable,2471,usable
Small_intestine_COMTD1_Male_70_1919.jpg,usable,1919,usable
Small_intestine_COPA_Female_84_2256.jpg,unusable,2256,unusable
Small_intestine_COPA_Male_41_2226.jpg,unusable,2226,unusable
Small_intestine_COPA_Male_7_1826.jpg,usable,1826,usable
Small_intestine_COPB1_Female_56_3343.jpg,usable,3343,usable
Small_intestine_COPE_Female_64_2450.jpg,usable,2450,usable
Small_intestine_COPE_Male_41_2226.jpg,unusable,2226,unusable
Small_intestine_COPE_Male_68_2471.jpg,usable,2471,usable
Small_intestine_COPE_Male_70_1919.jpg,usable,1919,usable
Small_intestine_COPG1_Female_64_2450.jpg,usable,2450,usable
Small_intestine_COPG1_Male_68_2471.jpg,usable,2471,usable
Small_intestine_COPG2_Female_64_2450.jpg,unusable,2450,unusable
Small_intestine_COPG2_Female_68_3852.jpg,unusable,3852,unusable
Small_intestine_COPG2_Male_70_1919.jpg,unusable,1919,unusable
Small_intestine_COPS4_Female_64_2450.jpg,usable,2450,usable
Small_intestine_COPS4_Male_41_2226.jpg,usable,2226,usable
Small_intestine_COPS5_Male_41_2226.jpg,usable,2226,usable
Small_intestine_COPS5_Male_71_2411.jpg,usable,2411,usable
Small_intestine_COPS7B_Female_56_3343.jpg,usable,3343,usable
Small_intestine_COPS9_Female_64_2450.jpg,usable,2450,usable
Small_intestine_COPS9_Female_68_3852.jpg,unusable,3852,unusable
Small_intestine_COPS9_Male_68_2471.jpg,unusable,2471,unusable
Small_intestine_COQ10B_Female_64_2450.jpg,unusable,2450,unusable
Small_intestine_COQ10B_Female_68_3852.jpg,usable,3852,usable
Small_intestine_COQ10B_Male_70_1919.jpg,usable,1919,usable
Small_intestine_COQ3_Female_64_2450.jpg,unusable,2450,unusable
Small_intestine_COQ3_Male_7_1826.jpg,usable,1826,usable
Small_intestine_COQ4_Female_64_2450.jpg,usable,2450,usable
Small_intestine_COQ4_Female_68_3852.jpg,usable,3852,usable
Small_intestine_COQ4_Male_68_2471.jpg,unusable,2471,unusable
Small_intestine_COQ4_Male_70_1919.jpg,usable,1919,usable
Small_intestine_COQ6_Female_64_2450.jpg,unusable,2450,unusable
Small_intestine_COQ6_Female_68_3852.jpg,usable,3852,usable
Small_intestine_COQ6_Male_70_1919.jpg,usable,1919,usable
Small_intestine_COQ7_Female_56_1499.jpg,usable,1499,usable
Small_intestine_COQ7_Male_37_1652.jpg,usable,1652,usable
Small_intestine_COQ7_Male_70_1919.jpg,usable,1919,usable
Small_intestine_COQ8B_Female_84_2256.jpg,usable,2256,usable
Small_intestine_COQ8B_Male_41_2226.jpg,usable,2226,usable
Small_intestine_COQ8B_Male_7_1826.jpg,usable,1826,usable
Small_intestine_COQ9_Female_64_2450.jpg,usable,2450,usable
Small_intestine_COQ9_Female_68_3852.jpg,usable,3852,usable
Small_intestine_CORO1C_Female_64_2450.jpg,usable,2450,usable
Small_intestine_CORO2A_Female_64_2450.jpg,usable,2450,usable
Small_intestine_CORO2A_Female_68_3852.jpg,usable,3852,usable
Small_intestine_CORO7_Female_64_2450.jpg,usable,2450,usable
Small_intestine_CORO7_Female_68_3852.jpg,usable,3852,usable
Small_intestine_COX11_Female_64_2450.jpg,usable,2450,usable
Small_intestine_COX11_Female_68_3852.jpg,usable,3852,usable
Small_intestine_COX11_Male_68_2471.jpg,unusable,2471,unusable
Small_intestine_COX11_Male_70_1919.jpg,unusable,1919,unusable
Small_intestine_COX17_Female_68_3852.jpg,unusable,3852,unusable
Small_intestine_COX17_Male_68_2471.jpg,usable,2471,usable
Small_intestine_COX17_Male_70_1919.jpg,unusable,1919,unusable
Small_intestine_COX4I1_Male_41_2226.jpg,unusable,2226,unusable
Small_intestine_COX4I1_Male_71_2411.jpg,usable,2411,usable
Small_intestine_COX5A_Female_84_2256.jpg,usable,2256,usable
Small_intestine_COX5A_Male_41_2226.jpg,usable,2226,usable
Small_intestine_COX5A_Male_7_1826.jpg,usable,1826,usable
Small_intestine_COX5B_Female_64_2450.jpg,usable,2450,usable
Small_intestine_COX5B_Male_7_1826.jpg,usable,1826,usable
Small_intestine_COX6A1_Male_26_3472.jpg,usable,3472,usable
Small_intestine_COX6A1_Male_37_1652.jpg,usable,1652,usable
Small_intestine_COX6A1_Male_70_1919.jpg,usable,1919,usable
Small_intestine_COX6B1_Male_41_2226.jpg,unusable,2226,unusable
Small_intestine_COX6B1_Male_71_2411.jpg,usable,2411,usable
Small_intestine_COX6C_Female_84_2256.jpg,usable,2256,usable
Small_intestine_COX6C_Male_68_2471.jpg,usable,2471,usable
Small_intestine_COX7C_Female_64_2450.jpg,unusable,2450,unusable
Small_intestine_COX7C_Female_68_3852.jpg,usable,3852,usable
Small_intestine_COX8C_Male_41_2226.jpg,unusable,2226,unusable
Small_intestine_COX8C_Male_71_2411.jpg,unusable,2411,unusable
Small_intestine_CPE_Male_41_2226.jpg,unusable,2226,unusable
Small_intestine_CPE_Male_71_2411.jpg,unusable,2411,unusable
Small_intestine_CPLANE1_Female_64_2450.jpg,usable,2450,usable
Small_intestine_CPLANE1_Male_68_2471.jpg,usable,2471,usable
Small_intestine_CPNE3_Female_84_2256.jpg,unusable,2256,unusable
Small_intestine_CPNE3_Male_41_2226.jpg,usable,2226,usable
Small_intestine_CPNE3_Male_7_1826.jpg,usable,1826,usable
Small_intestine_CPNE5_Female_64_2450.jpg,unusable,2450,unusable
Small_intestine_CPNE5_Male_7_1826.jpg,usable,1826,usable
Small_intestine_CPNE6_Female_44_1800.jpg,usable,1800,usable
Small_intestine_CPNE6_Male_66_4202.jpg,usable,4202,usable
Small_intestine_CPS1_Male_41_2226.jpg,usable,2226,usable
Small_intestine_CPS1_Male_71_2411.jpg,usable,2411,usable
Small_intestine_CPSF2_Female_84_2256.jpg,usable,2256,usable
Small_intestine_CPSF2_Male_41_2226.jpg,unusable,2226,unusable
Small_intestine_CPSF2_Male_7_1826.jpg,usable,1826,usable
Small_intestine_CPSF3_Female_64_2450.jpg,usable,2450,usable
Small_intestine_CPSF3_Male_41_2226.jpg,unusable,2226,unusable
Small_intestine_CPSF6_Female_84_2256.jpg,unusable,2256,unusable
Small_intestine_CPSF6_Male_41_2226.jpg,unusable,2226,unusable
Small_intestine_CPSF6_Male_7_1826.jpg,usable,1826,usable
Small_intestine_CPSF7_Female_64_2450.jpg,usable,2450,usable
Small_intestine_CPSF7_Female_68_3852.jpg,usable,3852,usable
Small_intestine_CPT1A_Female_56_3343.jpg,usable,3343,usable
Small_intestine_CPT1A_Male_41_2226.jpg,usable,2226,usable
Small_intestine_CRACD_Male_41_2226.jpg,usable,2226,usable
Small_intestine_CRACD_Male_7_1826.jpg,usable,1826,usable
Small_intestine_CRACR2B_Female_64_2450.jpg,unusable,2450,unusable
Small_intestine_CRACR2B_Female_68_3852.jpg,usable,3852,usable
Small_intestine_CRBN_Female_64_2450.jpg,unusable,2450,unusable
Small_intestine_CREB1_Male_41_2226.jpg,usable,2226,usable
Small_intestine_CREB3L1_Female_84_2256.jpg,usable,2256,usable
Small_intestine_CREB3L1_Male_7_1826.jpg,usable,1826,usable
Small_intestine_CREB3L1_Male_Unknown_1359.jpg,usable,1359,usable
Small_intestine_CREBBP_Male_41_2226.jpg,usable,2226,usable
Small_intestine_CREBBP_Male_71_2411.jpg,usable,2411,usable
Small_intestine_CREBL2_Female_64_2450.jpg,unusable,2450,unusable
Small_intestine_CREBL2_Male_7_1826.jpg,unusable,1826,unusable
Small_intestine_CRIP1_Male_41_2226.jpg,usable,2226,usable
Small_intestine_CRIP1_Male_7_1826.jpg,usable,1826,usable
Small_intestine_CRISPLD1_Female_84_2256.jpg,unusable,2256,unusable
Small_intestine_CRISPLD1_Male_41_2226.jpg,usable,2226,usable
Small_intestine_CRISPLD1_Male_7_1826.jpg,usable,1826,usable
Small_intestine_CRKL_Male_41_2226.jpg,unusable,2226,unusable
Small_intestine_CRKL_Male_71_2411.jpg,unusable,2411,unusable
Small_intestine_CRK_Female_56_3343.jpg,usable,3343,usable
Small_intestine_CROT_Female_56_3343.jpg,usable,3343,usable
Small_intestine_CROT_Female_84_2256.jpg,usable,2256,usable
Small_intestine_CROT_Male_7_1826.jpg,usable,1826,usable
Small_intestine_CRTAP_Male_68_2471.jpg,usable,2471,usable
Small_intestine_CRY1_Female_56_3343.jpg,usable,3343,usable
Small_intestine_CRY1_Female_84_2256.jpg,unusable,2256,unusable
Small_intestine_CRY2_Female_64_2450.jpg,usable,2450,usable
Small_intestine_CRY2_Male_41_2226.jpg,unusable,2226,unusable
Small_intestine_CRYBG1_Female_84_2256.jpg,usable,2256,usable
Small_intestine_CRYBG1_Male_7_1826.jpg,usable,1826,usable
Small_intestine_CRYBG1_Male_Unknown_1359.jpg,usable,1359,usable
Small_intestine_CRYL1_Female_64_2450.jpg,usable,2450,usable
Small_intestine_CRYL1_Female_68_3852.jpg,usable,3852,usable
Small_intestine_CRYZL1_Female_56_3343.jpg,usable,3343,usable
Small_intestine_CRYZL1_Female_84_2256.jpg,usable,2256,usable
Small_intestine_CSDC2_Male_41_2226.jpg,usable,2226,usable
Small_intestine_CSDC2_Male_71_2411.jpg,unusable,2411,unusable
Small_intestine_CSPG4_Male_41_2226.jpg,usable,2226,usable
Small_intestine_CSPG4_Male_71_2411.jpg,usable,2411,usable
Small_intestine_CSRNP2_Female_56_3343.jpg,usable,3343,usable
Small_intestine_CSRNP2_Female_84_2256.jpg,unusable,2256,unusable
Small_intestine_CSRP1_Female_64_2450.jpg,usable,2450,usable
Small_intestine_CSRP1_Male_68_2471.jpg,usable,2471,usable
Small_intestine_CSRP1_Male_70_1919.jpg,usable,1919,usable
Small_intestine_CSRP2_Female_64_2450.jpg,usable,2450,usable
Small_intestine_CSRP2_Male_68_2471.jpg,usable,2471,usable
Small_intestine_CSRP2_Male_70_1919.jpg,usable,1919,usable
Small_intestine_CSTF3_Female_64_2450.jpg,usable,2450,usable
Small_intestine_CSTF3_Female_68_3852.jpg,usable,3852,usable
Small_intestine_CSTPP1_Female_64_2450.jpg,unusable,2450,unusable
Small_intestine_CSTPP1_Female_68_3852.jpg,usable,3852,usable
Small_intestine_CS_Female_84_2256.jpg,unusable,2256,unusable
Small_intestine_CS_Male_41_2226.jpg,usable,2226,usable
Small_intestine_CTCF_Male_41_2226.jpg,unusable,2226,unusable
Small_intestine_CTCF_Male_71_2411.jpg,usable,2411,usable
Small_intestine_CTHRC1_Female_68_3852.jpg,usable,3852,usable
Small_intestine_CTHRC1_Male_26_3472.jpg,usable,3472,usable
Small_intestine_CTHRC1_Male_70_1919.jpg,unusable,1919,unusable
Small_intestine_CTNNA1_Female_56_3343.jpg,usable,3343,usable
Small_intestine_CTNNB1_Male_41_2226.jpg,usable,2226,usable
Small_intestine_CTNNB1_Male_71_2411.jpg,unusable,2411,unusable
Small_intestine_CTNNBIP1_Female_56_1499.jpg,usable,1499,usable
Small_intestine_CTNNBIP1_Male_37_1652.jpg,usable,1652,usable
Small_intestine_CTNNBIP1_Male_70_1919.jpg,unusable,1919,unusable
Small_intestine_CTPS2_Female_56_3343.jpg,usable,3343,usable
Small_intestine_CTPS2_Female_84_2256.jpg,usable,2256,usable
Small_intestine_CTSA_Female_84_2256.jpg,usable,2256,usable
Small_intestine_CTSA_Male_7_1826.jpg,usable,1826,usable
Small_intestine_CTSA_Male_Unknown_1359.jpg,unusable,1359,unusable
Small_intestine_CTSB_Female_37_29.jpg,usable,29,usable
Small_intestine_CTSB_Female_51_202.jpg,usable,202,usable
Small_intestine_CTSB_Male_1_493.jpg,usable,493,usable
Small_intestine_CTSD_Male_41_2226.jpg,usable,2226,usable
Small_intestine_CTSD_Male_71_2411.jpg,unusable,2411,unusable
Small_intestine_CTSH_Female_51_202.jpg,unusable,202,unusable
Small_intestine_CTSH_Male_59_969.jpg,usable,969,usable
Small_intestine_CTSS_Female_51_202.jpg,unusable,202,unusable
Small_intestine_CTSS_Male_59_969.jpg,usable,969,usable
Small_intestine_CTSS_Male_79_2650.jpg,unusable,2650,unusable
Small_intestine_CTSZ_Female_84_2256.jpg,usable,2256,usable
Small_intestine_CTSZ_Male_7_1826.jpg,usable,1826,usable
Small_intestine_CTSZ_Male_Unknown_1359.jpg,usable,1359,usable
Small_intestine_CTTNBP2NL_Female_56_3343.jpg,usable,3343,usable
Small_intestine_CUL3_Male_41_2226.jpg,usable,2226,usable
Small_intestine_CUL3_Male_71_2411.jpg,usable,2411,usable
Small_intestine_CWC22_Female_64_2450.jpg,usable,2450,usable
Small_intestine_CWC22_Male_68_2471.jpg,usable,2471,usable
Small_intestine_CWC25_Female_56_3343.jpg,usable,3343,usable
Small_intestine_CWC25_Female_84_2256.jpg,usable,2256,usable
Small_intestine_CWF19L1_Female_56_3343.jpg,unusable,3343,unusable
Small_intestine_CXXC1_Female_64_2450.jpg,unusable,2450,unusable
Small_intestine_CXXC1_Female_68_3852.jpg,usable,3852,usable
Small_intestine_CYB561D2_Female_44_1800.jpg,usable,1800,usable
Small_intestine_CYB561D2_Male_37_1652.jpg,usable,1652,usable
Small_intestine_CYB561D2_Male_66_4202.jpg,usable,4202,usable
Small_intestine_CYB5B_Female_44_1800.jpg,usable,1800,usable
Small_intestine_CYB5B_Male_37_1652.jpg,usable,1652,usable
Small_intestine_CYB5B_Male_66_4202.jpg,usable,4202,usable
Small_intestine_CYB5R4_Female_56_3343.jpg,usable,3343,usable
Small_intestine_CYB5R4_Female_84_2256.jpg,usable,2256,usable
Small_intestine_CYB5RL_Female_64_2450.jpg,unusable,2450,unusable
Small_intestine_CYB5RL_Female_68_3852.jpg,usable,3852,usable
Small_intestine_CYB5RL_Male_70_1919.jpg,unusable,1919,unusable
Small_intestine_CYBRD1_Female_56_3343.jpg,usable,3343,usable
Small_intestine_CYCS_Male_41_2226.jpg,unusable,2226,unusable
Small_intestine_CYCS_Male_71_2411.jpg,usable,2411,usable
Small_intestine_CYP20A1_Female_64_2450.jpg,unusable,2450,unusable
Small_intestine_CYP20A1_Female_68_3852.jpg,usable,3852,usable
Small_intestine_CYP20A1_Male_70_1919.jpg,usable,1919,usable
Small_intestine_CYP27A1_Female_68_3852.jpg,usable,3852,usable
Small_intestine_CYP27A1_Male_26_3472.jpg,unusable,3472,unusable
Small_intestine_CYP27A1_Male_70_1919.jpg,usable,1919,usable
Small_intestine_CYP2R1_Female_64_2450.jpg,usable,2450,usable
Small_intestine_CYP2R1_Male_68_2471.jpg,usable,2471,usable
Small_intestine_CYP2R1_Male_70_1919.jpg,usable,1919,usable
Small_intestine_CYP2S1_Female_90_4380.jpg,unusable,4380,unusable
Small_intestine_CYP2S1_Male_26_3472.jpg,usable,3472,usable
Small_intestine_CYP2S1_Male_66_4202.jpg,usable,4202,usable
Small_intestine_CYP2U1_Female_64_2450.jpg,usable,2450,usable
Small_intestine_CYP2U1_Female_68_3852.jpg,unusable,3852,unusable
Small_intestine_CYP3A4_Female_84_2256.jpg,unusable,2256,unusable
Small_intestine_CYP3A4_Male_41_2226.jpg,usable,2226,usable
Small_intestine_CYP3A4_Male_7_1826.jpg,usable,1826,usable
Small_intestine_CYP4F11_Female_56_3343.jpg,usable,3343,usable
Small_intestine_CYP4F11_Female_84_2256.jpg,usable,2256,usable
Small_intestine_CYP4F12_Female_68_3852.jpg,usable,3852,usable
Small_intestine_CYP4F12_Male_26_3472.jpg,usable,3472,usable
Small_intestine_CYP4F12_Male_70_1919.jpg,unusable,1919,unusable
Small_intestine_CYP4F22_Female_68_3852.jpg,usable,3852,usable
Small_intestine_CYP4F22_Male_26_3472.jpg,usable,3472,usable
Small_intestine_CYP4F22_Male_70_1919.jpg,unusable,1919,unusable
Small_intestine_CYP4F2_Female_56_3343.jpg,usable,3343,usable
Small_intestine_CYP4F2_Female_84_2256.jpg,unusable,2256,unusable
Small_intestine_CYP4F3_Female_68_3852.jpg,usable,3852,usable
Small_intestine_CYP4F3_Male_26_3472.jpg,usable,3472,usable
Small_intestine_CYP4F3_Male_70_1919.jpg,unusable,1919,unusable
Small_intestine_CYP4F8_Female_68_3852.jpg,usable,3852,usable
Small_intestine_CYP4F8_Male_26_3472.jpg,usable,3472,usable
Small_intestine_CYP4F8_Male_70_1919.jpg,unusable,1919,unusable
Small_intestine_CYP7B1_Female_56_3343.jpg,usable,3343,usable
Small_intestine_CYP7B1_Female_84_2256.jpg,usable,2256,usable
Small_intestine_CYP7B1_Male_7_1826.jpg,usable,1826,usable
Small_intestine_CYSLTR2_Male_41_2226.jpg,unusable,2226,unusable
Small_intestine_CYSLTR2_Male_7_1826.jpg,usable,1826,usable
Small_intestine_CYTH4_Female_68_3852.jpg,usable,3852,usable
Small_intestine_CYTH4_Male_26_3472.jpg,usable,3472,usable
Small_intestine_DAB1_Male_26_3472.jpg,usable,3472,usable
Small_intestine_DAB1_Male_41_2226.jpg,unusable,2226,unusable
Small_intestine_DAB1_Male_7_1826.jpg,unusable,1826,unusable
Small_intestine_DACH1_Female_56_3343.jpg,usable,3343,usable
Small_intestine_DAD1_Female_64_2450.jpg,unusable,2450,unusable
Small_intestine_DAD1_Male_7_1826.jpg,usable,1826,usable
Small_intestine_DALRD3_Female_64_2450.jpg,usable,2450,usable
Small_intestine_DAP3_Female_84_2256.jpg,unusable,2256,unusable
Small_intestine_DAP3_Male_7_1826.jpg,unusable,1826,unusable
Small_intestine_DAP3_Male_Unknown_1359.jpg,usable,1359,usable
Small_intestine_DARS2_Female_84_2256.jpg,usable,2256,usable
Small_intestine_DARS2_Male_Unknown_1359.jpg,usable,1359,usable
Small_intestine_DAZAP1_Female_56_3343.jpg,usable,3343,usable
Small_intestine_DCAF11_Female_64_2450.jpg,unusable,2450,unusable
Small_intestine_DCAF11_Male_7_1826.jpg,usable,1826,usable
Small_intestine_DCAF13_Female_68_3852.jpg,usable,3852,usable
Small_intestine_DCAF5_Female_64_2450.jpg,unusable,2450,unusable
Small_intestine_DCAF5_Female_68_3852.jpg,usable,3852,usable
Small_intestine_DCAF5_Male_68_2471.jpg,unusable,2471,unusable
Small_intestine_DCAF5_Male_70_1919.jpg,usable,1919,usable
Small_intestine_DCHS1_Female_64_2450.jpg,usable,2450,usable
Small_intestine_DCHS1_Male_68_2471.jpg,usable,2471,usable
Small_intestine_DCHS1_Male_70_1919.jpg,usable,1919,usable
Small_intestine_DCLK1_Female_84_2256.jpg,usable,2256,usable
Small_intestine_DCLK1_Male_41_2226.jpg,unusable,2226,unusable
Small_intestine_DCLK2_Male_26_3472.jpg,usable,3472,usable
Small_intestine_DCLK2_Male_37_1652.jpg,usable,1652,usable
Small_intestine_DCLK2_Male_70_1919.jpg,unusable,1919,unusable
Small_intestine_DCP1B_Female_64_2450.jpg,unusable,2450,unusable
Small_intestine_DCP1B_Female_68_3852.jpg,usable,3852,usable
Small_intestine_DCTD_Female_64_2450.jpg,unusable,2450,unusable
Small_intestine_DCTD_Male_41_2226.jpg,unusable,2226,unusable
Small_intestine_DCTN2_Female_64_2450.jpg,unusable,2450,unusable
Small_intestine_DCTN2_Female_68_3852.jpg,usable,3852,usable
Small_intestine_DCTN2_Male_68_2471.jpg,unusable,2471,unusable
Small_intestine_DCTN2_Male_70_1919.jpg,usable,1919,usable
Small_intestine_DCTN4_Female_56_3343.jpg,usable,3343,usable
Small_intestine_DCTN4_Female_84_2256.jpg,usable,2256,usable
Small_intestine_DCTN6_Female_84_2256.jpg,usable,2256,usable
Small_intestine_DCTN6_Male_41_2226.jpg,unusable,2226,unusable
Small_intestine_DCTN6_Male_7_1826.jpg,usable,1826,usable
Small_intestine_DCUN1D1_Female_64_2450.jpg,usable,2450,usable
Small_intestine_DCUN1D1_Male_68_2471.jpg,usable,2471,usable
Small_intestine_DDC_Female_56_1499.jpg,usable,1499,usable
Small_intestine_DDC_Male_66_4202.jpg,unusable,4202,unusable
Small_intestine_DDHD2_Female_56_3343.jpg,usable,3343,usable
Small_intestine_DDHD2_Female_84_2256.jpg,unusable,2256,unusable
Small_intestine_DDIT4_Male_41_2226.jpg,usable,2226,usable
Small_intestine_DDIT4_Male_7_1826.jpg,usable,1826,usable
Small_intestine_DDOST_Female_56_3343.jpg,usable,3343,usable
Small_intestine_DDR1_Female_56_3343.jpg,usable,3343,usable
Small_intestine_DDR1_Female_84_2256.jpg,usable,2256,usable
Small_intestine_DDX19B_Female_64_2450.jpg,unusable,2450,unusable
Small_intestine_DDX19B_Male_41_2226.jpg,usable,2226,usable
Small_intestine_DDX1_Female_56_3343.jpg,usable,3343,usable
Small_intestine_DDX27_Female_64_2450.jpg,unusable,2450,unusable
Small_intestine_DDX27_Male_7_1826.jpg,usable,1826,usable
Small_intestine_DDX28_Female_64_2450.jpg,usable,2450,usable
Small_intestine_DDX28_Female_68_3852.jpg,unusable,3852,unusable
Small_intestine_DDX28_Male_68_2471.jpg,unusable,2471,unusable
Small_intestine_DDX28_Male_70_1919.jpg,usable,1919,usable
Small_intestine_DDX41_Female_56_3343.jpg,usable,3343,usable
Small_intestine_DDX41_Female_84_2256.jpg,usable,2256,usable
Small_intestine_DDX49_Female_84_2256.jpg,usable,2256,usable
Small_intestine_DDX5_Male_41_2226.jpg,usable,2226,usable
Small_intestine_DDX5_Male_71_2411.jpg,usable,2411,usable
Small_intestine_DDX60_Female_64_2450.jpg,unusable,2450,unusable
Small_intestine_DDX60_Female_68_3852.jpg,usable,3852,usable
Small_intestine_DDX60_Male_70_1919.jpg,usable,1919,usable
Small_intestine_DEAF1_Female_64_2450.jpg,usable,2450,usable
Small_intestine_DEAF1_Female_68_3852.jpg,usable,3852,usable
Small_intestine_DEAF1_Male_68_2471.jpg,unusable,2471,unusable
Small_intestine_DEAF1_Male_70_1919.jpg,usable,1919,usable
Small_intestine_DECR1_Female_84_2256.jpg,unusable,2256,unusable
Small_intestine_DECR1_Male_41_2226.jpg,unusable,2226,unusable
Small_intestine_DECR1_Male_7_1826.jpg,usable,1826,usable
Small_intestine_DEDD_Female_44_1800.jpg,usable,1800,usable
Small_intestine_DEDD_Female_90_4380.jpg,unusable,4380,unusable
Small_intestine_DEF8_Female_68_3852.jpg,usable,3852,usable
Small_intestine_DEF8_Male_68_2471.jpg,usable,2471,usable
Small_intestine_DEF8_Male_70_1919.jpg,unusable,1919,unusable
Small_intestine_DEFA5_Male_26_3472.jpg,usable,3472,usable
Small_intestine_DEFA5_Male_37_1652.jpg,usable,1652,usable
Small_intestine_DEFA5_Male_70_1919.jpg,unusable,1919,unusable
Small_intestine_DEFA6_Female_68_3852.jpg,usable,3852,usable
Small_intestine_DEFA6_Male_26_3472.jpg,unusable,3472,unusable
Small_intestine_DEFA6_Male_70_1919.jpg,usable,1919,usable
Small_intestine_DELE1_Female_64_2450.jpg,unusable,2450,unusable
Small_intestine_DELE1_Male_41_2226.jpg,unusable,2226,unusable
Small_intestine_DENND11_Female_84_2256.jpg,unusable,2256,unusable
Small_intestine_DENND11_Male_41_2226.jpg,unusable,2226,unusable
Small_intestine_DENND11_Male_7_1826.jpg,usable,1826,usable
Small_intestine_DENND2B_Female_64_2450.jpg,unusable,2450,unusable
Small_intestine_DENND2D_Female_64_2450.jpg,unusable,2450,unusable
Small_intestine_DENND2D_Male_7_1826.jpg,usable,1826,usable
Small_intestine_DENND4B_Male_37_1652.jpg,usable,1652,usable
Small_intestine_DENND4B_Male_70_1919.jpg,unusable,1919,unusable
Small_intestine_DENND4C_Female_56_3343.jpg,usable,3343,usable
Small_intestine_DENND6A_Female_56_1499.jpg,usable,1499,usable
Small_intestine_DENND6A_Male_37_1652.jpg,usable,1652,usable
Small_intestine_DENND6A_Male_70_1919.jpg,usable,1919,usable
Small_intestine_DERL1_Female_56_3343.jpg,usable,3343,usable
Small_intestine_DERL1_Female_84_2256.jpg,usable,2256,usable
Small_intestine_DERL3_Female_64_2450.jpg,usable,2450,usable
Small_intestine_DERL3_Male_41_2226.jpg,usable,2226,usable
Small_intestine_DEXI_Female_64_2450.jpg,usable,2450,usable
Small_intestine_DEXI_Male_7_1826.jpg,unusable,1826,unusable
Small_intestine_DFFA_Male_41_2226.jpg,unusable,2226,unusable
Small_intestine_DFFA_Male_71_2411.jpg,unusable,2411,unusable
Small_intestine_DGAT1_Female_64_2450.jpg,usable,2450,usable
Small_intestine_DGAT1_Male_41_2226.jpg,usable,2226,usable
Small_intestine_DGKH_Female_64_2450.jpg,unusable,2450,unusable
Small_intestine_DGLUCY_Female_64_2450.jpg,unusable,2450,unusable
Small_intestine_DGLUCY_Female_68_3852.jpg,usable,3852,usable
Small_intestine_DHDDS_Female_84_2256.jpg,unusable,2256,unusable
Small_intestine_DHDDS_Male_41_2226.jpg,usable,2226,usable
Small_intestine_DHDDS_Male_7_1826.jpg,usable,1826,usable
Small_intestine_DHDH_Female_68_3852.jpg,unusable,3852,unusable
Small_intestine_DHDH_Male_68_2471.jpg,unusable,2471,unusable
Small_intestine_DHDH_Male_70_1919.jpg,usable,1919,usable
Small_intestine_DHFR_Female_64_2450.jpg,usable,2450,usable
Small_intestine_DHFR_Male_7_1826.jpg,usable,1826,usable
Small_intestine_DHODH_Female_56_3343.jpg,usable,3343,usable
Small_intestine_DHODH_Female_84_2256.jpg,usable,2256,usable
Small_intestine_DHRS11_Female_64_2450.jpg,usable,2450,usable
Small_intestine_DHRS11_Female_68_3852.jpg,usable,3852,usable
Small_intestine_DHRS12_Female_64_2450.jpg,usable,2450,usable
Small_intestine_DHRS12_Male_41_2226.jpg,usable,2226,usable
Small_intestine_DHRS1_Female_37_29.jpg,usable,29,usable
Small_intestine_DHRS1_Female_51_202.jpg,usable,202,usable
Small_intestine_DHRS1_Male_1_493.jpg,unusable,493,unusable
Small_intestine_DHRS3_Female_56_3343.jpg,usable,3343,usable
Small_intestine_DHRS7B_Male_41_2226.jpg,usable,2226,usable
Small_intestine_DHRS7_Female_64_2450.jpg,usable,2450,usable
Small_intestine_DHRS7_Male_7_1826.jpg,unusable,1826,unusable
Small_intestine_DHX16_Female_64_2450.jpg,usable,2450,usable
Small_intestine_DHX16_Female_68_3852.jpg,usable,3852,usable
Small_intestine_DHX16_Male_68_2471.jpg,unusable,2471,unusable
Small_intestine_DHX16_Male_70_1919.jpg,unusable,1919,unusable
Small_intestine_DHX29_Male_68_2471.jpg,usable,2471,usable
Small_intestine_DHX38_Female_64_2450.jpg,unusable,2450,unusable
Small_intestine_DHX38_Female_68_3852.jpg,unusable,3852,unusable
Small_intestine_DHX38_Male_68_2471.jpg,unusable,2471,unusable
Small_intestine_DHX38_Male_70_1919.jpg,unusable,1919,unusable
Small_intestine_DHX58_Female_56_3343.jpg,usable,3343,usable
Small_intestine_DHX58_Female_84_2256.jpg,usable,2256,usable
Small_intestine_DHX9_Male_41_2226.jpg,usable,2226,usable
Small_intestine_DIAPH2_Male_41_2226.jpg,unusable,2226,unusable
Small_intestine_DIAPH2_Male_71_2411.jpg,usable,2411,usable
Small_intestine_DIDO1_Male_41_2226.jpg,usable,2226,usable
Small_intestine_DIDO1_Male_71_2411.jpg,unusable,2411,unusable
Small_intestine_DIP2B_Female_64_2450.jpg,usable,2450,usable
Small_intestine_DIP2B_Male_7_1826.jpg,unusable,1826,unusable
Small_intestine_DIPK1A_Female_56_3343.jpg,usable,3343,usable
Small_intestine_DIPK1A_Female_84_2256.jpg,unusable,2256,unusable
Small_intestine_DIPK2A_Female_64_2450.jpg,usable,2450,usable
Small_intestine_DIPK2A_Male_68_2471.jpg,usable,2471,usable
Small_intestine_DIPK2A_Male_70_1919.jpg,unusable,1919,unusable
Small_intestine_DIS3_Female_64_2450.jpg,usable,2450,usable
Small_intestine_DIS3_Female_68_3852.jpg,usable,3852,usable
Small_intestine_DIS3_Male_68_2471.jpg,unusable,2471,unusable
Small_intestine_DIS3_Male_70_1919.jpg,usable,1919,usable
Small_intestine_DKC1_Female_37_29.jpg,usable,29,usable
Small_intestine_DKC1_Female_69_133.jpg,usable,133,usable
Small_intestine_DKC1_Male_1_493.jpg,unusable,493,unusable
Small_intestine_DLD_Male_41_2226.jpg,unusable,2226,unusable
Small_intestine_DLD_Male_7_1826.jpg,usable,1826,usable
Small_intestine_DLG1_Female_56_3343.jpg,usable,3343,usable
Small_intestine_DLG1_Female_84_2256.jpg,unusable,2256,unusable
Small_intestine_DLGAP4_Female_64_2450.jpg,unusable,2450,unusable
Small_intestine_DLGAP4_Female_68_3852.jpg,usable,3852,usable
Small_intestine_DLGAP4_Male_70_1919.jpg,unusable,1919,unusable
Small_intestine_DLL4_Female_84_2256.jpg,unusable,2256,unusable
Small_intestine_DLL4_Male_7_1826.jpg,unusable,1826,unusable
Small_intestine_DLL4_Male_Unknown_1359.jpg,usable,1359,usable
Small_intestine_DMBT1_Female_68_3852.jpg,usable,3852,usable
Small_intestine_DMBT1_Male_26_3472.jpg,usable,3472,usable
Small_intestine_DMBT1_Male_70_1919.jpg,usable,1919,usable
Small_intestine_DMWD_Female_56_1499.jpg,usable,1499,usable
Small_intestine_DMWD_Male_37_1652.jpg,usable,1652,usable
Small_intestine_DMWD_Male_70_1919.jpg,usable,1919,usable
Small_intestine_DMXL1_Female_84_2256.jpg,usable,2256,usable
Small_intestine_DMXL1_Male_Unknown_1359.jpg,usable,1359,usable
Small_intestine_DNAJA1_Male_41_2226.jpg,usable,2226,usable
Small_intestine_DNAJA3_Female_56_3343.jpg,usable,3343,usable
Small_intestine_DNAJB14_Female_84_2256.jpg,usable,2256,usable
Small_intestine_DNAJB14_Male_Unknown_1359.jpg,usable,1359,usable
Small_intestine_DNAJC13_Female_84_2256.jpg,usable,2256,usable
Small_intestine_DNAJC13_Male_41_2226.jpg,usable,2226,usable
Small_intestine_DNAJC13_Male_7_1826.jpg,unusable,1826,unusable
Small_intestine_DNAJC18_Female_64_2450.jpg,unusable,2450,unusable
Small_intestine_DNAJC18_Male_41_2226.jpg,usable,2226,usable
Small_intestine_DNAJC21_Female_64_2450.jpg,usable,2450,usable
Small_intestine_DNAJC21_Female_68_3852.jpg,usable,3852,usable
Small_intestine_DNAJC25_Female_56_1499.jpg,unusable,1499,unusable
Small_intestine_DNAJC25_Male_37_1652.jpg,usable,1652,usable
Small_intestine_DNAJC25_Male_70_1919.jpg,unusable,1919,unusable
Small_intestine_DNAJC27_Female_56_3343.jpg,usable,3343,usable
Small_intestine_DNAJC28_Female_56_3343.jpg,usable,3343,usable
Small_intestine_DNAJC28_Female_84_2256.jpg,usable,2256,usable
Small_intestine_DNAJC2_Female_56_3343.jpg,usable,3343,usable
Small_intestine_DNAJC2_Female_84_2256.jpg,usable,2256,usable
Small_intestine_DNAJC3_Female_64_2450.jpg,unusable,2450,unusable
Small_intestine_DNAJC3_Female_68_3852.jpg,usable,3852,usable
Small_intestine_DNAJC9_Female_64_2450.jpg,unusable,2450,unusable
Small_intestine_DNAJC9_Male_7_1826.jpg,usable,1826,usable
Small_intestine_DNASE1_Female_84_2256.jpg,usable,2256,usable
Small_intestine_DNASE1_Male_41_2226.jpg,unusable,2226,unusable
Small_intestine_DNASE1_Male_7_1826.jpg,unusable,1826,unusable
Small_intestine_DNM2_Female_64_2450.jpg,unusable,2450,unusable
Small_intestine_DNM2_Female_68_3852.jpg,usable,3852,usable
Small_intestine_DNMT3A_Female_56_3343.jpg,usable,3343,usable
Small_intestine_DNPEP_Female_56_3343.jpg,usable,3343,usable
Small_intestine_DNPEP_Female_84_2256.jpg,unusable,2256,unusable
Small_intestine_DNPH1_Female_56_3343.jpg,usable,3343,usable
Small_intestine_DNPH1_Female_84_2256.jpg,usable,2256,usable
Small_intestine_DOCK6_Female_64_2450.jpg,usable,2450,usable
Small_intestine_DOCK6_Female_68_3852.jpg,usable,3852,usable
Small_intestine_DOCK6_Male_70_1919.jpg,usable,1919,usable
Small_intestine_DOHH_Female_68_3852.jpg,usable,3852,usable
Small_intestine_DOHH_Male_68_2471.jpg,usable,2471,usable
Small_intestine_DOHH_Male_70_1919.jpg,usable,1919,usable
Small_intestine_DOK4_Female_64_2450.jpg,usable,2450,usable
Small_intestine_DOK4_Female_68_3852.jpg,usable,3852,usable
Small_intestine_DOK4_Male_70_1919.jpg,usable,1919,usable
Small_intestine_DOP1B_Female_56_1499.jpg,usable,1499,usable
Small_intestine_DOP1B_Female_90_4380.jpg,unusable,4380,unusable
Small_intestine_DOP1B_Male_66_4202.jpg,usable,4202,usable
Small_intestine_DPEP1_Female_56_1499.jpg,unusable,1499,unusable
Small_intestine_DPEP1_Male_37_1652.jpg,usable,1652,usable
Small_intestine_DPEP1_Male_70_1919.jpg,usable,1919,usable
Small_intestine_DPEP2_Female_64_2450.jpg,usable,2450,usable
Small_intestine_DPEP2_Male_68_2471.jpg,usable,2471,usable
Small_intestine_DPF2_Female_56_3343.jpg,usable,3343,usable
Small_intestine_DPF2_Female_84_2256.jpg,usable,2256,usable
Small_intestine_DPF2_Male_7_1826.jpg,unusable,1826,unusable
Small_intestine_DPH1_Female_44_1800.jpg,usable,1800,usable
Small_intestine_DPH1_Male_37_1652.jpg,usable,1652,usable
Small_intestine_DPH1_Male_66_4202.jpg,unusable,4202,unusable
Small_intestine_DPH2_Female_44_1800.jpg,usable,1800,usable
Small_intestine_DPH2_Male_66_4202.jpg,usable,4202,usable
Small_intestine_DPH2_Male_88_2135.jpg,usable,2135,usable
Small_intestine_DPM1_Female_64_2450.jpg,usable,2450,usable
Small_intestine_DPM1_Female_68_3852.jpg,usable,3852,usable
Small_intestine_DPM1_Male_68_2471.jpg,usable,2471,usable
Small_intestine_DPM1_Male_70_1919.jpg,usable,1919,usable
Small_intestine_DPP4_Female_84_2256.jpg,usable,2256,usable
Small_intestine_DPP4_Male_41_2226.jpg,unusable,2226,unusable
Small_intestine_DPP4_Male_7_1826.jpg,usable,1826,usable
Small_intestine_DPP8_Female_56_3343.jpg,usable,3343,usable
Small_intestine_DPP8_Male_41_2226.jpg,usable,2226,usable
Small_intestine_DSC2_Female_56_3343.jpg,usable,3343,usable
Small_intestine_DSG2_Male_41_2226.jpg,unusable,2226,unusable
Small_intestine_DSTYK_Female_64_2450.jpg,unusable,2450,unusable
Small_intestine_DSTYK_Male_68_2471.jpg,usable,2471,usable
Small_intestine_DSTYK_Male_70_1919.jpg,usable,1919,usable
Small_intestine_DTNBP1_Male_41_2226.jpg,usable,2226,usable
Small_intestine_DTNBP1_Male_7_1826.jpg,usable,1826,usable
Small_intestine_DTNB_Male_26_3472.jpg,unusable,3472,unusable
Small_intestine_DTNB_Male_70_1919.jpg,usable,1919,usable
Small_intestine_DTWD1_Female_68_3852.jpg,usable,3852,usable
Small_intestine_DTWD1_Male_68_2471.jpg,unusable,2471,unusable
Small_intestine_DTWD1_Male_70_1919.jpg,usable,1919,usable
Small_intestine_DTYMK_Male_41_2226.jpg,usable,2226,usable
Small_intestine_DUS3L_Female_64_2450.jpg,usable,2450,usable
Small_intestine_DUS3L_Female_68_3852.jpg,usable,3852,usable
Small_intestine_DUSP10_Female_56_3343.jpg,usable,3343,usable
Small_intestine_DUSP10_Female_84_2256.jpg,usable,2256,usable
Small_intestine_DUSP10_Male_7_1826.jpg,usable,1826,usable
Small_intestine_DUSP14_Female_56_3343.jpg,usable,3343,usable
Small_intestine_DUSP14_Female_84_2256.jpg,unusable,2256,unusable
Small_intestine_DUSP14_Male_7_1826.jpg,usable,1826,usable
Small_intestine_DUSP19_Female_56_3343.jpg,usable,3343,usable
Small_intestine_DUSP19_Female_84_2256.jpg,unusable,2256,unusable
Small_intestine_DUSP19_Male_7_1826.jpg,unusable,1826,unusable
Small_intestine_DUSP23_Female_64_2450.jpg,unusable,2450,unusable
Small_intestine_DUSP23_Female_68_3852.jpg,usable,3852,usable
Small_intestine_DUSP28_Female_64_2450.jpg,usable,2450,usable
Small_intestine_DUSP28_Female_68_3852.jpg,usable,3852,usable
Small_intestine_DUSP28_Male_70_1919.jpg,unusable,1919,unusable
Small_intestine_DVL1_Female_56_3343.jpg,usable,3343,usable
Small_intestine_DVL2_Female_44_1800.jpg,unusable,1800,unusable
Small_intestine_DVL2_Male_7_1826.jpg,usable,1826,usable
Small_intestine_DVL3_Female_64_2450.jpg,unusable,2450,unusable
Small_intestine_DYNC1I2_Female_84_2256.jpg,usable,2256,usable
Small_intestine_DYNC1I2_Male_41_2226.jpg,usable,2226,usable
Small_intestine_DYNC1I2_Male_7_1826.jpg,usable,1826,usable
Small_intestine_DYNC2H1_Female_64_2450.jpg,usable,2450,usable
Small_intestine_DYNC2H1_Female_68_3852.jpg,usable,3852,usable
Small_intestine_DYNC2I2_Female_64_2450.jpg,usable,2450,usable
Small_intestine_DYNC2I2_Female_68_3852.jpg,usable,3852,usable
Small_intestine_DYNLRB1_Female_56_3343.jpg,unusable,3343,unusable
Small_intestine_DYRK1A_Female_56_3343.jpg,usable,3343,usable
Small_intestine_DYRK1A_Female_84_2256.jpg,usable,2256,usable
Small_intestine_DZANK1_Male_26_3472.jpg,usable,3472,usable
Small_intestine_DZANK1_Male_70_1919.jpg,usable,1919,usable
Small_intestine_E4F1_Female_44_1800.jpg,unusable,1800,unusable
Small_intestine_E4F1_Male_37_1652.jpg,usable,1652,usable
Small_intestine_E4F1_Male_66_4202.jpg,usable,4202,usable
Small_intestine_EAF1_Female_56_1499.jpg,unusable,1499,unusable
Small_intestine_EAF1_Male_37_1652.jpg,usable,1652,usable
Small_intestine_EAF1_Male_70_1919.jpg,usable,1919,usable
Small_intestine_EARS2_Female_64_2450.jpg,usable,2450,usable
Small_intestine_EARS2_Male_7_1826.jpg,usable,1826,usable
Small_intestine_EBAG9_Female_56_3343.jpg,usable,3343,usable
Small_intestine_EBAG9_Female_84_2256.jpg,unusable,2256,unusable
Small_intestine_EBAG9_Male_7_1826.jpg,usable,1826,usable
Small_intestine_EBNA1BP2_Female_84_2256.jpg,usable,2256,usable
Small_intestine_EBNA1BP2_Male_Unknown_1359.jpg,usable,1359,usable
Small_intestine_ECD_Male_41_2226.jpg,usable,2226,usable
Small_intestine_ECD_Male_71_2411.jpg,usable,2411,usable
Small_intestine_ECE1_Male_41_2226.jpg,usable,2226,usable
Small_intestine_ECE1_Male_71_2411.jpg,usable,2411,usable
Small_intestine_ECH1_Male_41_2226.jpg,usable,2226,usable
Small_intestine_ECH1_Male_71_2411.jpg,usable,2411,usable
Small_intestine_ECHDC3_Female_84_2256.jpg,usable,2256,usable
Small_intestine_ECHDC3_Male_7_1826.jpg,usable,1826,usable
Small_intestine_ECHS1_Male_41_2226.jpg,usable,2226,usable
Small_intestine_ECHS1_Male_71_2411.jpg,unusable,2411,unusable
Small_intestine_ECI1_Female_64_2450.jpg,unusable,2450,unusable
Small_intestine_ECI1_Male_7_1826.jpg,unusable,1826,unusable
Small_intestine_ECI2_Female_56_3343.jpg,usable,3343,usable
Small_intestine_ECI2_Female_84_2256.jpg,unusable,2256,unusable
Small_intestine_ECSIT_Female_56_3343.jpg,usable,3343,usable
Small_intestine_ECSIT_Female_84_2256.jpg,unusable,2256,unusable
Small_intestine_EDAR_Female_64_2450.jpg,usable,2450,usable
Small_intestine_EDAR_Female_68_3852.jpg,unusable,3852,unusable
Small_intestine_EDAR_Male_68_2471.jpg,usable,2471,usable
Small_intestine_EDAR_Male_70_1919.jpg,unusable,1919,unusable
Small_intestine_EDC3_Female_64_2450.jpg,usable,2450,usable
Small_intestine_EDC3_Female_68_3852.jpg,usable,3852,usable
Small_intestine_EDC4_Female_64_2450.jpg,usable,2450,usable
Small_intestine_EDC4_Female_68_3852.jpg,usable,3852,usable
Small_intestine_EDEM2_Female_64_2450.jpg,unusable,2450,unusable
Small_intestine_EEF1A1_Female_64_2450.jpg,unusable,2450,unusable
Small_intestine_EEF1A1_Female_68_3852.jpg,usable,3852,usable
Small_intestine_EEF1A1_Male_70_1919.jpg,usable,1919,usable
Small_intestine_EEF1B2_Male_41_2226.jpg,usable,2226,usable
Small_intestine_EEF1D_Female_84_2256.jpg,usable,2256,usable
Small_intestine_EEF1D_Male_7_1826.jpg,unusable,1826,unusable
Small_intestine_EEF1G_Female_64_2450.jpg,usable,2450,usable
Small_intestine_EEF1G_Female_68_3852.jpg,unusable,3852,unusable
Small_intestine_EEF1G_Male_68_2471.jpg,unusable,2471,unusable
Small_intestine_EEF2_Female_56_3343.jpg,usable,3343,usable
Small_intestine_EFCAB2_Female_64_2450.jpg,unusable,2450,unusable
Small_intestine_EFCAB2_Male_7_1826.jpg,unusable,1826,unusable
Small_intestine_EFHC1_Female_64_2450.jpg,usable,2450,usable
Small_intestine_EFHC1_Female_68_3852.jpg,usable,3852,usable
Small_intestine_EFHC1_Male_70_1919.jpg,unusable,1919,unusable
Small_intestine_EFHD2_Female_64_2450.jpg,unusable,2450,unusable
Small_intestine_EFHD2_Female_68_3852.jpg,usable,3852,usable
Small_intestine_EFHD2_Male_68_2471.jpg,usable,2471,usable
Small_intestine_EFHD2_Male_70_1919.jpg,unusable,1919,unusable
Small_intestine_EFL1_Female_64_2450.jpg,usable,2450,usable
Small_intestine_EFL1_Female_68_3852.jpg,usable,3852,usable
Small_intestine_EFNA5_Female_56_3343.jpg,usable,3343,usable
Small_intestine_EFNA5_Female_84_2256.jpg,unusable,2256,unusable
Small_intestine_EFR3A_Female_84_2256.jpg,usable,2256,usable
Small_intestine_EFR3A_Male_41_2226.jpg,unusable,2226,unusable
Small_intestine_EFR3A_Male_7_1826.jpg,usable,1826,usable
Small_intestine_EFTUD2_Female_84_2256.jpg,usable,2256,usable
Small_intestine_EFTUD2_Male_41_2226.jpg,unusable,2226,unusable
Small_intestine_EFTUD2_Male_7_1826.jpg,usable,1826,usable
Small_intestine_EGLN1_Female_56_3343.jpg,unusable,3343,unusable
Small_intestine_EGLN1_Female_84_2256.jpg,usable,2256,usable
Small_intestine_EGLN1_Male_7_1826.jpg,usable,1826,usable
Small_intestine_EHBP1L1_Male_37_1652.jpg,usable,1652,usable
Small_intestine_EID1_Female_64_2450.jpg,unusable,2450,unusable
Small_intestine_EID1_Female_68_3852.jpg,usable,3852,usable
Small_intestine_EID1_Male_70_1919.jpg,unusable,1919,unusable
Small_intestine_EID2_Female_64_2450.jpg,usable,2450,usable
Small_intestine_EID2_Female_68_3852.jpg,usable,3852,usable
Small_intestine_EID2_Male_68_2471.jpg,usable,2471,usable
Small_intestine_EID2_Male_70_1919.jpg,unusable,1919,unusable
Small_intestine_EIF1AD_Female_68_3852.jpg,usable,3852,usable
Small_intestine_EIF1AD_Male_70_1919.jpg,usable,1919,usable
Small_intestine_EIF2AK2_Male_41_2226.jpg,usable,2226,usable
Small_intestine_EIF2AK2_Male_71_2411.jpg,unusable,2411,unusable
Small_intestine_EIF2AK3_Female_56_3343.jpg,usable,3343,usable
Small_intestine_EIF2B2_Male_41_2226.jpg,unusable,2226,unusable
Small_intestine_EIF2B2_Male_71_2411.jpg,usable,2411,usable
Small_intestine_EIF2B3_Female_84_2256.jpg,usable,2256,usable
Small_intestine_EIF2B3_Male_41_2226.jpg,usable,2226,usable
Small_intestine_EIF2B3_Male_7_1826.jpg,unusable,1826,unusable
Small_intestine_EIF2S1_Female_56_3343.jpg,usable,3343,usable
Small_intestine_EIF2S1_Female_84_2256.jpg,unusable,2256,unusable
Small_intestine_EIF3B_Female_56_3343.jpg,usable,3343,usable
Small_intestine_EIF3CL_Female_64_2450.jpg,usable,2450,usable
Small_intestine_EIF3CL_Female_68_3852.jpg,usable,3852,usable
Small_intestine_EIF3CL_Male_70_1919.jpg,unusable,1919,unusable
Small_intestine_EIF3C_Female_64_2450.jpg,unusable,2450,unusable
Small_intestine_EIF3C_Male_41_2226.jpg,unusable,2226,unusable
Small_intestine_EIF3F_Female_64_2450.jpg,unusable,2450,unusable
Small_intestine_EIF3F_Female_68_3852.jpg,usable,3852,usable
Small_intestine_EIF3F_Male_70_1919.jpg,unusable,1919,unusable
Small_intestine_EIF3G_Female_64_2450.jpg,usable,2450,usable
Small_intestine_EIF3G_Female_68_3852.jpg,usable,3852,usable
Small_intestine_EIF3G_Male_68_2471.jpg,usable,2471,usable
Small_intestine_EIF3G_Male_70_1919.jpg,usable,1919,usable
Small_intestine_EIF3I_Female_84_2256.jpg,unusable,2256,unusable
Small_intestine_EIF3I_Male_41_2226.jpg,unusable,2226,unusable
Small_intestine_EIF3I_Male_7_1826.jpg,usable,1826,usable
Small_intestine_EIF3J_Female_68_3852.jpg,unusable,3852,unusable
Small_intestine_EIF3K_Female_64_2450.jpg,unusable,2450,unusable
Small_intestine_EIF3K_Female_68_3852.jpg,usable,3852,usable
Small_intestine_EIF4A2_Female_56_3343.jpg,usable,3343,usable
Small_intestine_EIF4A2_Female_84_2256.jpg,unusable,2256,unusable
Small_intestine_EIF4A3_Female_56_3343.jpg,usable,3343,usable
Small_intestine_EIF4A3_Female_84_2256.jpg,unusable,2256,unusable
Small_intestine_EIF4B_Female_64_2450.jpg,usable,2450,usable
Small_intestine_EIF4B_Female_68_3852.jpg,usable,3852,usable
Small_intestine_EIF4B_Male_70_1919.jpg,unusable,1919,unusable
Small_intestine_EIF4E3_Female_56_1499.jpg,usable,1499,usable
Small_intestine_EIF4E3_Male_37_1652.jpg,usable,1652,usable
Small_intestine_EIF4EBP1_Male_41_2226.jpg,usable,2226,usable
Small_intestine_EIF4EBP1_Male_71_2411.jpg,usable,2411,usable
Small_intestine_EIF4EBP2_Female_56_3343.jpg,usable,3343,usable
Small_intestine_EIF4EBP2_Female_84_2256.jpg,usable,2256,usable
Small_intestine_EIF4EBP2_Male_7_1826.jpg,unusable,1826,unusable
Small_intestine_EIF4ENIF1_Male_41_2226.jpg,usable,2226,usable
Small_intestine_EIF4ENIF1_Male_71_2411.jpg,usable,2411,usable
Small_intestine_EIF4G1_Female_56_3343.jpg,usable,3343,usable
Small_intestine_EIF5A_Male_41_2226.jpg,unusable,2226,unusable
Small_intestine_EIF5A_Male_71_2411.jpg,unusable,2411,unusable
Small_intestine_EIF5B_Female_64_2450.jpg,usable,2450,usable
Small_intestine_EIF5B_Female_84_2256.jpg,unusable,2256,unusable
Small_intestine_EIF5_Female_51_202.jpg,unusable,202,unusable
Small_intestine_EIF5_Male_59_969.jpg,usable,969,usable
Small_intestine_EIF6_Female_64_2450.jpg,unusable,2450,unusable
Small_intestine_ELAPOR1_Female_84_2256.jpg,usable,2256,usable
Small_intestine_ELAPOR1_Male_41_2226.jpg,unusable,2226,unusable
Small_intestine_ELAPOR1_Male_7_1826.jpg,unusable,1826,unusable
Small_intestine_ELF2_Male_41_2226.jpg,usable,2226,usable
Small_intestine_ELF2_Male_71_2411.jpg,usable,2411,usable
Small_intestine_ELOB_Female_44_1800.jpg,usable,1800,usable
Small_intestine_ELOB_Male_37_1652.jpg,usable,1652,usable
Small_intestine_ELOB_Male_66_4202.jpg,usable,4202,usable
Small_intestine_ELOF1_Female_64_2450.jpg,usable,2450,usable
Small_intestine_ELOF1_Female_68_3852.jpg,usable,3852,usable
Small_intestine_ELOF1_Male_68_2471.jpg,usable,2471,usable
Small_intestine_ELOF1_Male_70_1919.jpg,unusable,1919,unusable
Small_intestine_ELOVL5_Female_56_1499.jpg,usable,1499,usable
Small_intestine_ELOVL5_Male_37_1652.jpg,usable,1652,usable
Small_intestine_ELOVL5_Male_70_1919.jpg,usable,1919,usable
Small_intestine_ELOVL7_Female_64_2450.jpg,unusable,2450,unusable
Small_intestine_ELOVL7_Male_7_1826.jpg,usable,1826,usable
Small_intestine_ELP2_Male_41_2226.jpg,usable,2226,usable
Small_intestine_ELP2_Male_71_2411.jpg,usable,2411,usable
Small_intestine_ELP3_Female_84_2256.jpg,unusable,2256,unusable
Small_intestine_ELP3_Male_41_2226.jpg,unusable,2226,unusable
Small_intestine_ELP3_Male_7_1826.jpg,usable,1826,usable
Small_intestine_ELP4_Female_64_2450.jpg,usable,2450,usable
Small_intestine_ELP4_Male_68_2471.jpg,unusable,2471,unusable
Small_intestine_ELP5_Female_56_3343.jpg,usable,3343,usable
Small_intestine_ELP5_Female_84_2256.jpg,unusable,2256,unusable
Small_intestine_EMC3_Female_64_2450.jpg,unusable,2450,unusable
Small_intestine_EMC3_Male_7_1826.jpg,usable,1826,usable
Small_intestine_EMC8_Female_64_2450.jpg,usable,2450,usable
Small_intestine_EMC8_Female_68_3852.jpg,usable,3852,usable
Small_intestine_EMC8_Male_70_1919.jpg,usable,1919,usable
Small_intestine_EMC9_Female_44_1800.jpg,usable,1800,usable
Small_intestine_EMC9_Male_37_1652.jpg,usable,1652,usable
Small_intestine_EMC9_Male_66_4202.jpg,unusable,4202,unusable
Small_intestine_EME1_Female_56_3343.jpg,usable,3343,usable
Small_intestine_EME1_Female_84_2256.jpg,usable,2256,usable
Small_intestine_EMID1_Female_37_29.jpg,usable,29,usable
Small_intestine_EMID1_Female_51_202.jpg,unusable,202,unusable
Small_intestine_EMID1_Male_1_493.jpg,unusable,493,unusable
Small_intestine_EML4_Female_84_2256.jpg,usable,2256,usable
Small_intestine_EML4_Male_41_2226.jpg,unusable,2226,unusable
Small_intestine_EML4_Male_7_1826.jpg,usable,1826,usable
Small_intestine_ENDOD1_Female_56_3343.jpg,usable,3343,usable
Small_intestine_ENPEP_Male_41_2226.jpg,usable,2226,usable
Small_intestine_ENPEP_Male_71_2411.jpg,usable,2411,usable
Small_intestine_ENPP3_Female_64_2450.jpg,usable,2450,usable
Small_intestine_ENPP3_Male_7_1826.jpg,usable,1826,usable
Small_intestine_ENPP4_Female_56_3343.jpg,usable,3343,usable
Small_intestine_ENPP4_Female_84_2256.jpg,usable,2256,usable
Small_intestine_ENSG00000111780_Male_26_3472.jpg,usable,3472,usable
Small_intestine_ENSG00000111780_Male_37_1652.jpg,usable,1652,usable
Small_intestine_ENSG00000111780_Male_70_1919.jpg,usable,1919,usable
Small_intestine_ENSG00000131152_Female_84_2256.jpg,usable,2256,usable
Small_intestine_ENSG00000131152_Male_7_1826.jpg,usable,1826,usable
Small_intestine_ENSG00000254692_Female_64_2450.jpg,usable,2450,usable
Small_intestine_ENSG00000254692_Male_26_3472.jpg,usable,3472,usable
Small_intestine_ENSG00000254692_Male_70_1919.jpg,unusable,1919,unusable
Small_intestine_ENSG00000255730_Female_56_3343.jpg,usable,3343,usable
Small_intestine_ENSG00000256591_Female_64_2450.jpg,unusable,2450,unusable
Small_intestine_ENSG00000256591_Female_68_3852.jpg,usable,3852,usable
Small_intestine_ENSG00000259132_Female_64_2450.jpg,unusable,2450,unusable
Small_intestine_ENSG00000259132_Male_7_1826.jpg,usable,1826,usable
Small_intestine_ENSG00000260170_Female_64_2450.jpg,usable,2450,usable
Small_intestine_ENSG00000260170_Female_68_3852.jpg,usable,3852,usable
Small_intestine_ENSG00000262660_Female_84_2256.jpg,usable,2256,usable
Small_intestine_ENSG00000262660_Male_41_2226.jpg,unusable,2226,unusable
Small_intestine_ENSG00000262660_Male_7_1826.jpg,usable,1826,usable
Small_intestine_ENSG00000267561_Female_64_2450.jpg,usable,2450,usable
Small_intestine_ENSG00000267561_Female_68_3852.jpg,usable,3852,usable
Small_intestine_ENSG00000267561_Male_68_2471.jpg,unusable,2471,unusable
Small_intestine_ENSG00000267561_Male_70_1919.jpg,usable,1919,usable
Small_intestine_ENSG00000271254_Female_84_2256.jpg,unusable,2256,unusable
Small_intestine_ENSG00000271254_Male_41_2226.jpg,unusable,2226,unusable
Small_intestine_ENSG00000271254_Male_7_1826.jpg,unusable,1826,unusable
Small_intestine_ENSG00000276345_Female_64_2450.jpg,usable,2450,usable
Small_intestine_ENSG00000276345_Female_68_3852.jpg,usable,3852,usable
Small_intestine_ENSG00000276345_Male_70_1919.jpg,unusable,1919,unusable
Small_intestine_ENSG00000285304_Female_37_29.jpg,unusable,29,unusable
Small_intestine_ENSG00000285304_Female_69_133.jpg,unusable,133,unusable
Small_intestine_ENSG00000285304_Male_1_493.jpg,unusable,493,unusable
Small_intestine_ENTPD2_Female_56_3343.jpg,usable,3343,usable
Small_intestine_ENTPD2_Female_84_2256.jpg,usable,2256,usable
Small_intestine_ENTPD4_Female_56_3343.jpg,usable,3343,usable
Small_intestine_ENTPD4_Female_84_2256.jpg,usable,2256,usable
Small_intestine_ENTPD5_Male_41_2226.jpg,unusable,2226,unusable
Small_intestine_ENTPD5_Male_71_2411.jpg,usable,2411,usable
Small_intestine_ENTPD6_Female_56_1499.jpg,usable,1499,usable
Small_intestine_ENTPD6_Male_37_1652.jpg,usable,1652,usable
Small_intestine_ENTPD6_Male_70_1919.jpg,unusable,1919,unusable
Small_intestine_ENY2_Female_84_2256.jpg,usable,2256,usable
Small_intestine_ENY2_Male_7_1826.jpg,unusable,1826,unusable
Small_intestine_ENY2_Male_Unknown_1359.jpg,unusable,1359,unusable
Small_intestine_EP400_Female_56_3343.jpg,usable,3343,usable
Small_intestine_EP400_Female_84_2256.jpg,usable,2256,usable
Small_intestine_EPC2_Female_64_2450.jpg,unusable,2450,unusable
Small_intestine_EPCAM_Male_41_2226.jpg,usable,2226,usable
Small_intestine_EPCAM_Male_71_2411.jpg,unusable,2411,unusable
Small_intestine_EPHB4_Male_41_2226.jpg,usable,2226,usable
Small_intestine_EPHX2_Female_84_2256.jpg,usable,2256,usable
Small_intestine_EPHX2_Male_7_1826.jpg,usable,1826,usable
Small_intestine_EPHX2_Male_Unknown_1359.jpg,unusable,1359,unusable
Small_intestine_EPN3_Female_64_2450.jpg,usable,2450,usable
Small_intestine_EPN3_Female_68_3852.jpg,usable,3852,usable
Small_intestine_EPS15L1_Female_56_3343.jpg,usable,3343,usable
Small_intestine_EPS15L1_Female_84_2256.jpg,unusable,2256,unusable
Small_intestine_EPS8L2_Female_64_2450.jpg,unusable,2450,unusable
Small_intestine_EPS8L2_Female_68_3852.jpg,usable,3852,usable
Small_intestine_EPS8_Male_41_2226.jpg,unusable,2226,unusable
Small_intestine_ERAL1_Female_56_3343.jpg,usable,3343,usable
Small_intestine_ERAL1_Female_84_2256.jpg,usable,2256,usable
Small_intestine_ERAL1_Male_7_1826.jpg,unusable,1826,unusable
Small_intestine_ERAP1_Female_84_2256.jpg,usable,2256,usable
Small_intestine_ERAP1_Male_41_2226.jpg,usable,2226,usable
Small_intestine_ERAP1_Male_7_1826.jpg,unusable,1826,unusable
Small_intestine_ERBB3_Female_64_2450.jpg,unusable,2450,unusable
Small_intestine_ERBB3_Male_7_1826.jpg,unusable,1826,unusable
Small_intestine_ERBIN_Female_64_2450.jpg,unusable,2450,unusable
Small_intestine_ERBIN_Female_68_3852.jpg,usable,3852,usable
Small_intestine_ERBIN_Male_68_2471.jpg,unusable,2471,unusable
Small_intestine_ERBIN_Male_70_1919.jpg,unusable,1919,unusable
Small_intestine_ERCC5_Female_64_2450.jpg,unusable,2450,unusable
Small_intestine_ERCC5_Female_68_3852.jpg,usable,3852,usable
Small_intestine_ERCC5_Male_68_2471.jpg,unusable,2471,unusable
Small_intestine_ERCC5_Male_70_1919.jpg,unusable,1919,unusable
Small_intestine_ERCC6L2_Female_84_2256.jpg,unusable,2256,unusable
Small_intestine_ERCC6L2_Male_41_2226.jpg,usable,2226,usable
Small_intestine_ERCC6L2_Male_7_1826.jpg,usable,1826,usable
Small_intestine_ERGIC1_Female_56_3343.jpg,usable,3343,usable
Small_intestine_ERGIC1_Female_84_2256.jpg,usable,2256,usable
Small_intestine_ERGIC1_Male_7_1826.jpg,unusable,1826,unusable
Small_intestine_ERGIC2_Male_37_1652.jpg,usable,1652,usable
Small_intestine_ERGIC2_Male_70_1919.jpg,usable,1919,usable
Small_intestine_ERH_Male_41_2226.jpg,usable,2226,usable
Small_intestine_ERH_Male_71_2411.jpg,usable,2411,usable
Small_intestine_ERI1_Female_64_2450.jpg,unusable,2450,unusable
Small_intestine_ERI1_Female_68_3852.jpg,usable,3852,usable
Small_intestine_ERI1_Male_68_2471.jpg,usable,2471,usable
Small_intestine_ERI1_Male_70_1919.jpg,usable,1919,usable
Small_intestine_ERLIN1_Female_56_3343.jpg,usable,3343,usable
Small_intestine_ERMAP_Female_68_3852.jpg,usable,3852,usable
Small_intestine_ERMAP_Male_68_2471.jpg,usable,2471,usable
Small_intestine_ERMAP_Male_70_1919.jpg,usable,1919,usable
Small_intestine_ERN1_Female_56_3343.jpg,usable,3343,usable
Small_intestine_ERN2_Female_44_1800.jpg,usable,1800,usable
Small_intestine_ERN2_Male_37_1652.jpg,usable,1652,usable
Small_intestine_ERN2_Male_66_4202.jpg,usable,4202,usable
Small_intestine_ERP29_Female_64_2450.jpg,usable,2450,usable
Small_intestine_ERP29_Female_68_3852.jpg,usable,3852,usable
Small_intestine_ESCO1_Female_64_2450.jpg,unusable,2450,unusable
Small_intestine_ESCO1_Female_68_3852.jpg,usable,3852,usable
Small_intestine_ESCO1_Male_68_2471.jpg,unusable,2471,unusable
Small_intestine_ESCO1_Male_70_1919.jpg,usable,1919,usable
Small_intestine_ESD_Female_64_2450.jpg,usable,2450,usable
Small_intestine_ESD_Female_68_3852.jpg,usable,3852,usable
Small_intestine_ESF1_Female_64_2450.jpg,unusable,2450,unusable
Small_intestine_ESF1_Female_68_3852.jpg,usable,3852,usable
Small_intestine_ESF1_Male_70_1919.jpg,usable,1919,usable
Small_intestine_ESPN_Female_84_2256.jpg,unusable,2256,unusable
Small_intestine_ESPN_Male_7_1826.jpg,usable,1826,usable
Small_intestine_ESRRA_Female_44_1800.jpg,usable,1800,usable
Small_intestine_ESRRA_Male_37_1652.jpg,usable,1652,usable
Small_intestine_ESRRA_Male_66_4202.jpg,unusable,4202,unusable
Small_intestine_ESS2_Male_41_2226.jpg,usable,2226,usable
Small_intestine_ETF1_Female_56_3343.jpg,usable,3343,usable
Small_intestine_ETFA_Female_56_3343.jpg,usable,3343,usable
Small_intestine_ETFA_Female_84_2256.jpg,usable,2256,usable
Small_intestine_ETFA_Male_7_1826.jpg,usable,1826,usable
Small_intestine_ETFB_Female_56_3343.jpg,usable,3343,usable
Small_intestine_ETFB_Female_84_2256.jpg,usable,2256,usable
Small_intestine_ETFB_Male_7_1826.jpg,unusable,1826,unusable
Small_intestine_ETFDH_Female_64_2450.jpg,usable,2450,usable
Small_intestine_ETFDH_Female_68_3852.jpg,usable,3852,usable
Small_intestine_ETV5_Female_56_3343.jpg,usable,3343,usable
Small_intestine_ETV5_Female_84_2256.jpg,unusable,2256,unusable
Small_intestine_EVC2_Female_64_2450.jpg,unusable,2450,unusable
Small_intestine_EVC2_Female_68_3852.jpg,usable,3852,usable
Small_intestine_EVI5L_Female_64_2450.jpg,unusable,2450,unusable
Small_intestine_EWSR1_Female_56_3343.jpg,usable,3343,usable
Small_intestine_EWSR1_Male_41_2226.jpg,usable,2226,usable
Small_intestine_EXOC3L1_Female_84_2256.jpg,unusable,2256,unusable
Small_intestine_EXOC3L1_Male_41_2226.jpg,usable,2226,usable
Small_intestine_EXOC3L1_Male_7_1826.jpg,unusable,1826,unusable
Small_intestine_EXOC3L2_Female_44_1800.jpg,usable,1800,usable
Small_intestine_EXOC3L2_Male_66_4202.jpg,usable,4202,usable
Small_intestine_EXOC5_Female_68_3852.jpg,usable,3852,usable
Small_intestine_EXOC5_Male_26_3472.jpg,usable,3472,usable
Small_intestine_EXOC7_Female_56_3343.jpg,usable,3343,usable
Small_intestine_EXOC7_Male_7_1826.jpg,usable,1826,usable
Small_intestine_EXOSC8_Female_84_2256.jpg,usable,2256,usable
Small_intestine_EXOSC8_Male_41_2226.jpg,usable,2226,usable
Small_intestine_EXOSC8_Male_7_1826.jpg,usable,1826,usable
Small_intestine_EXT1_Male_68_2471.jpg,usable,2471,usable
Small_intestine_EYA2_Female_84_2256.jpg,usable,2256,usable
Small_intestine_EYA2_Male_7_1826.jpg,usable,1826,usable
Small_intestine_EYA2_Male_Unknown_1359.jpg,usable,1359,usable
Small_intestine_EZR_Male_41_2226.jpg,unusable,2226,unusable
Small_intestine_F11R_Male_71_2411.jpg,usable,2411,usable
Small_intestine_FAAH_Female_56_3343.jpg,usable,3343,usable
Small_intestine_FAAH_Male_41_2226.jpg,usable,2226,usable
Small_intestine_FAAP100_Female_84_2256.jpg,usable,2256,usable
Small_intestine_FAAP100_Male_41_2226.jpg,usable,2226,usable
Small_intestine_FAAP100_Male_7_1826.jpg,unusable,1826,unusable
Small_intestine_FAAP24_Female_64_2450.jpg,unusable,2450,unusable
Small_intestine_FAAP24_Female_68_3852.jpg,usable,3852,usable
Small_intestine_FABP2_Female_64_2450.jpg,usable,2450,usable
Small_intestine_FABP2_Male_7_1826.jpg,unusable,1826,unusable
Small_intestine_FABP6_Female_84_2256.jpg,usable,2256,usable
Small_intestine_FABP6_Male_41_2226.jpg,unusable,2226,unusable
Small_intestine_FABP6_Male_7_1826.jpg,unusable,1826,unusable
Small_intestine_FABP7_Female_84_2256.jpg,unusable,2256,unusable
Small_intestine_FABP7_Male_7_1826.jpg,unusable,1826,unusable
Small_intestine_FABP7_Male_Unknown_1359.jpg,usable,1359,usable
Small_intestine_FADS2_Female_56_3343.jpg,usable,3343,usable
Small_intestine_FADS2_Male_41_2226.jpg,unusable,2226,unusable
Small_intestine_FAF2_Male_37_1652.jpg,unusable,1652,unusable
Small_intestine_FAHD1_Female_84_2256.jpg,usable,2256,usable
Small_intestine_FAHD1_Male_Unknown_1359.jpg,unusable,1359,unusable
Small_intestine_FAHD2A_Female_64_2450.jpg,unusable,2450,unusable
Small_intestine_FAHD2A_Female_68_3852.jpg,usable,3852,usable
Small_intestine_FAM102B_Female_84_2256.jpg,unusable,2256,unusable
Small_intestine_FAM102B_Male_41_2226.jpg,usable,2226,usable
Small_intestine_FAM102B_Male_7_1826.jpg,usable,1826,usable
Small_intestine_FAM104B_Female_84_2256.jpg,unusable,2256,unusable
Small_intestine_FAM104B_Male_41_2226.jpg,unusable,2226,unusable
Small_intestine_FAM104B_Male_7_1826.jpg,usable,1826,usable
Small_intestine_FAM110A_Female_64_2450.jpg,usable,2450,usable
Small_intestine_FAM110A_Male_41_2226.jpg,unusable,2226,unusable
Small_intestine_FAM110B_Female_56_3343.jpg,usable,3343,usable
Small_intestine_FAM110B_Male_41_2226.jpg,unusable,2226,unusable
Small_intestine_FAM117A_Female_84_2256.jpg,unusable,2256,unusable
Small_intestine_FAM117A_Male_7_1826.jpg,usable,1826,usable
Small_intestine_FAM117A_Male_Unknown_1359.jpg,usable,1359,usable
Small_intestine_FAM120A_Female_56_3343.jpg,usable,3343,usable
Small_intestine_FAM120A_Female_84_2256.jpg,unusable,2256,unusable
Small_intestine_FAM149B1_Female_64_2450.jpg,usable,2450,usable
Small_intestine_FAM149B1_Female_68_3852.jpg,unusable,3852,unusable
Small_intestine_FAM151B_Female_64_2450.jpg,unusable,2450,unusable
Small_intestine_FAM151B_Female_68_3852.jpg,usable,3852,usable
Small_intestine_FAM151B_Male_68_2471.jpg,usable,2471,usable
Small_intestine_FAM151B_Male_70_1919.jpg,usable,1919,usable
Small_intestine_FAM156A_Female_68_3852.jpg,usable,3852,usable
Small_intestine_FAM156A_Male_70_1919.jpg,usable,1919,usable
Small_intestine_FAM156B_Female_68_3852.jpg,usable,3852,usable
Small_intestine_FAM156B_Male_70_1919.jpg,usable,1919,usable
Small_intestine_FAM174B_Female_56_3343.jpg,usable,3343,usable
Small_intestine_FAM193B_Female_64_2450.jpg,unusable,2450,unusable
Small_intestine_FAM193B_Male_41_2226.jpg,usable,2226,usable
Small_intestine_FAM222B_Female_64_2450.jpg,usable,2450,usable
Small_intestine_FAM222B_Female_68_3852.jpg,usable,3852,usable
Small_intestine_FAM222B_Male_68_2471.jpg,unusable,2471,unusable
Small_intestine_FAM222B_Male_70_1919.jpg,usable,1919,usable
Small_intestine_FAM234A_Female_56_1499.jpg,unusable,1499,unusable
Small_intestine_FAM234A_Male_37_1652.jpg,usable,1652,usable
Small_intestine_FAM234A_Male_70_1919.jpg,unusable,1919,unusable
Small_intestine_FAM3B_Female_56_3343.jpg,usable,3343,usable
Small_intestine_FAM3B_Female_84_2256.jpg,usable,2256,usable
Small_intestine_FAM3C_Female_84_2256.jpg,usable,2256,usable
Small_intestine_FAM3C_Male_41_2226.jpg,usable,2226,usable
Small_intestine_FAM47E-STBD1_Female_68_3852.jpg,unusable,3852,unusable
Small_intestine_FAM47E-STBD1_Male_70_1919.jpg,unusable,1919,unusable
Small_intestine_FAM47E_Female_68_3852.jpg,unusable,3852,unusable
Small_intestine_FAM47E_Male_70_1919.jpg,unusable,1919,unusable
Small_intestine_FAM50A_Male_41_2226.jpg,usable,2226,usable
Small_intestine_FAM50A_Male_71_2411.jpg,usable,2411,usable
Small_intestine_FAM53B_Female_64_2450.jpg,usable,2450,usable
Small_intestine_FAM53B_Female_68_3852.jpg,usable,3852,usable
Small_intestine_FAM53C_Female_84_2256.jpg,usable,2256,usable
Small_intestine_FAM53C_Male_41_2226.jpg,usable,2226,usable
Small_intestine_FAM83F_Female_64_2450.jpg,unusable,2450,unusable
Small_intestine_FAM83F_Female_68_3852.jpg,usable,3852,usable
Small_intestine_FAM83F_Male_70_1919.jpg,unusable,1919,unusable
Small_intestine_FAM89A_Female_68_3852.jpg,usable,3852,usable
Small_intestine_FAM89A_Male_26_3472.jpg,usable,3472,usable
Small_intestine_FANCE_Female_56_1499.jpg,usable,1499,usable
Small_intestine_FANCE_Male_37_1652.jpg,usable,1652,usable
Small_intestine_FANCE_Male_70_1919.jpg,unusable,1919,unusable
Small_intestine_FAR2_Female_56_3343.jpg,usable,3343,usable
Small_intestine_FAR2_Female_84_2256.jpg,usable,2256,usable
Small_intestine_FARP2_Female_64_2450.jpg,usable,2450,usable
Small_intestine_FARP2_Male_7_1826.jpg,unusable,1826,unusable
Small_intestine_FARSA_Male_66_4202.jpg,usable,4202,usable
Small_intestine_FASTKD1_Female_64_2450.jpg,unusable,2450,unusable
Small_intestine_FASTKD1_Female_68_3852.jpg,usable,3852,usable
Small_intestine_FASTKD1_Male_68_2471.jpg,unusable,2471,unusable
Small_intestine_FASTKD1_Male_70_1919.jpg,usable,1919,usable
Small_intestine_FASTKD3_Female_56_1499.jpg,usable,1499,usable
Small_intestine_FASTKD3_Male_37_1652.jpg,usable,1652,usable
Small_intestine_FASTKD3_Male_70_1919.jpg,unusable,1919,unusable
Small_intestine_FAT1_Male_41_2226.jpg,unusable,2226,unusable
Small_intestine_FAT1_Male_71_2411.jpg,usable,2411,usable
Small_intestine_FAT4_Female_64_2450.jpg,unusable,2450,unusable
Small_intestine_FAT4_Female_68_3852.jpg,unusable,3852,unusable
Small_intestine_FBH1_Male_41_2226.jpg,unusable,2226,unusable
Small_intestine_FBH1_Male_71_2411.jpg,usable,2411,usable
Small_intestine_FBP1_Male_71_2411.jpg,usable,2411,usable
Small_intestine_FBXL14_Female_64_2450.jpg,unusable,2450,unusable
Small_intestine_FBXL14_Female_68_3852.jpg,usable,3852,usable
Small_intestine_FBXL14_Male_70_1919.jpg,usable,1919,usable
Small_intestine_FBXO16_Female_44_1800.jpg,usable,1800,usable
Small_intestine_FBXO16_Male_37_1652.jpg,unusable,1652,unusable
Small_intestine_FBXO16_Male_66_4202.jpg,usable,4202,usable
Small_intestine_FBXO30_Female_56_3343.jpg,usable,3343,usable
Small_intestine_FBXO31_Female_84_2256.jpg,usable,2256,usable
Small_intestine_FBXO31_Male_41_2226.jpg,usable,2226,usable
Small_intestine_FBXO31_Male_7_1826.jpg,usable,1826,usable
Small_intestine_FBXO33_Female_64_2450.jpg,usable,2450,usable
Small_intestine_FBXO33_Male_7_1826.jpg,usable,1826,usable
Small_intestine_FBXO7_Male_68_2471.jpg,usable,2471,usable
Small_intestine_FBXW11_Female_56_1499.jpg,usable,1499,usable
Small_intestine_FBXW11_Male_37_1652.jpg,usable,1652,usable
Small_intestine_FBXW11_Male_70_1919.jpg,usable,1919,usable
Small_intestine_FBXW2_Female_56_1499.jpg,unusable,1499,unusable
Small_intestine_FBXW2_Male_37_1652.jpg,usable,1652,usable
Small_intestine_FBXW2_Male_70_1919.jpg,usable,1919,usable
Small_intestine_FBXW5_Female_84_2256.jpg,usable,2256,usable
Small_intestine_FBXW5_Male_7_1826.jpg,unusable,1826,unusable
Small_intestine_FBXW7_Female_56_1499.jpg,unusable,1499,unusable
Small_intestine_FBXW7_Male_37_1652.jpg,usable,1652,usable
Small_intestine_FBXW7_Male_70_1919.jpg,usable,1919,usable
Small_intestine_FCER1G_Female_56_3343.jpg,usable,3343,usable
Small_intestine_FCER1G_Female_84_2256.jpg,usable,2256,usable
Small_intestine_FCGBP_Male_41_2226.jpg,usable,2226,usable
Small_intestine_FCGBP_Male_71_2411.jpg,unusable,2411,unusable
Small_intestine_FCHO2_Female_84_2256.jpg,unusable,2256,unusable
Small_intestine_FCHO2_Male_41_2226.jpg,unusable,2226,unusable
Small_intestine_FCHO2_Male_7_1826.jpg,usable,1826,usable
Small_intestine_FCHSD1_Female_64_2450.jpg,usable,2450,usable
Small_intestine_FCHSD1_Male_7_1826.jpg,usable,1826,usable
Small_intestine_FCMR_Male_41_2226.jpg,usable,2226,usable
Small_intestine_FCMR_Male_71_2411.jpg,unusable,2411,unusable
Small_intestine_FEN1_Male_41_2226.jpg,usable,2226,usable
Small_intestine_FEN1_Male_71_2411.jpg,usable,2411,usable
Small_intestine_FER1L6_Female_44_1800.jpg,usable,1800,usable
Small_intestine_FER1L6_Male_37_1652.jpg,usable,1652,usable
Small_intestine_FER1L6_Male_66_4202.jpg,usable,4202,usable
Small_intestine_FERMT1_Female_64_2450.jpg,unusable,2450,unusable
Small_intestine_FERMT1_Female_68_3852.jpg,usable,3852,usable
Small_intestine_FERMT2_Female_64_2450.jpg,usable,2450,usable
Small_intestine_FERMT2_Female_68_3852.jpg,usable,3852,usable
Small_intestine_FGD4_Female_64_2450.jpg,usable,2450,usable
Small_intestine_FGD4_Female_68_3852.jpg,usable,3852,usable
Small_intestine_FGD6_Female_56_3343.jpg,usable,3343,usable
Small_intestine_FGF19_Female_64_2450.jpg,usable,2450,usable
Small_intestine_FGF19_Female_68_3852.jpg,usable,3852,usable
Small_intestine_FGFR1OP2_Female_64_2450.jpg,unusable,2450,unusable
Small_intestine_FGFR1OP2_Female_68_3852.jpg,usable,3852,usable
Small_intestine_FHIP1A_Female_64_2450.jpg,unusable,2450,unusable
Small_intestine_FHIP1A_Female_68_3852.jpg,usable,3852,usable
Small_intestine_FHIP1B_Female_64_2450.jpg,usable,2450,usable
Small_intestine_FHIP1B_Female_68_3852.jpg,unusable,3852,unusable
Small_intestine_FHIP1B_Male_70_1919.jpg,unusable,1919,unusable
Small_intestine_FHIP2A_Female_64_2450.jpg,usable,2450,usable
Small_intestine_FHIP2A_Male_7_1826.jpg,usable,1826,usable
Small_intestine_FHIP2B_Female_84_2256.jpg,usable,2256,usable
Small_intestine_FHIP2B_Male_41_2226.jpg,unusable,2226,unusable
Small_intestine_FHIP2B_Male_7_1826.jpg,usable,1826,usable
Small_intestine_FH_Female_56_3343.jpg,usable,3343,usable
Small_intestine_FIBIN_Female_64_2450.jpg,usable,2450,usable
Small_intestine_FIBIN_Male_41_2226.jpg,usable,2226,usable
Small_intestine_FICD_Female_56_3343.jpg,usable,3343,usable
Small_intestine_FICD_Female_84_2256.jpg,unusable,2256,unusable
Small_intestine_FICD_Male_7_1826.jpg,usable,1826,usable
Small_intestine_FILIP1L_Female_64_2450.jpg,unusable,2450,unusable
Small_intestine_FILIP1L_Female_68_3852.jpg,usable,3852,usable
Small_intestine_FILIP1L_Male_68_2471.jpg,usable,2471,usable
Small_intestine_FILIP1L_Male_70_1919.jpg,usable,1919,usable
Small_intestine_FIS1_Female_56_3343.jpg,usable,3343,usable
Small_intestine_FIS1_Female_84_2256.jpg,usable,2256,usable
Small_intestine_FKBP15_Male_41_2226.jpg,unusable,2226,unusable
Small_intestine_FKBP15_Male_71_2411.jpg,usable,2411,usable
Small_intestine_FKBP3_Male_41_2226.jpg,usable,2226,usable
Small_intestine_FKBP3_Male_71_2411.jpg,usable,2411,usable
Small_intestine_FKBP4_Male_41_2226.jpg,usable,2226,usable
Small_intestine_FKBP4_Male_71_2411.jpg,usable,2411,usable
Small_intestine_FKBP5_Female_56_3343.jpg,usable,3343,usable
Small_intestine_FKBP5_Male_41_2226.jpg,usable,2226,usable
Small_intestine_FKBP7_Male_41_2226.jpg,usable,2226,usable
Small_intestine_FKBP8_Female_84_2256.jpg,unusable,2256,unusable
Small_intestine_FKBP8_Male_41_2226.jpg,usable,2226,usable
Small_intestine_FKBP8_Male_7_1826.jpg,usable,1826,usable
Small_intestine_FKBP9_Female_56_3343.jpg,usable,3343,usable
Small_intestine_FKBP9_Female_84_2256.jpg,unusable,2256,unusable
Small_intestine_FKBPL_Female_84_2256.jpg,unusable,2256,unusable
Small_intestine_FKBPL_Male_41_2226.jpg,usable,2226,usable
Small_intestine_FLAD1_Female_84_2256.jpg,unusable,2256,unusable
Small_intestine_FLAD1_Male_41_2226.jpg,usable,2226,usable
Small_intestine_FLAD1_Male_7_1826.jpg,unusable,1826,unusable
Small_intestine_FLNB_Male_41_2226.jpg,usable,2226,usable
Small_intestine_FLNB_Male_71_2411.jpg,usable,2411,usable
Small_intestine_FLRT3_Female_64_2450.jpg,unusable,2450,unusable
Small_intestine_FLT4_Female_56_1499.jpg,unusable,1499,unusable
Small_intestine_FLT4_Male_37_1652.jpg,usable,1652,usable
Small_intestine_FLVCR1_Female_64_2450.jpg,usable,2450,usable
Small_intestine_FLVCR1_Male_7_1826.jpg,usable,1826,usable
Small_intestine_FLVCR2_Female_64_2450.jpg,unusable,2450,unusable
Small_intestine_FLVCR2_Male_68_2471.jpg,usable,2471,usable
Small_intestine_FLYWCH1_Female_64_2450.jpg,usable,2450,usable
Small_intestine_FLYWCH1_Female_68_3852.jpg,usable,3852,usable
Small_intestine_FMO4_Female_84_2256.jpg,unusable,2256,unusable
Small_intestine_FMO4_Male_41_2226.jpg,unusable,2226,unusable
Small_intestine_FMO4_Male_7_1826.jpg,unusable,1826,unusable
Small_intestine_FMR1_Female_56_3343.jpg,usable,3343,usable
Small_intestine_FNDC3A_Female_56_3343.jpg,usable,3343,usable
Small_intestine_FNDC3A_Male_41_2226.jpg,usable,2226,usable
Small_intestine_FNDC4_Female_64_2450.jpg,usable,2450,usable
Small_intestine_FNDC4_Female_68_3852.jpg,usable,3852,usable
Small_intestine_FNDC4_Male_70_1919.jpg,usable,1919,usable
Small_intestine_FNIP1_Female_68_3852.jpg,usable,3852,usable
Small_intestine_FNIP1_Male_26_3472.jpg,usable,3472,usable
Small_intestine_FOCAD_Female_64_2450.jpg,unusable,2450,unusable
Small_intestine_FOCAD_Female_68_3852.jpg,usable,3852,usable
Small_intestine_FOLH1_Male_41_2226.jpg,usable,2226,usable
Small_intestine_FOLH1_Male_71_2411.jpg,usable,2411,usable
Small_intestine_FOSL2_Male_41_2226.jpg,usable,2226,usable
Small_intestine_FOSL2_Male_71_2411.jpg,unusable,2411,unusable
Small_intestine_FOXA3_Female_56_3343.jpg,usable,3343,usable
Small_intestine_FOXA3_Male_41_2226.jpg,unusable,2226,unusable
Small_intestine_FOXJ2_Female_56_3343.jpg,usable,3343,usable
Small_intestine_FOXJ2_Male_41_2226.jpg,usable,2226,usable
Small_intestine_FOXK1_Female_56_3343.jpg,usable,3343,usable
Small_intestine_FOXK1_Female_84_2256.jpg,usable,2256,usable
Small_intestine_FOXK2_Female_84_2256.jpg,usable,2256,usable
Small_intestine_FOXK2_Male_41_2226.jpg,unusable,2226,unusable
Small_intestine_FOXK2_Male_7_1826.jpg,usable,1826,usable
Small_intestine_FOXP1_Male_41_2226.jpg,usable,2226,usable
Small_intestine_FOXP1_Male_71_2411.jpg,unusable,2411,unusable
Small_intestine_FOXP4_Female_56_3343.jpg,usable,3343,usable
Small_intestine_FOXS1_Female_64_2450.jpg,unusable,2450,unusable
Small_intestine_FOXS1_Female_68_3852.jpg,usable,3852,usable
Small_intestine_FOXS1_Male_68_2471.jpg,unusable,2471,unusable
Small_intestine_FOXS1_Male_70_1919.jpg,usable,1919,usable
Small_intestine_FRG1_Female_44_1800.jpg,usable,1800,usable
Small_intestine_FRG1_Male_37_1652.jpg,usable,1652,usable
Small_intestine_FRG1_Male_66_4202.jpg,usable,4202,usable
Small_intestine_FRK_Female_84_2256.jpg,usable,2256,usable
Small_intestine_FRK_Male_41_2226.jpg,usable,2226,usable
Small_intestine_FRK_Male_7_1826.jpg,usable,1826,usable
Small_intestine_FRMPD1_Female_64_2450.jpg,usable,2450,usable
Small_intestine_FRMPD1_Female_68_3852.jpg,usable,3852,usable
Small_intestine_FRMPD1_Male_68_2471.jpg,unusable,2471,unusable
Small_intestine_FRMPD1_Male_70_1919.jpg,usable,1919,usable
Small_intestine_FRY_Female_64_2450.jpg,usable,2450,usable
Small_intestine_FRY_Female_68_3852.jpg,usable,3852,usable
Small_intestine_FTL_Female_56_3343.jpg,usable,3343,usable
Small_intestine_FTL_Female_84_2256.jpg,unusable,2256,unusable
Small_intestine_FTL_Male_7_1826.jpg,unusable,1826,unusable
Small_intestine_FTO_Female_56_1499.jpg,unusable,1499,unusable
Small_intestine_FTO_Male_37_1652.jpg,usable,1652,usable
Small_intestine_FTO_Male_70_1919.jpg,usable,1919,usable
Small_intestine_FUBP1_Female_56_3343.jpg,usable,3343,usable
Small_intestine_FUBP3_Male_68_2471.jpg,unusable,2471,unusable
Small_intestine_FUOM_Female_64_2450.jpg,usable,2450,usable
Small_intestine_FUOM_Female_68_3852.jpg,usable,3852,usable
Small_intestine_FUS_Female_56_3343.jpg,usable,3343,usable
Small_intestine_FUS_Male_41_2226.jpg,usable,2226,usable
Small_intestine_FUT11_Female_56_3343.jpg,usable,3343,usable
Small_intestine_FUT8_Female_56_3343.jpg,usable,3343,usable
Small_intestine_FUT8_Female_84_2256.jpg,usable,2256,usable
Small_intestine_FXN_Female_56_1499.jpg,unusable,1499,unusable
Small_intestine_FXN_Male_37_1652.jpg,usable,1652,usable
Small_intestine_FXN_Male_70_1919.jpg,usable,1919,usable
Small_intestine_FXR1_Female_44_1800.jpg,usable,1800,usable
Small_intestine_FXR1_Male_37_1652.jpg,unusable,1652,unusable
Small_intestine_FXR1_Male_66_4202.jpg,usable,4202,usable
Small_intestine_FXR2_Female_56_3343.jpg,usable,3343,usable
Small_intestine_FZD1_Female_56_3343.jpg,usable,3343,usable
Small_intestine_FZD3_Female_84_2256.jpg,usable,2256,usable
Small_intestine_FZD3_Male_41_2226.jpg,usable,2226,usable
Small_intestine_FZD3_Male_7_1826.jpg,unusable,1826,unusable
Small_intestine_FZD6_Female_56_3343.jpg,usable,3343,usable
Small_intestine_FZD6_Female_84_2256.jpg,unusable,2256,unusable
Small_intestine_G3BP2_Female_56_3343.jpg,usable,3343,usable
Small_intestine_G3BP2_Female_84_2256.jpg,usable,2256,usable
Small_intestine_G3BP2_Male_7_1826.jpg,usable,1826,usable
Small_intestine_G6PC1_Female_64_2450.jpg,usable,2450,usable
Small_intestine_G6PC1_Female_68_3852.jpg,unusable,3852,unusable
Small_intestine_GAB1_Female_68_3852.jpg,usable,3852,usable
Small_intestine_GAB1_Male_26_3472.jpg,unusable,3472,unusable
Small_intestine_GAB1_Male_70_1919.jpg,unusable,1919,unusable
Small_intestine_GABARAPL2_Female_84_2256.jpg,unusable,2256,unusable
Small_intestine_GABARAPL2_Male_41_2226.jpg,unusable,2226,unusable
Small_intestine_GABARAPL2_Male_7_1826.jpg,usable,1826,usable
Small_intestine_GABPB1_Female_56_3343.jpg,usable,3343,usable
Small_intestine_GABPB1_Female_84_2256.jpg,usable,2256,usable
Small_intestine_GABRP_Male_41_2226.jpg,unusable,2226,unusable
Small_intestine_GAK_Female_84_2256.jpg,unusable,2256,unusable
Small_intestine_GAK_Male_41_2226.jpg,unusable,2226,unusable
Small_intestine_GAK_Male_7_1826.jpg,unusable,1826,unusable
Small_intestine_GALC_Female_84_2256.jpg,unusable,2256,unusable
Small_intestine_GALC_Male_41_2226.jpg,usable,2226,usable
Small_intestine_GALC_Male_7_1826.jpg,usable,1826,usable
Small_intestine_GALK1_Female_56_3343.jpg,usable,3343,usable
Small_intestine_GALK2_Female_64_2450.jpg,usable,2450,usable
Small_intestine_GALK2_Male_70_1919.jpg,usable,1919,usable
Small_intestine_GFM1_Female_56_3343.jpg,usable,3343,usable
Small_intestine_GIPC2_Male_70_1919.jpg,usable,1919,usable
Small_intestine_GPANK1_Male_41_2226.jpg,unusable,2226,unusable
Small_intestine_IL18_Male_41_2226.jpg,usable,2226,usable
Small_intestine_ISY1-RAB43_Male_41_2226.jpg,unusable,2226,unusable
Small_intestine_ISY1_Male_41_2226.jpg,unusable,2226,unusable
