tile_path,tile_id,image_id,row,col,fold
loc_tiles/Small_intestine_AGTPBP1_Female_44_1800__r0c0.jpg,Small_intestine_AGTPBP1_Female_44_1800__r0c0.jpg,Small_intestine_AGTPBP1_Female_44_1800.jpg,0,0,1
loc_tiles/Small_intestine_AGTPBP1_Female_44_1800__r0c1.jpg,Small_intestine_AGTPBP1_Female_44_1800__r0c1.jpg,Small_intestine_AGTPBP1_Female_44_1800.jpg,0,1,1
loc_tiles/Small_intestine_AGTPBP1_Female_44_1800__r0c2.jpg,Small_intestine_AGTPBP1_Female_44_1800__r0c2.jpg,Small_intestine_AGTPBP1_Female_44_1800.jpg,0,2,1
loc_tiles/Small_intestine_AGTPBP1_Female_44_1800__r0c3.jpg,Small_intestine_AGTPBP1_Female_44_1800__r0c3.jpg,Small_intestine_AGTPBP1_Female_44_1800.jpg,0,3,1
loc_tiles/Small_intestine_AGTPBP1_Female_44_1800__r0c4.jpg,Small_intestine_AGTPBP1_Female_44_1800__r0c4.jpg,Small_intestine_AGTPBP1_Female_44_1800.jpg,0,4,1
loc_tiles/Small_intestine_AGTPBP1_Female_44_1800__r0c5.jpg,Small_intestine_AGTPBP1_Female_44_1800__r0c5.jpg,Small_intestine_AGTPBP1_Female_44_1800.jpg,0,5,1
loc_tiles/Small_intestine_AGTPBP1_Female_44_1800__r0c6.jpg,Small_intestine_AGTPBP1_Female_44_1800__r0c6.jpg,Small_intestine_AGTPBP1_Female_44_1800.jpg,0,6,1
loc_tiles/Small_intestine_AGTPBP1_Female_44_1800__r0c7.jpg,Small_intestine_AGTPBP1_Female_44_1800__r0c7.jpg,Small_intestine_AGTPBP1_Female_44_1800.jpg,0,7,1
loc_tiles/Small_intestine_AGTPBP1_Female_44_1800__r1c0.jpg,Small_intestine_AGTPBP1_Female_44_1800__r1c0.jpg,Small_intestine_AGTPBP1_Female_44_1800.jpg,1,0,1
loc_tiles/Small_intestine_AGTPBP1_Female_44_1800__r1c1.jpg,Small_intestine_AGTPBP1_Female_44_1800__r1c1.jpg,Small_intestine_AGTPBP1_Female_44_1800.jpg,1,1,1
loc_tiles/Small_intestine_AGTPBP1_Female_44_1800__r1c2.jpg,Small_intestine_AGTPBP1_Female_44_1800__r1c2.jpg,Small_intestine_AGTPBP1_Female_44_1800.jpg,1,2,1
loc_tiles/Small_intestine_AGTPBP1_Female_44_1800__r1c3.jpg,Small_intestine_AGTPBP1_Female_44_1800__r1c3.jpg,Small_intestine_AGTPBP1_Female_44_1800.jpg,1,3,1
loc_tiles/Small_intestine_AGTPBP1_Female_44_1800__r1c4.jpg,Small_intestine_AGTPBP1_Female_44_1800__r1c4.jpg,Small_intestine_AGTPBP1_Female_44_1800.jpg,1,4,1
loc_tiles/Small_intestine_AGTPBP1_Female_44_1800__r1c5.jpg,Small_intestine_AGTPBP1_Female_44_1800__r1c5.jpg,Small_intestine_AGTPBP1_Female_44_1800.jpg,1,5,1
loc_tiles/Small_intestine_AGTPBP1_Female_44_1800__r1c6.jpg,Small_intestine_AGTPBP1_Female_44_1800__r1c6.jpg,Small_intestine_AGTPBP1_Female_44_1800.jpg,1,6,1
loc_tiles/Small_intestine_AGTPBP1_Female_44_1800__r1c7.jpg,Small_intestine_AGTPBP1_Female_44_1800__r1c7.jpg,Small_intestine_AGTPBP1_Female_44_1800.jpg,1,7,1
loc_tiles/Small_intestine_AGTPBP1_Female_44_1800__r2c0.jpg,Small_intestine_AGTPBP1_Female_44_1800__r2c0.jpg,Small_intestine_AGTPBP1_Female_44_1800.jpg,2,0,1
loc_tiles/Small_intestine_AGTPBP1_Female_44_1800__r2c1.jpg,Small_intestine_AGTPBP1_Female_44_1800__r2c1.jpg,Small_intestine_AGTPBP1_Female_44_1800.jpg,2,1,1
loc_tiles/Small_intestine_AGTPBP1_Female_44_1800__r2c2.jpg,Small_intestine_AGTPBP1_Female_44_1800__r2c2.jpg,Small_intestine_AGTPBP1_Female_44_1800.jpg,2,2,1
loc_tiles/Small_intestine_AGTPBP1_Female_44_1800__r2c3.jpg,Small_intestine_AGTPBP1_Female_44_1800__r2c3.jpg,Small_intestine_AGTPBP1_Female_44_1800.jpg,2,3,1
loc_tiles/Small_intestine_AGTPBP1_Female_44_1800__r2c4.jpg,Small_intestine_AGTPBP1_Female_44_1800__r2c4.jpg,Small_intestine_AGTPBP1_Female_44_1800.jpg,2,4,1
loc_tiles/Small_intestine_AGTPBP1_Female_44_1800__r2c5.jpg,Small_intestine_AGTPBP1_Female_44_1800__r2c5.jpg,Small_intestine_AGTPBP1_Female_44_1800.jpg,2,5,1
loc_tiles/Small_intestine_AGTPBP1_Female_44_1800__r2c6.jpg,Small_intestine_AGTPBP1_Female_44_1800__r2c6.jpg,Small_intestine_AGTPBP1_Female_44_1800.jpg,2,6,1
loc_tiles/Small_intestine_AGTPBP1_Female_44_1800__r2c7.jpg,Small_intestine_AGTPBP1_Female_44_1800__r2c7.jpg,Small_intestine_AGTPBP1_Female_44_1800.jpg,2,7,1
loc_tiles/Small_intestine_AGTPBP1_Female_44_1800__r3c0.jpg,Small_intestine_AGTPBP1_Female_44_1800__r3c0.jpg,Small_intestine_AGTPBP1_Female_44_1800.jpg,3,0,1
loc_tiles/Small_intestine_AGTPBP1_Female_44_1800__r3c1.jpg,Small_intestine_AGTPBP1_Female_44_1800__r3c1.jpg,Small_intestine_AGTPBP1_Female_44_1800.jpg,3,1,1
loc_tiles/Small_intestine_AGTPBP1_Female_44_1800__r3c2.jpg,Small_intestine_AGTPBP1_Female_44_1800__r3c2.jpg,Small_intestine_AGTPBP1_Female_44_1800.jpg,3,2,1
loc_tiles/Small_intestine_AGTPBP1_Female_44_1800__r3c3.jpg,Small_intestine_AGTPBP1_Female_44_1800__r3c3.jpg,Small_intestine_AGTPBP1_Female_44_1800.jpg,3,3,1
loc_tiles/Small_intestine_AGTPBP1_Female_44_1800__r3c4.jpg,Small_intestine_AGTPBP1_Female_44_1800__r3c4.jpg,Small_intestine_AGTPBP1_Female_44_1800.jpg,3,4,1
loc_tiles/Small_intestine_AGTPBP1_Female_44_1800__r3c5.jpg,Small_intestine_AGTPBP1_Female_44_1800__r3c5.jpg,Small_intestine_AGTPBP1_Female_44_1800.jpg,3,5,1
loc_tiles/Small_intestine_AGTPBP1_Female_44_1800__r3c6.jpg,Small_intestine_AGTPBP1_Female_44_1800__r3c6.jpg,Small_intestine_AGTPBP1_Female_44_1800.jpg,3,6,1
loc_tiles/Small_intestine_AGTPBP1_Female_44_1800__r3c7.jpg,Small_intestine_AGTPBP1_Female_44_1800__r3c7.jpg,Small_intestine_AGTPBP1_Female_44_1800.jpg,3,7,1
loc_tiles/Small_intestine_AGTPBP1_Female_44_1800__r4c0.jpg,Small_intestine_AGTPBP1_Female_44_1800__r4c0.jpg,Small_intestine_AGTPBP1_Female_44_1800.jpg,4,0,1
loc_tiles/Small_intestine_AGTPBP1_Female_44_1800__r4c1.jpg,Small_intestine_AGTPBP1_Female_44_1800__r4c1.jpg,Small_intestine_AGTPBP1_Female_44_1800.jpg,4,1,1
loc_tiles/Small_intestine_AGTPBP1_Female_44_1800__r4c2.jpg,Small_intestine_AGTPBP1_Female_44_1800__r4c2.jpg,Small_intestine_AGTPBP1_Female_44_1800.jpg,4,2,1
loc_tiles/Small_intestine_AGTPBP1_Female_44_1800__r4c3.jpg,Small_intestine_AGTPBP1_Female_44_1800__r4c3.jpg,Small_intestine_AGTPBP1_Female_44_1800.jpg,4,3,1
loc_tiles/Small_intestine_AGTPBP1_Female_44_1800__r4c4.jpg,Small_intestine_AGTPBP1_Female_44_1800__r4c4.jpg,Small_intestine_AGTPBP1_Female_44_1800.jpg,4,4,1
loc_tiles/Small_intestine_AGTPBP1_Female_44_1800__r4c5.jpg,Small_intestine_AGTPBP1_Female_44_1800__r4c5.jpg,Small_intestine_AGTPBP1_Female_44_1800.jpg,4,5,1
loc_tiles/Small_intestine_AGTPBP1_Female_44_1800__r4c6.jpg,Small_intestine_AGTPBP1_Female_44_1800__r4c6.jpg,Small_intestine_AGTPBP1_Female_44_1800.jpg,4,6,1
loc_tiles/Small_intestine_AGTPBP1_Female_44_1800__r4c7.jpg,Small_intestine_AGTPBP1_Female_44_1800__r4c7.jpg,Small_intestine_AGTPBP1_Female_44_1800.jpg,4,7,1
loc_tiles/Small_intestine_AGTPBP1_Female_44_1800__r5c0.jpg,Small_intestine_AGTPBP1_Female_44_1800__r5c0.jpg,Small_intestine_AGTPBP1_Female_44_1800.jpg,5,0,1
loc_tiles/Small_intestine_AGTPBP1_Female_44_1800__r5c1.jpg,Small_intestine_AGTPBP1_Female_44_1800__r5c1.jpg,Small_intestine_AGTPBP1_Female_44_1800.jpg,5,1,1
loc_tiles/Small_intestine_AGTPBP1_Female_44_1800__r5c2.jpg,Small_intestine_AGTPBP1_Female_44_1800__r5c2.jpg,Small_intestine_AGTPBP1_Female_44_1800.jpg,5,2,1
loc_tiles/Small_intestine_AGTPBP1_Female_44_1800__r5c3.jpg,Small_intestine_AGTPBP1_Female_44_1800__r5c3.jpg,Small_intestine_AGTPBP1_Female_44_1800.jpg,5,3,1
loc_tiles/Small_intestine_AGTPBP1_Female_44_1800__r5c4.jpg,Small_intestine_AGTPBP1_Female_44_1800__r5c4.jpg,Small_intestine_AGTPBP1_Female_44_1800.jpg,5,4,1
loc_tiles/Small_intestine_AGTPBP1_Female_44_1800__r5c5.jpg,Small_intestine_AGTPBP1_Female_44_1800__r5c5.jpg,Small_intestine_AGTPBP1_Female_44_1800.jpg,5,5,1
loc_tiles/Small_intestine_AGTPBP1_Female_44_1800__r5c6.jpg,Small_intestine_AGTPBP1_Female_44_1800__r5c6.jpg,Small_intestine_AGTPBP1_Female_44_1800.jpg,5,6,1
loc_tiles/Small_intestine_AGTPBP1_Female_44_1800__r5c7.jpg,Small_intestine_AGTPBP1_Female_44_1800__r5c7.jpg,Small_intestine_AGTPBP1_Female_44_1800.jpg,5,7,1
loc_tiles/Small_intestine_AGTPBP1_Female_44_1800__r6c0.jpg,Small_intestine_AGTPBP1_Female_44_1800__r6c0.jpg,Small_intestine_AGTPBP1_Female_44_1800.jpg,6,0,1
loc_tiles/Small_intestine_AGTPBP1_Female_44_1800__r6c1.jpg,Small_intestine_AGTPBP1_Female_44_1800__r6c1.jpg,Small_intestine_AGTPBP1_Female_44_1800.jpg,6,1,1
loc_tiles/Small_intestine_AGTPBP1_Female_44_1800__r6c2.jpg,Small_intestine_AGTPBP1_Female_44_1800__r6c2.jpg,Small_intestine_AGTPBP1_Female_44_1800.jpg,6,2,1
loc_tiles/Small_intestine_AGTPBP1_Female_44_1800__r6c3.jpg,Small_intestine_AGTPBP1_Female_44_1800__r6c3.jpg,Small_intestine_AGTPBP1_Female_44_1800.jpg,6,3,1
loc_tiles/Small_intestine_AGTPBP1_Female_44_1800__r6c4.jpg,Small_intestine_AGTPBP1_Female_44_1800__r6c4.jpg,Small_intestine_AGTPBP1_Female_44_1800.jpg,6,4,1
loc_tiles/Small_intestine_AGTPBP1_Female_44_1800__r6c5.jpg,Small_intestine_AGTPBP1_Female_44_1800__r6c5.jpg,Small_intestine_AGTPBP1_Female_44_1800.jpg,6,5,1
loc_tiles/Small_intestine_AGTPBP1_Female_44_1800__r6c6.jpg,Small_intestine_AGTPBP1_Female_44_1800__r6c6.jpg,Small_intestine_AGTPBP1_Female_44_1800.jpg,6,6,1
loc_tiles/Small_intestine_AGTPBP1_Female_44_1800__r6c7.jpg,Small_intestine_AGTPBP1_Female_44_1800__r6c7.jpg,Small_intestine_AGTPBP1_Female_44_1800.jpg,6,7,1
loc_tiles/Small_intestine_AGTPBP1_Female_44_1800__r7c0.jpg,Small_intestine_AGTPBP1_Female_44_1800__r7c0.jpg,Small_intestine_AGTPBP1_Female_44_1800.jpg,7,0,1
loc_tiles/Small_intestine_AGTPBP1_Female_44_1800__r7c1.jpg,Small_intestine_AGTPBP1_Female_44_1800__r7c1.jpg,Small_intestine_AGTPBP1_Female_44_1800.jpg,7,1,1
loc_tiles/Small_intestine_AGTPBP1_Female_44_1800__r7c2.jpg,Small_intestine_AGTPBP1_Female_44_1800__r7c2.jpg,Small_intestine_AGTPBP1_Female_44_1800.jpg,7,2,1
loc_tiles/Small_intestine_AGTPBP1_Female_44_1800__r7c3.jpg,Small_intestine_AGTPBP1_Female_44_1800__r7c3.jpg,Small_intestine_AGTPBP1_Female_44_1800.jpg,7,3,1
loc_tiles/Small_intestine_AGTPBP1_Female_44_1800__r7c4.jpg,Small_intestine_AGTPBP1_Female_44_1800__r7c4.jpg,Small_intestine_AGTPBP1_Female_44_1800.jpg,7,4,1
loc_tiles/Small_intestine_AGTPBP1_Female_44_1800__r7c5.jpg,Small_intestine_AGTPBP1_Female_44_1800__r7c5.jpg,Small_intestine_AGTPBP1_Female_44_1800.jpg,7,5,1
loc_tiles/Small_intestine_AGTPBP1_Female_44_1800__r7c6.jpg,Small_intestine_AGTPBP1_Female_44_1800__r7c6.jpg,Small_intestine_AGTPBP1_Female_44_1800.jpg,7,6,1
loc_tiles/Small_intestine_AGTPBP1_Female_44_1800__r7c7.jpg,Small_intestine_AGTPBP1_Female_44_1800__r7c7.jpg,Small_intestine_AGTPBP1_Female_44_1800.jpg,7,7,1
loc_tiles/Small_intestine_ACAA2_Female_64_2450__r0c0.jpg,Small_intestine_ACAA2_Female_64_2450__r0c0.jpg,Small_intestine_ACAA2_Female_64_2450.jpg,0,0,1
loc_tiles/Small_intestine_ACAA2_Female_64_2450__r0c1.jpg,Small_intestine_ACAA2_Female_64_2450__r0c1.jpg,Small_intestine_ACAA2_Female_64_2450.jpg,0,1,1
loc_tiles/Small_intestine_ACAA2_Female_64_2450__r0c2.jpg,Small_intestine_ACAA2_Female_64_2450__r0c2.jpg,Small_intestine_ACAA2_Female_64_2450.jpg,0,2,1
loc_tiles/Small_intestine_ACAA2_Female_64_2450__r0c3.jpg,Small_intestine_ACAA2_Female_64_2450__r0c3.jpg,Small_intestine_ACAA2_Female_64_2450.jpg,0,3,1
loc_tiles/Small_intestine_ACAA2_Female_64_2450__r0c4.jpg,Small_intestine_ACAA2_Female_64_2450__r0c4.jpg,Small_intestine_ACAA2_Female_64_2450.jpg,0,4,1
loc_tiles/Small_intestine_ACAA2_Female_64_2450__r0c5.jpg,Small_intestine_ACAA2_Female_64_2450__r0c5.jpg,Small_intestine_ACAA2_Female_64_2450.jpg,0,5,1
loc_tiles/Small_intestine_ACAA2_Female_64_2450__r0c6.jpg,Small_intestine_ACAA2_Female_64_2450__r0c6.jpg,Small_intestine_ACAA2_Female_64_2450.jpg,0,6,1
loc_tiles/Small_intestine_ACAA2_Female_64_2450__r0c7.jpg,Small_intestine_ACAA2_Female_64_2450__r0c7.jpg,Small_intestine_ACAA2_Female_64_2450.jpg,0,7,1
loc_tiles/Small_intestine_ACAA2_Female_64_2450__r1c0.jpg,Small_intestine_ACAA2_Female_64_2450__r1c0.jpg,Small_intestine_ACAA2_Female_64_2450.jpg,1,0,1
loc_tiles/Small_intestine_ACAA2_Female_64_2450__r1c1.jpg,Small_intestine_ACAA2_Female_64_2450__r1c1.jpg,Small_intestine_ACAA2_Female_64_2450.jpg,1,1,1
loc_tiles/Small_intestine_ACAA2_Female_64_2450__r1c2.jpg,Small_intestine_ACAA2_Female_64_2450__r1c2.jpg,Small_intestine_ACAA2_Female_64_2450.jpg,1,2,1
loc_tiles/Small_intestine_ACAA2_Female_64_2450__r1c3.jpg,Small_intestine_ACAA2_Female_64_2450__r1c3.jpg,Small_intestine_ACAA2_Female_64_2450.jpg,1,3,1
loc_tiles/Small_intestine_ACAA2_Female_64_2450__r1c4.jpg,Small_intestine_ACAA2_Female_64_2450__r1c4.jpg,Small_intestine_ACAA2_Female_64_2450.jpg,1,4,1
loc_tiles/Small_intestine_ACAA2_Female_64_2450__r1c5.jpg,Small_intestine_ACAA2_Female_64_2450__r1c5.jpg,Small_intestine_ACAA2_Female_64_2450.jpg,1,5,1
loc_tiles/Small_intestine_ACAA2_Female_64_2450__r1c6.jpg,Small_intestine_ACAA2_Female_64_2450__r1c6.jpg,Small_intestine_ACAA2_Female_64_2450.jpg,1,6,1
loc_tiles/Small_intestine_ACAA2_Female_64_2450__r1c7.jpg,Small_intestine_ACAA2_Female_64_2450__r1c7.jpg,Small_intestine_ACAA2_Female_64_2450.jpg,1,7,1
loc_tiles/Small_intestine_ACAA2_Female_64_2450__r2c0.jpg,Small_intestine_ACAA2_Female_64_2450__r2c0.jpg,Small_intestine_ACAA2_Female_64_2450.jpg,2,0,1
loc_tiles/Small_intestine_ACAA2_Female_64_2450__r2c1.jpg,Small_intestine_ACAA2_Female_64_2450__r2c1.jpg,Small_intestine_ACAA2_Female_64_2450.jpg,2,1,1
loc_tiles/Small_intestine_ACAA2_Female_64_2450__r2c2.jpg,Small_intestine_ACAA2_Female_64_2450__r2c2.jpg,Small_intestine_ACAA2_Female_64_2450.jpg,2,2,1
loc_tiles/Small_intestine_ACAA2_Female_64_2450__r2c3.jpg,Small_intestine_ACAA2_Female_64_2450__r2c3.jpg,Small_intestine_ACAA2_Female_64_2450.jpg,2,3,1
loc_tiles/Small_intestine_ACAA2_Female_64_2450__r2c4.jpg,Small_intestine_ACAA2_Female_64_2450__r2c4.jpg,Small_intestine_ACAA2_Female_64_2450.jpg,2,4,1
loc_tiles/Small_intestine_ACAA2_Female_64_2450__r2c5.jpg,Small_intestine_ACAA2_Female_64_2450__r2c5.jpg,Small_intestine_ACAA2_Female_64_2450.jpg,2,5,1
loc_tiles/Small_intestine_ACAA2_Female_64_2450__r2c6.jpg,Small_intestine_ACAA2_Female_64_2450__r2c6.jpg,Small_intestine_ACAA2_Female_64_2450.jpg,2,6,1
loc_tiles/Small_intestine_ACAA2_Female_64_2450__r2c7.jpg,Small_intestine_ACAA2_Female_64_2450__r2c7.jpg,Small_intestine_ACAA2_Female_64_2450.jpg,2,7,1
loc_tiles/Small_intestine_ACAA2_Female_64_2450__r3c0.jpg,Small_intestine_ACAA2_Female_64_2450__r3c0.jpg,Small_intestine_ACAA2_Female_64_2450.jpg,3,0,1
loc_tiles/Small_intestine_ACAA2_Female_64_2450__r3c1.jpg,Small_intestine_ACAA2_Female_64_2450__r3c1.jpg,Small_intestine_ACAA2_Female_64_2450.jpg,3,1,1
loc_tiles/Small_intestine_ACAA2_Female_64_2450__r3c2.jpg,Small_intestine_ACAA2_Female_64_2450__r3c2.jpg,Small_intestine_ACAA2_Female_64_2450.jpg,3,2,1
loc_tiles/Small_intestine_ACAA2_Female_64_2450__r3c3.jpg,Small_intestine_ACAA2_Female_64_2450__r3c3.jpg,Small_intestine_ACAA2_Female_64_2450.jpg,3,3,1
loc_tiles/Small_intestine_ACAA2_Female_64_2450__r3c4.jpg,Small_intestine_ACAA2_Female_64_2450__r3c4.jpg,Small_intestine_ACAA2_Female_64_2450.jpg,3,4,1
loc_tiles/Small_intestine_ACAA2_Female_64_2450__r3c5.jpg,Small_intestine_ACAA2_Female_64_2450__r3c5.jpg,Small_intestine_ACAA2_Female_64_2450.jpg,3,5,1
loc_tiles/Small_intestine_ACAA2_Female_64_2450__r3c6.jpg,Small_intestine_ACAA2_Female_64_2450__r3c6.jpg,Small_intestine_ACAA2_Female_64_2450.jpg,3,6,1
loc_tiles/Small_intestine_ACAA2_Female_64_2450__r3c7.jpg,Small_intestine_ACAA2_Female_64_2450__r3c7.jpg,Small_intestine_ACAA2_Female_64_2450.jpg,3,7,1
loc_tiles/Small_intestine_ACAA2_Female_64_2450__r4c0.jpg,Small_intestine_ACAA2_Female_64_2450__r4c0.jpg,Small_intestine_ACAA2_Female_64_2450.jpg,4,0,1
loc_tiles/Small_intestine_ACAA2_Female_64_2450__r4c1.jpg,Small_intestine_ACAA2_Female_64_2450__r4c1.jpg,Small_intestine_ACAA2_Female_64_2450.jpg,4,1,1
loc_tiles/Small_intestine_ACAA2_Female_64_2450__r4c2.jpg,Small_intestine_ACAA2_Female_64_2450__r4c2.jpg,Small_intestine_ACAA2_Female_64_2450.jpg,4,2,1
loc_tiles/Small_intestine_ACAA2_Female_64_2450__r4c3.jpg,Small_intestine_ACAA2_Female_64_2450__r4c3.jpg,Small_intestine_ACAA2_Female_64_2450.jpg,4,3,1
loc_tiles/Small_intestine_ACAA2_Female_64_2450__r4c4.jpg,Small_intestine_ACAA2_Female_64_2450__r4c4.jpg,Small_intestine_ACAA2_Female_64_2450.jpg,4,4,1
loc_tiles/Small_intestine_ACAA2_Female_64_2450__r4c5.jpg,Small_intestine_ACAA2_Female_64_2450__r4c5.jpg,Small_intestine_ACAA2_Female_64_2450.jpg,4,5,1
loc_tiles/Small_intestine_ACAA2_Female_64_2450__r4c6.jpg,Small_intestine_ACAA2_Female_64_2450__r4c6.jpg,Small_intestine_ACAA2_Female_64_2450.jpg,4,6,1
loc_tiles/Small_intestine_ACAA2_Female_64_2450__r4c7.jpg,Small_intestine_ACAA2_Female_64_2450__r4c7.jpg,Small_intestine_ACAA2_Female_64_2450.jpg,4,7,1
loc_tiles/Small_intestine_ACAA2_Female_64_2450__r5c0.jpg,Small_intestine_ACAA2_Female_64_2450__r5c0.jpg,Small_intestine_ACAA2_Female_64_2450.jpg,5,0,1
loc_tiles/Small_intestine_ACAA2_Female_64_2450__r5c1.jpg,Small_intestine_ACAA2_Female_64_2450__r5c1.jpg,Small_intestine_ACAA2_Female_64_2450.jpg,5,1,1
loc_tiles/Small_intestine_ACAA2_Female_64_2450__r5c2.jpg,Small_intestine_ACAA2_Female_64_2450__r5c2.jpg,Small_intestine_ACAA2_Female_64_2450.jpg,5,2,1
loc_tiles/Small_intestine_ACAA2_Female_64_2450__r5c3.jpg,Small_intestine_ACAA2_Female_64_2450__r5c3.jpg,Small_intestine_ACAA2_Female_64_2450.jpg,5,3,1
loc_tiles/Small_intestine_ACAA2_Female_64_2450__r5c4.jpg,Small_intestine_ACAA2_Female_64_2450__r5c4.jpg,Small_intestine_ACAA2_Female_64_2450.jpg,5,4,1
loc_tiles/Small_intestine_ACAA2_Female_64_2450__r5c5.jpg,Small_intestine_ACAA2_Female_64_2450__r5c5.jpg,Small_intestine_ACAA2_Female_64_2450.jpg,5,5,1
loc_tiles/Small_intestine_ACAA2_Female_64_2450__r5c6.jpg,Small_intestine_ACAA2_Female_64_2450__r5c6.jpg,Small_intestine_ACAA2_Female_64_2450.jpg,5,6,1
loc_tiles/Small_intestine_ACAA2_Female_64_2450__r5c7.jpg,Small_intestine_ACAA2_Female_64_2450__r5c7.jpg,Small_intestine_ACAA2_Female_64_2450.jpg,5,7,1
loc_tiles/Small_intestine_ACAA2_Female_64_2450__r6c0.jpg,Small_intestine_ACAA2_Female_64_2450__r6c0.jpg,Small_intestine_ACAA2_Female_64_2450.jpg,6,0,1
loc_tiles/Small_intestine_ACAA2_Female_64_2450__r6c1.jpg,Small_intestine_ACAA2_Female_64_2450__r6c1.jpg,Small_intestine_ACAA2_Female_64_2450.jpg,6,1,1
loc_tiles/Small_intestine_ACAA2_Female_64_2450__r6c2.jpg,Small_intestine_ACAA2_Female_64_2450__r6c2.jpg,Small_intestine_ACAA2_Female_64_2450.jpg,6,2,1
loc_tiles/Small_intestine_ACAA2_Female_64_2450__r6c3.jpg,Small_intestine_ACAA2_Female_64_2450__r6c3.jpg,Small_intestine_ACAA2_Female_64_2450.jpg,6,3,1
loc_tiles/Small_intestine_ACAA2_Female_64_2450__r6c4.jpg,Small_intestine_ACAA2_Female_64_2450__r6c4.jpg,Small_intestine_ACAA2_Female_64_2450.jpg,6,4,1
loc_tiles/Small_intestine_ACAA2_Female_64_2450__r6c5.jpg,Small_intestine_ACAA2_Female_64_2450__r6c5.jpg,Small_intestine_ACAA2_Female_64_2450.jpg,6,5,1
loc_tiles/Small_intestine_ACAA2_Female_64_2450__r6c6.jpg,Small_intestine_ACAA2_Female_64_2450__r6c6.jpg,Small_intestine_ACAA2_Female_64_2450.jpg,6,6,1
loc_tiles/Small_intestine_ACAA2_Female_64_2450__r6c7.jpg,Small_intestine_ACAA2_Female_64_2450__r6c7.jpg,Small_intestine_ACAA2_Female_64_2450.jpg,6,7,1
loc_tiles/Small_intestine_ACAA2_Female_64_2450__r7c0.jpg,Small_intestine_ACAA2_Female_64_2450__r7c0.jpg,Small_intestine_ACAA2_Female_64_2450.jpg,7,0,1
loc_tiles/Small_intestine_ACAA2_Female_64_2450__r7c1.jpg,Small_intestine_ACAA2_Female_64_2450__r7c1.jpg,Small_intestine_ACAA2_Female_64_2450.jpg,7,1,1
loc_tiles/Small_intestine_ACAA2_Female_64_2450__r7c2.jpg,Small_intestine_ACAA2_Female_64_2450__r7c2.jpg,Small_intestine_ACAA2_Female_64_2450.jpg,7,2,1
loc_tiles/Small_intestine_ACAA2_Female_64_2450__r7c3.jpg,Small_intestine_ACAA2_Female_64_2450__r7c3.jpg,Small_intestine_ACAA2_Female_64_2450.jpg,7,3,1
loc_tiles/Small_intestine_ACAA2_Female_64_2450__r7c4.jpg,Small_intestine_ACAA2_Female_64_2450__r7c4.jpg,Small_intestine_ACAA2_Female_64_2450.jpg,7,4,1
loc_tiles/Small_intestine_ACAA2_Female_64_2450__r7c5.jpg,Small_intestine_ACAA2_Female_64_2450__r7c5.jpg,Small_intestine_ACAA2_Female_64_2450.jpg,7,5,1
loc_tiles/Small_intestine_ACAA2_Female_64_2450__r7c6.jpg,Small_intestine_ACAA2_Female_64_2450__r7c6.jpg,Small_intestine_ACAA2_Female_64_2450.jpg,7,6,1
loc_tiles/Small_intestine_ACAA2_Female_64_2450__r7c7.jpg,Small_intestine_ACAA2_Female_64_2450__r7c7.jpg,Small_intestine_ACAA2_Female_64_2450.jpg,7,7,1
loc_tiles/Duodenum_ATP2B1_Female_53_3413__r0c0.jpg,Duodenum_ATP2B1_Female_53_3413__r0c0.jpg,Duodenum_ATP2B1_Female_53_3413.jpg,0,0,1
loc_tiles/Duodenum_ATP2B1_Female_53_3413__r0c1.jpg,Duodenum_ATP2B1_Female_53_3413__r0c1.jpg,Duodenum_ATP2B1_Female_53_3413.jpg,0,1,1
loc_tiles/Duodenum_ATP2B1_Female_53_3413__r0c2.jpg,Duodenum_ATP2B1_Female_53_3413__r0c2.jpg,Duodenum_ATP2B1_Female_53_3413.jpg,0,2,1
loc_tiles/Duodenum_ATP2B1_Female_53_3413__r0c3.jpg,Duodenum_ATP2B1_Female_53_3413__r0c3.jpg,Duodenum_ATP2B1_Female_53_3413.jpg,0,3,1
loc_tiles/Duodenum_ATP2B1_Female_53_3413__r0c4.jpg,Duodenum_ATP2B1_Female_53_3413__r0c4.jpg,Duodenum_ATP2B1_Female_53_3413.jpg,0,4,1
loc_tiles/Duodenum_ATP2B1_Female_53_3413__r0c5.jpg,Duodenum_ATP2B1_Female_53_3413__r0c5.jpg,Duodenum_ATP2B1_Female_53_3413.jpg,0,5,1
loc_tiles/Duodenum_ATP2B1_Female_53_3413__r0c6.jpg,Duodenum_ATP2B1_Female_53_3413__r0c6.jpg,Duodenum_ATP2B1_Female_53_3413.jpg,0,6,1
loc_tiles/Duodenum_ATP2B1_Female_53_3413__r0c7.jpg,Duodenum_ATP2B1_Female_53_3413__r0c7.jpg,Duodenum_ATP2B1_Female_53_3413.jpg,0,7,1
loc_tiles/Duodenum_ATP2B1_Female_53_3413__r1c0.jpg,Duodenum_ATP2B1_Female_53_3413__r1c0.jpg,Duodenum_ATP2B1_Female_53_3413.jpg,1,0,1
loc_tiles/Duodenum_ATP2B1_Female_53_3413__r1c1.jpg,Duodenum_ATP2B1_Female_53_3413__r1c1.jpg,Duodenum_ATP2B1_Female_53_3413.jpg,1,1,1
loc_tiles/Duodenum_ATP2B1_Female_53_3413__r1c2.jpg,Duodenum_ATP2B1_Female_53_3413__r1c2.jpg,Duodenum_ATP2B1_Female_53_3413.jpg,1,2,1
loc_tiles/Duodenum_ATP2B1_Female_53_3413__r1c3.jpg,Duodenum_ATP2B1_Female_53_3413__r1c3.jpg,Duodenum_ATP2B1_Female_53_3413.jpg,1,3,1
loc_tiles/Duodenum_ATP2B1_Female_53_3413__r1c4.jpg,Duodenum_ATP2B1_Female_53_3413__r1c4.jpg,Duodenum_ATP2B1_Female_53_3413.jpg,1,4,1
loc_tiles/Duodenum_ATP2B1_Female_53_3413__r1c5.jpg,Duodenum_ATP2B1_Female_53_3413__r1c5.jpg,Duodenum_ATP2B1_Female_53_3413.jpg,1,5,1
loc_tiles/Duodenum_ATP2B1_Female_53_3413__r1c6.jpg,Duodenum_ATP2B1_Female_53_3413__r1c6.jpg,Duodenum_ATP2B1_Female_53_3413.jpg,1,6,1
loc_tiles/Duodenum_ATP2B1_Female_53_3413__r1c7.jpg,Duodenum_ATP2B1_Female_53_3413__r1c7.jpg,Duodenum_ATP2B1_Female_53_3413.jpg,1,7,1
loc_tiles/Duodenum_ATP2B1_Female_53_3413__r2c0.jpg,Duodenum_ATP2B1_Female_53_3413__r2c0.jpg,Duodenum_ATP2B1_Female_53_3413.jpg,2,0,1
loc_tiles/Duodenum_ATP2B1_Female_53_3413__r2c1.jpg,Duodenum_ATP2B1_Female_53_3413__r2c1.jpg,Duodenum_ATP2B1_Female_53_3413.jpg,2,1,1
loc_tiles/Duodenum_ATP2B1_Female_53_3413__r2c2.jpg,Duodenum_ATP2B1_Female_53_3413__r2c2.jpg,Duodenum_ATP2B1_Female_53_3413.jpg,2,2,1
loc_tiles/Duodenum_ATP2B1_Female_53_3413__r2c3.jpg,Duodenum_ATP2B1_Female_53_3413__r2c3.jpg,Duodenum_ATP2B1_Female_53_3413.jpg,2,3,1
loc_tiles/Duodenum_ATP2B1_Female_53_3413__r2c4.jpg,Duodenum_ATP2B1_Female_53_3413__r2c4.jpg,Duodenum_ATP2B1_Female_53_3413.jpg,2,4,1
loc_tiles/Duodenum_ATP2B1_Female_53_3413__r2c5.jpg,Duodenum_ATP2B1_Female_53_3413__r2c5.jpg,Duodenum_ATP2B1_Female_53_3413.jpg,2,5,1
loc_tiles/Duodenum_ATP2B1_Female_53_3413__r2c6.jpg,Duodenum_ATP2B1_Female_53_3413__r2c6.jpg,Duodenum_ATP2B1_Female_53_3413.jpg,2,6,1
loc_tiles/Duodenum_ATP2B1_Female_53_3413__r2c7.jpg,Duodenum_ATP2B1_Female_53_3413__r2c7.jpg,Duodenum_ATP2B1_Female_53_3413.jpg,2,7,1
loc_tiles/Duodenum_ATP2B1_Female_53_3413__r3c0.jpg,Duodenum_ATP2B1_Female_53_3413__r3c0.jpg,Duodenum_ATP2B1_Female_53_3413.jpg,3,0,1
loc_tiles/Duodenum_ATP2B1_Female_53_3413__r3c1.jpg,Duodenum_ATP2B1_Female_53_3413__r3c1.jpg,Duodenum_ATP2B1_Female_53_3413.jpg,3,1,1
loc_tiles/Duodenum_ATP2B1_Female_53_3413__r3c2.jpg,Duodenum_ATP2B1_Female_53_3413__r3c2.jpg,Duodenum_ATP2B1_Female_53_3413.jpg,3,2,1
loc_tiles/Duodenum_ATP2B1_Female_53_3413__r3c3.jpg,Duodenum_ATP2B1_Female_53_3413__r3c3.jpg,Duodenum_ATP2B1_Female_53_3413.jpg,3,3,1
loc_tiles/Duodenum_ATP2B1_Female_53_3413__r3c4.jpg,Duodenum_ATP2B1_Female_53_3413__r3c4.jpg,Duodenum_ATP2B1_Female_53_3413.jpg,3,4,1
loc_tiles/Duodenum_ATP2B1_Female_53_3413__r3c5.jpg,Duodenum_ATP2B1_Female_53_3413__r3c5.jpg,Duodenum_ATP2B1_Female_53_3413.jpg,3,5,1
loc_tiles/Duodenum_ATP2B1_Female_53_3413__r3c6.jpg,Duodenum_ATP2B1_Female_53_3413__r3c6.jpg,Duodenum_ATP2B1_Female_53_3413.jpg,3,6,1
loc_tiles/Duodenum_ATP2B1_Female_53_3413__r3c7.jpg,Duodenum_ATP2B1_Female_53_3413__r3c7.jpg,Duodenum_ATP2B1_Female_53_3413.jpg,3,7,1
loc_tiles/Duodenum_ATP2B1_Female_53_3413__r4c0.jpg,Duodenum_ATP2B1_Female_53_3413__r4c0.jpg,Duodenum_ATP2B1_Female_53_3413.jpg,4,0,1
loc_tiles/Duodenum_ATP2B1_Female_53_3413__r4c1.jpg,Duodenum_ATP2B1_Female_53_3413__r4c1.jpg,Duodenum_ATP2B1_Female_53_3413.jpg,4,1,1
loc_tiles/Duodenum_ATP2B1_Female_53_3413__r4c2.jpg,Duodenum_ATP2B1_Female_53_3413__r4c2.jpg,Duodenum_ATP2B1_Female_53_3413.jpg,4,2,1
loc_tiles/Duodenum_ATP2B1_Female_53_3413__r4c3.jpg,Duodenum_ATP2B1_Female_53_3413__r4c3.jpg,Duodenum_ATP2B1_Female_53_3413.jpg,4,3,1
loc_tiles/Duodenum_ATP2B1_Female_53_3413__r4c4.jpg,Duodenum_ATP2B1_Female_53_3413__r4c4.jpg,Duodenum_ATP2B1_Female_53_3413.jpg,4,4,1
loc_tiles/Duodenum_ATP2B1_Female_53_3413__r4c5.jpg,Duodenum_ATP2B1_Female_53_3413__r4c5.jpg,Duodenum_ATP2B1_Female_53_3413.jpg,4,5,1
loc_tiles/Duodenum_ATP2B1_Female_53_3413__r4c6.jpg,Duodenum_ATP2B1_Female_53_3413__r4c6.jpg,Duodenum_ATP2B1_Female_53_3413.jpg,4,6,1
loc_tiles/Duodenum_ATP2B1_Female_53_3413__r4c7.jpg,Duodenum_ATP2B1_Female_53_3413__r4c7.jpg,Duodenum_ATP2B1_Female_53_3413.jpg,4,7,1
loc_tiles/Duodenum_ATP2B1_Female_53_3413__r5c0.jpg,Duodenum_ATP2B1_Female_53_3413__r5c0.jpg,Duodenum_ATP2B1_Female_53_3413.jpg,5,0,1
loc_tiles/Duodenum_ATP2B1_Female_53_3413__r5c1.jpg,Duodenum_ATP2B1_Female_53_3413__r5c1.jpg,Duodenum_ATP2B1_Female_53_3413.jpg,5,1,1
loc_tiles/Duodenum_ATP2B1_Female_53_3413__r5c2.jpg,Duodenum_ATP2B1_Female_53_3413__r5c2.jpg,Duodenum_ATP2B1_Female_53_3413.jpg,5,2,1
loc_tiles/Duodenum_ATP2B1_Female_53_3413__r5c3.jpg,Duodenum_ATP2B1_Female_53_3413__r5c3.jpg,Duodenum_ATP2B1_Female_53_3413.jpg,5,3,1
loc_tiles/Duodenum_ATP2B1_Female_53_3413__r5c4.jpg,Duodenum_ATP2B1_Female_53_3413__r5c4.jpg,Duodenum_ATP2B1_Female_53_3413.jpg,5,4,1
loc_tiles/Duodenum_ATP2B1_Female_53_3413__r5c5.jpg,Duodenum_ATP2B1_Female_53_3413__r5c5.jpg,Duodenum_ATP2B1_Female_53_3413.jpg,5,5,1
loc_tiles/Duodenum_ATP2B1_Female_53_3413__r5c6.jpg,Duodenum_ATP2B1_Female_53_3413__r5c6.jpg,Duodenum_ATP2B1_Female_53_3413.jpg,5,6,1
loc_tiles/Duodenum_ATP2B1_Female_53_3413__r5c7.jpg,Duodenum_ATP2B1_Female_53_3413__r5c7.jpg,Duodenum_ATP2B1_Female_53_3413.jpg,5,7,1
loc_tiles/Duodenum_ATP2B1_Female_53_3413__r6c0.jpg,Duodenum_ATP2B1_Female_53_3413__r6c0.jpg,Duodenum_ATP2B1_Female_53_3413.jpg,6,0,1
loc_tiles/Duodenum_ATP2B1_Female_53_3413__r6c1.jpg,Duodenum_ATP2B1_Female_53_3413__r6c1.jpg,Duodenum_ATP2B1_Female_53_3413.jpg,6,1,1
loc_tiles/Duodenum_ATP2B1_Female_53_3413__r6c2.jpg,Duodenum_ATP2B1_Female_53_3413__r6c2.jpg,Duodenum_ATP2B1_Female_53_3413.jpg,6,2,1
loc_tiles/Duodenum_ATP2B1_Female_53_3413__r6c3.jpg,Duodenum_ATP2B1_Female_53_3413__r6c3.jpg,Duodenum_ATP2B1_Female_53_3413.jpg,6,3,1
loc_tiles/Duodenum_ATP2B1_Female_53_3413__r6c4.jpg,Duodenum_ATP2B1_Female_53_3413__r6c4.jpg,Duodenum_ATP2B1_Female_53_3413.jpg,6,4,1
loc_tiles/Duodenum_ATP2B1_Female_53_3413__r6c5.jpg,Duodenum_ATP2B1_Female_53_3413__r6c5.jpg,Duodenum_ATP2B1_Female_53_3413.jpg,6,5,1
loc_tiles/Duodenum_ATP2B1_Female_53_3413__r6c6.jpg,Duodenum_ATP2B1_Female_53_3413__r6c6.jpg,Duodenum_ATP2B1_Female_53_3413.jpg,6,6,1
loc_tiles/Duodenum_ATP2B1_Female_53_3413__r6c7.jpg,Duodenum_ATP2B1_Female_53_3413__r6c7.jpg,Duodenum_ATP2B1_Female_53_3413.jpg,6,7,1
loc_tiles/Duodenum_ATP2B1_Female_53_3413__r7c0.jpg,Duodenum_ATP2B1_Female_53_3413__r7c0.jpg,Duodenum_ATP2B1_Female_53_3413.jpg,7,0,1
loc_tiles/Duodenum_ATP2B1_Female_53_3413__r7c1.jpg,Duodenum_ATP2B1_Female_53_3413__r7c1.jpg,Duodenum_ATP2B1_Female_53_3413.jpg,7,1,1
loc_tiles/Duodenum_ATP2B1_Female_53_3413__r7c2.jpg,Duodenum_ATP2B1_Female_53_3413__r7c2.jpg,Duodenum_ATP2B1_Female_53_3413.jpg,7,2,1
loc_tiles/Duodenum_ATP2B1_Female_53_3413__r7c3.jpg,Duodenum_ATP2B1_Female_53_3413__r7c3.jpg,Duodenum_ATP2B1_Female_53_3413.jpg,7,3,1
loc_tiles/Duodenum_ATP2B1_Female_53_3413__r7c4.jpg,Duodenum_ATP2B1_Female_53_3413__r7c4.jpg,Duodenum_ATP2B1_Female_53_3413.jpg,7,4,1
loc_tiles/Duodenum_ATP2B1_Female_53_3413__r7c5.jpg,Duodenum_ATP2B1_Female_53_3413__r7c5.jpg,Duodenum_ATP2B1_Female_53_3413.jpg,7,5,1
loc_tiles/Duodenum_ATP2B1_Female_53_3413__r7c6.jpg,Duodenum_ATP2B1_Female_53_3413__r7c6.jpg,Duodenum_ATP2B1_Female_53_3413.jpg,7,6,1
loc_tiles/Duodenum_ATP2B1_Female_53_3413__r7c7.jpg,Duodenum_ATP2B1_Female_53_3413__r7c7.jpg,Duodenum_ATP2B1_Female_53_3413.jpg,7,7,1
loc_tiles/Duodenum_ACVR2A_Male_55_1920__r0c0.jpg,Duodenum_ACVR2A_Male_55_1920__r0c0.jpg,Duodenum_ACVR2A_Male_55_1920.jpg,0,0,1
loc_tiles/Duodenum_ACVR2A_Male_55_1920__r0c1.jpg,Duodenum_ACVR2A_Male_55_1920__r0c1.jpg,Duodenum_ACVR2A_Male_55_1920.jpg,0,1,1
loc_tiles/Duodenum_ACVR2A_Male_55_1920__r0c2.jpg,Duodenum_ACVR2A_Male_55_1920__r0c2.jpg,Duodenum_ACVR2A_Male_55_1920.jpg,0,2,1
loc_tiles/Duodenum_ACVR2A_Male_55_1920__r0c3.jpg,Duodenum_ACVR2A_Male_55_1920__r0c3.jpg,Duodenum_ACVR2A_Male_55_1920.jpg,0,3,1
loc_tiles/Duodenum_ACVR2A_Male_55_1920__r0c4.jpg,Duodenum_ACVR2A_Male_55_1920__r0c4.jpg,Duodenum_ACVR2A_Male_55_1920.jpg,0,4,1
loc_tiles/Duodenum_ACVR2A_Male_55_1920__r0c5.jpg,Duodenum_ACVR2A_Male_55_1920__r0c5.jpg,Duodenum_ACVR2A_Male_55_1920.jpg,0,5,1
loc_tiles/Duodenum_ACVR2A_Male_55_1920__r0c6.jpg,Duodenum_ACVR2A_Male_55_1920__r0c6.jpg,Duodenum_ACVR2A_Male_55_1920.jpg,0,6,1
loc_tiles/Duodenum_ACVR2A_Male_55_1920__r0c7.jpg,Duodenum_ACVR2A_Male_55_1920__r0c7.jpg,Duodenum_ACVR2A_Male_55_1920.jpg,0,7,1
loc_tiles/Duodenum_ACVR2A_Male_55_1920__r1c0.jpg,Duodenum_ACVR2A_Male_55_1920__r1c0.jpg,Duodenum_ACVR2A_Male_55_1920.jpg,1,0,1
loc_tiles/Duodenum_ACVR2A_Male_55_1920__r1c1.jpg,Duodenum_ACVR2A_Male_55_1920__r1c1.jpg,Duodenum_ACVR2A_Male_55_1920.jpg,1,1,1
loc_tiles/Duodenum_ACVR2A_Male_55_1920__r1c2.jpg,Duodenum_ACVR2A_Male_55_1920__r1c2.jpg,Duodenum_ACVR2A_Male_55_1920.jpg,1,2,1
loc_tiles/Duodenum_ACVR2A_Male_55_1920__r1c3.jpg,Duodenum_ACVR2A_Male_55_1920__r1c3.jpg,Duodenum_ACVR2A_Male_55_1920.jpg,1,3,1
loc_tiles/Duodenum_ACVR2A_Male_55_1920__r1c4.jpg,Duodenum_ACVR2A_Male_55_1920__r1c4.jpg,Duodenum_ACVR2A_Male_55_1920.jpg,1,4,1
loc_tiles/Duodenum_ACVR2A_Male_55_1920__r1c5.jpg,Duodenum_ACVR2A_Male_55_1920__r1c5.jpg,Duodenum_ACVR2A_Male_55_1920.jpg,1,5,1
loc_tiles/Duodenum_ACVR2A_Male_55_1920__r1c6.jpg,Duodenum_ACVR2A_Male_55_1920__r1c6.jpg,Duodenum_ACVR2A_Male_55_1920.jpg,1,6,1
loc_tiles/Duodenum_ACVR2A_Male_55_1920__r1c7.jpg,Duodenum_ACVR2A_Male_55_1920__r1c7.jpg,Duodenum_ACVR2A_Male_55_1920.jpg,1,7,1
loc_tiles/Duodenum_ACVR2A_Male_55_1920__r2c0.jpg,Duodenum_ACVR2A_Male_55_1920__r2c0.jpg,Duodenum_ACVR2A_Male_55_1920.jpg,2,0,1
loc_tiles/Duodenum_ACVR2A_Male_55_1920__r2c1.jpg,Duodenum_ACVR2A_Male_55_1920__r2c1.jpg,Duodenum_ACVR2A_Male_55_1920.jpg,2,1,1
loc_tiles/Duodenum_ACVR2A_Male_55_1920__r2c2.jpg,Duodenum_ACVR2A_Male_55_1920__r2c2.jpg,Duodenum_ACVR2A_Male_55_1920.jpg,2,2,1
loc_tiles/Duodenum_ACVR2A_Male_55_1920__r2c3.jpg,Duodenum_ACVR2A_Male_55_1920__r2c3.jpg,Duodenum_ACVR2A_Male_55_1920.jpg,2,3,1
loc_tiles/Duodenum_ACVR2A_Male_55_1920__r2c4.jpg,Duodenum_ACVR2A_Male_55_1920__r2c4.jpg,Duodenum_ACVR2A_Male_55_1920.jpg,2,4,1
loc_tiles/Duodenum_ACVR2A_Male_55_1920__r2c5.jpg,Duodenum_ACVR2A_Male_55_1920__r2c5.jpg,Duodenum_ACVR2A_Male_55_1920.jpg,2,5,1
loc_tiles/Duodenum_ACVR2A_Male_55_1920__r2c6.jpg,Duodenum_ACVR2A_Male_55_1920__r2c6.jpg,Duodenum_ACVR2A_Male_55_1920.jpg,2,6,1
loc_tiles/Duodenum_ACVR2A_Male_55_1920__r2c7.jpg,Duodenum_ACVR2A_Male_55_1920__r2c7.jpg,Duodenum_ACVR2A_Male_55_1920.jpg,2,7,1
loc_tiles/Duodenum_ACVR2A_Male_55_1920__r3c0.jpg,Duodenum_ACVR2A_Male_55_1920__r3c0.jpg,Duodenum_ACVR2A_Male_55_1920.jpg,3,0,1
loc_tiles/Duodenum_ACVR2A_Male_55_1920__r3c1.jpg,Duodenum_ACVR2A_Male_55_1920__r3c1.jpg,Duodenum_ACVR2A_Male_55_1920.jpg,3,1,1
loc_tiles/Duodenum_ACVR2A_Male_55_1920__r3c2.jpg,Duodenum_ACVR2A_Male_55_1920__r3c2.jpg,Duodenum_ACVR2A_Male_55_1920.jpg,3,2,1
loc_tiles/Duodenum_ACVR2A_Male_55_1920__r3c3.jpg,Duodenum_ACVR2A_Male_55_1920__r3c3.jpg,Duodenum_ACVR2A_Male_55_1920.jpg,3,3,1
loc_tiles/Duodenum_ACVR2A_Male_55_1920__r3c4.jpg,Duodenum_ACVR2A_Male_55_1920__r3c4.jpg,Duodenum_ACVR2A_Male_55_1920.jpg,3,4,1
loc_tiles/Duodenum_ACVR2A_Male_55_1920__r3c5.jpg,Duodenum_ACVR2A_Male_55_1920__r3c5.jpg,Duodenum_ACVR2A_Male_55_1920.jpg,3,5,1
loc_tiles/Duodenum_ACVR2A_Male_55_1920__r3c6.jpg,Duodenum_ACVR2A_Male_55_1920__r3c6.jpg,Duodenum_ACVR2A_Male_55_1920.jpg,3,6,1
loc_tiles/Duodenum_ACVR2A_Male_55_1920__r3c7.jpg,Duodenum_ACVR2A_Male_55_1920__r3c7.jpg,Duodenum_ACVR2A_Male_55_1920.jpg,3,7,1
loc_tiles/Duodenum_ACVR2A_Male_55_1920__r4c0.jpg,Duodenum_ACVR2A_Male_55_1920__r4c0.jpg,Duodenum_ACVR2A_Male_55_1920.jpg,4,0,1
loc_tiles/Duodenum_ACVR2A_Male_55_1920__r4c1.jpg,Duodenum_ACVR2A_Male_55_1920__r4c1.jpg,Duodenum_ACVR2A_Male_55_1920.jpg,4,1,1
loc_tiles/Duodenum_ACVR2A_Male_55_1920__r4c2.jpg,Duodenum_ACVR2A_Male_55_1920__r4c2.jpg,Duodenum_ACVR2A_Male_55_1920.jpg,4,2,1
loc_tiles/Duodenum_ACVR2A_Male_55_1920__r4c3.jpg,Duodenum_ACVR2A_Male_55_1920__r4c3.jpg,Duodenum_ACVR2A_Male_55_1920.jpg,4,3,1
loc_tiles/Duodenum_ACVR2A_Male_55_1920__r4c4.jpg,Duodenum_ACVR2A_Male_55_1920__r4c4.jpg,Duodenum_ACVR2A_Male_55_1920.jpg,4,4,1
loc_tiles/Duodenum_ACVR2A_Male_55_1920__r4c5.jpg,Duodenum_ACVR2A_Male_55_1920__r4c5.jpg,Duodenum_ACVR2A_Male_55_1920.jpg,4,5,1
loc_tiles/Duodenum_ACVR2A_Male_55_1920__r4c6.jpg,Duodenum_ACVR2A_Male_55_1920__r4c6.jpg,Duodenum_ACVR2A_Male_55_1920.jpg,4,6,1
loc_tiles/Duodenum_ACVR2A_Male_55_1920__r4c7.jpg,Duodenum_ACVR2A_Male_55_1920__r4c7.jpg,Duodenum_ACVR2A_Male_55_1920.jpg,4,7,1
loc_tiles/Duodenum_ACVR2A_Male_55_1920__r5c0.jpg,Duodenum_ACVR2A_Male_55_1920__r5c0.jpg,Duodenum_ACVR2A_Male_55_1920.jpg,5,0,1
loc_tiles/Duodenum_ACVR2A_Male_55_1920__r5c1.jpg,Duodenum_ACVR2A_Male_55_1920__r5c1.jpg,Duodenum_ACVR2A_Male_55_1920.jpg,5,1,1
loc_tiles/Duodenum_ACVR2A_Male_55_1920__r5c2.jpg,Duodenum_ACVR2A_Male_55_1920__r5c2.jpg,Duodenum_ACVR2A_Male_55_1920.jpg,5,2,1
loc_tiles/Duodenum_ACVR2A_Male_55_1920__r5c3.jpg,Duodenum_ACVR2A_Male_55_1920__r5c3.jpg,Duodenum_ACVR2A_Male_55_1920.jpg,5,3,1
loc_tiles/Duodenum_ACVR2A_Male_55_1920__r5c4.jpg,Duodenum_ACVR2A_Male_55_1920__r5c4.jpg,Duodenum_ACVR2A_Male_55_1920.jpg,5,4,1
loc_tiles/Duodenum_ACVR2A_Male_55_1920__r5c5.jpg,Duodenum_ACVR2A_Male_55_1920__r5c5.jpg,Duodenum_ACVR2A_Male_55_1920.jpg,5,5,1
loc_tiles/Duodenum_ACVR2A_Male_55_1920__r5c6.jpg,Duodenum_ACVR2A_Male_55_1920__r5c6.jpg,Duodenum_ACVR2A_Male_55_1920.jpg,5,6,1
loc_tiles/Duodenum_ACVR2A_Male_55_1920__r5c7.jpg,Duodenum_ACVR2A_Male_55_1920__r5c7.jpg,Duodenum_ACVR2A_Male_55_1920.jpg,5,7,1
loc_tiles/Duodenum_ACVR2A_Male_55_1920__r6c0.jpg,Duodenum_ACVR2A_Male_55_1920__r6c0.jpg,Duodenum_ACVR2A_Male_55_1920.jpg,6,0,1
loc_tiles/Duodenum_ACVR2A_Male_55_1920__r6c1.jpg,Duodenum_ACVR2A_Male_55_1920__r6c1.jpg,Duodenum_ACVR2A_Male_55_1920.jpg,6,1,1
loc_tiles/Duodenum_ACVR2A_Male_55_1920__r6c2.jpg,Duodenum_ACVR2A_Male_55_1920__r6c2.jpg,Duodenum_ACVR2A_Male_55_1920.jpg,6,2,1
loc_tiles/Duodenum_ACVR2A_Male_55_1920__r6c3.jpg,Duodenum_ACVR2A_Male_55_1920__r6c3.jpg,Duodenum_ACVR2A_Male_55_1920.jpg,6,3,1
loc_tiles/Duodenum_ACVR2A_Male_55_1920__r6c4.jpg,Duodenum_ACVR2A_Male_55_1920__r6c4.jpg,Duodenum_ACVR2A_Male_55_1920.jpg,6,4,1
loc_tiles/Duodenum_ACVR2A_Male_55_1920__r6c5.jpg,Duodenum_ACVR2A_Male_55_1920__r6c5.jpg,Duodenum_ACVR2A_Male_55_1920.jpg,6,5,1
loc_tiles/Duodenum_ACVR2A_Male_55_1920__r6c6.jpg,Duodenum_ACVR2A_Male_55_1920__r6c6.jpg,Duodenum_ACVR2A_Male_55_1920.jpg,6,6,1
loc_tiles/Duodenum_ACVR2A_Male_55_1920__r6c7.jpg,Duodenum_ACVR2A_Male_55_1920__r6c7.jpg,Duodenum_ACVR2A_Male_55_1920.jpg,6,7,1
loc_tiles/Duodenum_ACVR2A_Male_55_1920__r7c0.jpg,Duodenum_ACVR2A_Male_55_1920__r7c0.jpg,Duodenum_ACVR2A_Male_55_1920.jpg,7,0,1
loc_tiles/Duodenum_ACVR2A_Male_55_1920__r7c1.jpg,Duodenum_ACVR2A_Male_55_1920__r7c1.jpg,Duodenum_ACVR2A_Male_55_1920.jpg,7,1,1
loc_tiles/Duodenum_ACVR2A_Male_55_1920__r7c2.jpg,Duodenum_ACVR2A_Male_55_1920__r7c2.jpg,Duodenum_ACVR2A_Male_55_1920.jpg,7,2,1
loc_tiles/Duodenum_ACVR2A_Male_55_1920__r7c3.jpg,Duodenum_ACVR2A_Male_55_1920__r7c3.jpg,Duodenum_ACVR2A_Male_55_1920.jpg,7,3,1
loc_tiles/Duodenum_ACVR2A_Male_55_1920__r7c4.jpg,Duodenum_ACVR2A_Male_55_1920__r7c4.jpg,Duodenum_ACVR2A_Male_55_1920.jpg,7,4,1
loc_tiles/Duodenum_ACVR2A_Male_55_1920__r7c5.jpg,Duodenum_ACVR2A_Male_55_1920__r7c5.jpg,Duodenum_ACVR2A_Male_55_1920.jpg,7,5,1
loc_tiles/Duodenum_ACVR2A_Male_55_1920__r7c6.jpg,Duodenum_ACVR2A_Male_55_1920__r7c6.jpg,Duodenum_ACVR2A_Male_55_1920.jpg,7,6,1
loc_tiles/Duodenum_ACVR2A_Male_55_1920__r7c7.jpg,Duodenum_ACVR2A_Male_55_1920__r7c7.jpg,Duodenum_ACVR2A_Male_55_1920.jpg,7,7,1
loc_tiles/Small_intestine_ABCD3_Female_56_1499__r0c0.jpg,Small_intestine_ABCD3_Female_56_1499__r0c0.jpg,Small_intestine_ABCD3_Female_56_1499.jpg,0,0,2
loc_tiles/Small_intestine_ABCD3_Female_56_1499__r0c1.jpg,Small_intestine_ABCD3_Female_56_1499__r0c1.jpg,Small_intestine_ABCD3_Female_56_1499.jpg,0,1,2
loc_tiles/Small_intestine_ABCD3_Female_56_1499__r0c2.jpg,Small_intestine_ABCD3_Female_56_1499__r0c2.jpg,Small_intestine_ABCD3_Female_56_1499.jpg,0,2,2
loc_tiles/Small_intestine_ABCD3_Female_56_1499__r0c3.jpg,Small_intestine_ABCD3_Female_56_1499__r0c3.jpg,Small_intestine_ABCD3_Female_56_1499.jpg,0,3,2
loc_tiles/Small_intestine_ABCD3_Female_56_1499__r0c4.jpg,Small_intestine_ABCD3_Female_56_1499__r0c4.jpg,Small_intestine_ABCD3_Female_56_1499.jpg,0,4,2
loc_tiles/Small_intestine_ABCD3_Female_56_1499__r0c5.jpg,Small_intestine_ABCD3_Female_56_1499__r0c5.jpg,Small_intestine_ABCD3_Female_56_1499.jpg,0,5,2
loc_tiles/Small_intestine_ABCD3_Female_56_1499__r0c6.jpg,Small_intestine_ABCD3_Female_56_1499__r0c6.jpg,Small_intestine_ABCD3_Female_56_1499.jpg,0,6,2
loc_tiles/Small_intestine_ABCD3_Female_56_1499__r0c7.jpg,Small_intestine_ABCD3_Female_56_1499__r0c7.jpg,Small_intestine_ABCD3_Female_56_1499.jpg,0,7,2
loc_tiles/Small_intestine_ABCD3_Female_56_1499__r1c0.jpg,Small_intestine_ABCD3_Female_56_1499__r1c0.jpg,Small_intestine_ABCD3_Female_56_1499.jpg,1,0,2
loc_tiles/Small_intestine_ABCD3_Female_56_1499__r1c1.jpg,Small_intestine_ABCD3_Female_56_1499__r1c1.jpg,Small_intestine_ABCD3_Female_56_1499.jpg,1,1,2
loc_tiles/Small_intestine_ABCD3_Female_56_1499__r1c2.jpg,Small_intestine_ABCD3_Female_56_1499__r1c2.jpg,Small_intestine_ABCD3_Female_56_1499.jpg,1,2,2
loc_tiles/Small_intestine_ABCD3_Female_56_1499__r1c3.jpg,Small_intestine_ABCD3_Female_56_1499__r1c3.jpg,Small_intestine_ABCD3_Female_56_1499.jpg,1,3,2
loc_tiles/Small_intestine_ABCD3_Female_56_1499__r1c4.jpg,Small_intestine_ABCD3_Female_56_1499__r1c4.jpg,Small_intestine_ABCD3_Female_56_1499.jpg,1,4,2
loc_tiles/Small_intestine_ABCD3_Female_56_1499__r1c5.jpg,Small_intestine_ABCD3_Female_56_1499__r1c5.jpg,Small_intestine_ABCD3_Female_56_1499.jpg,1,5,2
loc_tiles/Small_intestine_ABCD3_Female_56_1499__r1c6.jpg,Small_intestine_ABCD3_Female_56_1499__r1c6.jpg,Small_intestine_ABCD3_Female_56_1499.jpg,1,6,2
loc_tiles/Small_intestine_ABCD3_Female_56_1499__r1c7.jpg,Small_intestine_ABCD3_Female_56_1499__r1c7.jpg,Small_intestine_ABCD3_Female_56_1499.jpg,1,7,2
loc_tiles/Small_intestine_ABCD3_Female_56_1499__r2c0.jpg,Small_intestine_ABCD3_Female_56_1499__r2c0.jpg,Small_intestine_ABCD3_Female_56_1499.jpg,2,0,2
loc_tiles/Small_intestine_ABCD3_Female_56_1499__r2c1.jpg,Small_intestine_ABCD3_Female_56_1499__r2c1.jpg,Small_intestine_ABCD3_Female_56_1499.jpg,2,1,2
loc_tiles/Small_intestine_ABCD3_Female_56_1499__r2c2.jpg,Small_intestine_ABCD3_Female_56_1499__r2c2.jpg,Small_intestine_ABCD3_Female_56_1499.jpg,2,2,2
loc_tiles/Small_intestine_ABCD3_Female_56_1499__r2c3.jpg,Small_intestine_ABCD3_Female_56_1499__r2c3.jpg,Small_intestine_ABCD3_Female_56_1499.jpg,2,3,2
loc_tiles/Small_intestine_ABCD3_Female_56_1499__r2c4.jpg,Small_intestine_ABCD3_Female_56_1499__r2c4.jpg,Small_intestine_ABCD3_Female_56_1499.jpg,2,4,2
loc_tiles/Small_intestine_ABCD3_Female_56_1499__r2c5.jpg,Small_intestine_ABCD3_Female_56_1499__r2c5.jpg,Small_intestine_ABCD3_Female_56_1499.jpg,2,5,2
loc_tiles/Small_intestine_ABCD3_Female_56_1499__r2c6.jpg,Small_intestine_ABCD3_Female_56_1499__r2c6.jpg,Small_intestine_ABCD3_Female_56_1499.jpg,2,6,2
loc_tiles/Small_intestine_ABCD3_Female_56_1499__r2c7.jpg,Small_intestine_ABCD3_Female_56_1499__r2c7.jpg,Small_intestine_ABCD3_Female_56_1499.jpg,2,7,2
loc_tiles/Small_intestine_ABCD3_Female_56_1499__r3c0.jpg,Small_intestine_ABCD3_Female_56_1499__r3c0.jpg,Small_intestine_ABCD3_Female_56_1499.jpg,3,0,2
loc_tiles/Small_intestine_ABCD3_Female_56_1499__r3c1.jpg,Small_intestine_ABCD3_Female_56_1499__r3c1.jpg,Small_intestine_ABCD3_Female_56_1499.jpg,3,1,2
loc_tiles/Small_intestine_ABCD3_Female_56_1499__r3c2.jpg,Small_intestine_ABCD3_Female_56_1499__r3c2.jpg,Small_intestine_ABCD3_Female_56_1499.jpg,3,2,2
loc_tiles/Small_intestine_ABCD3_Female_56_1499__r3c3.jpg,Small_intestine_ABCD3_Female_56_1499__r3c3.jpg,Small_intestine_ABCD3_Female_56_1499.jpg,3,3,2
loc_tiles/Small_intestine_ABCD3_Female_56_1499__r3c4.jpg,Small_intestine_ABCD3_Female_56_1499__r3c4.jpg,Small_intestine_ABCD3_Female_56_1499.jpg,3,4,2
loc_tiles/Small_intestine_ABCD3_Female_56_1499__r3c5.jpg,Small_intestine_ABCD3_Female_56_1499__r3c5.jpg,Small_intestine_ABCD3_Female_56_1499.jpg,3,5,2
loc_tiles/Small_intestine_ABCD3_Female_56_1499__r3c6.jpg,Small_intestine_ABCD3_Female_56_1499__r3c6.jpg,Small_intestine_ABCD3_Female_56_1499.jpg,3,6,2
loc_tiles/Small_intestine_ABCD3_Female_56_1499__r3c7.jpg,Small_intestine_ABCD3_Female_56_1499__r3c7.jpg,Small_intestine_ABCD3_Female_56_1499.jpg,3,7,2
loc_tiles/Small_intestine_ABCD3_Female_56_1499__r4c0.jpg,Small_intestine_ABCD3_Female_56_1499__r4c0.jpg,Small_intestine_ABCD3_Female_56_1499.jpg,4,0,2
loc_tiles/Small_intestine_ABCD3_Female_56_1499__r4c1.jpg,Small_intestine_ABCD3_Female_56_1499__r4c1.jpg,Small_intestine_ABCD3_Female_56_1499.jpg,4,1,2
loc_tiles/Small_intestine_ABCD3_Female_56_1499__r4c2.jpg,Small_intestine_ABCD3_Female_56_1499__r4c2.jpg,Small_intestine_ABCD3_Female_56_1499.jpg,4,2,2
loc_tiles/Small_intestine_ABCD3_Female_56_1499__r4c3.jpg,Small_intestine_ABCD3_Female_56_1499__r4c3.jpg,Small_intestine_ABCD3_Female_56_1499.jpg,4,3,2
loc_tiles/Small_intestine_ABCD3_Female_56_1499__r4c4.jpg,Small_intestine_ABCD3_Female_56_1499__r4c4.jpg,Small_intestine_ABCD3_Female_56_1499.jpg,4,4,2
loc_tiles/Small_intestine_ABCD3_Female_56_1499__r4c5.jpg,Small_intestine_ABCD3_Female_56_1499__r4c5.jpg,Small_intestine_ABCD3_Female_56_1499.jpg,4,5,2
loc_tiles/Small_intestine_ABCD3_Female_56_1499__r4c6.jpg,Small_intestine_ABCD3_Female_56_1499__r4c6.jpg,Small_intestine_ABCD3_Female_56_1499.jpg,4,6,2
loc_tiles/Small_intestine_ABCD3_Female_56_1499__r4c7.jpg,Small_intestine_ABCD3_Female_56_1499__r4c7.jpg,Small_intestine_ABCD3_Female_56_1499.jpg,4,7,2
loc_tiles/Small_intestine_ABCD3_Female_56_1499__r5c0.jpg,Small_intestine_ABCD3_Female_56_1499__r5c0.jpg,Small_intestine_ABCD3_Female_56_1499.jpg,5,0,2
loc_tiles/Small_intestine_ABCD3_Female_56_1499__r5c1.jpg,Small_intestine_ABCD3_Female_56_1499__r5c1.jpg,Small_intestine_ABCD3_Female_56_1499.jpg,5,1,2
loc_tiles/Small_intestine_ABCD3_Female_56_1499__r5c2.jpg,Small_intestine_ABCD3_Female_56_1499__r5c2.jpg,Small_intestine_ABCD3_Female_56_1499.jpg,5,2,2
loc_tiles/Small_intestine_ABCD3_Female_56_1499__r5c3.jpg,Small_intestine_ABCD3_Female_56_1499__r5c3.jpg,Small_intestine_ABCD3_Female_56_1499.jpg,5,3,2
loc_tiles/Small_intestine_ABCD3_Female_56_1499__r5c4.jpg,Small_intestine_ABCD3_Female_56_1499__r5c4.jpg,Small_intestine_ABCD3_Female_56_1499.jpg,5,4,2
loc_tiles/Small_intestine_ABCD3_Female_56_1499__r5c5.jpg,Small_intestine_ABCD3_Female_56_1499__r5c5.jpg,Small_intestine_ABCD3_Female_56_1499.jpg,5,5,2
loc_tiles/Small_intestine_ABCD3_Female_56_1499__r5c6.jpg,Small_intestine_ABCD3_Female_56_1499__r5c6.jpg,Small_intestine_ABCD3_Female_56_1499.jpg,5,6,2
loc_tiles/Small_intestine_ABCD3_Female_56_1499__r5c7.jpg,Small_intestine_ABCD3_Female_56_1499__r5c7.jpg,Small_intestine_ABCD3_Female_56_1499.jpg,5,7,2
loc_tiles/Small_intestine_ABCD3_Female_56_1499__r6c0.jpg,Small_intestine_ABCD3_Female_56_1499__r6c0.jpg,Small_intestine_ABCD3_Female_56_1499.jpg,6,0,2
loc_tiles/Small_intestine_ABCD3_Female_56_1499__r6c1.jpg,Small_intestine_ABCD3_Female_56_1499__r6c1.jpg,Small_intestine_ABCD3_Female_56_1499.jpg,6,1,2
loc_tiles/Small_intestine_ABCD3_Female_56_1499__r6c2.jpg,Small_intestine_ABCD3_Female_56_1499__r6c2.jpg,Small_intestine_ABCD3_Female_56_1499.jpg,6,2,2
loc_tiles/Small_intestine_ABCD3_Female_56_1499__r6c3.jpg,Small_intestine_ABCD3_Female_56_1499__r6c3.jpg,Small_intestine_ABCD3_Female_56_1499.jpg,6,3,2
loc_tiles/Small_intestine_ABCD3_Female_56_1499__r6c4.jpg,Small_intestine_ABCD3_Female_56_1499__r6c4.jpg,Small_intestine_ABCD3_Female_56_1499.jpg,6,4,2
loc_tiles/Small_intestine_ABCD3_Female_56_1499__r6c5.jpg,Small_intestine_ABCD3_Female_56_1499__r6c5.jpg,Small_intestine_ABCD3_Female_56_1499.jpg,6,5,2
loc_tiles/Small_intestine_ABCD3_Female_56_1499__r6c6.jpg,Small_intestine_ABCD3_Female_56_1499__r6c6.jpg,Small_intestine_ABCD3_Female_56_1499.jpg,6,6,2
loc_tiles/Small_intestine_ABCD3_Female_56_1499__r6c7.jpg,Small_intestine_ABCD3_Female_56_1499__r6c7.jpg,Small_intestine_ABCD3_Female_56_1499.jpg,6,7,2
loc_tiles/Small_intestine_ABCD3_Female_56_1499__r7c0.jpg,Small_intestine_ABCD3_Female_56_1499__r7c0.jpg,Small_intestine_ABCD3_Female_56_1499.jpg,7,0,2
loc_tiles/Small_intestine_ABCD3_Female_56_1499__r7c1.jpg,Small_intestine_ABCD3_Female_56_1499__r7c1.jpg,Small_intestine_ABCD3_Female_56_1499.jpg,7,1,2
loc_tiles/Small_intestine_ABCD3_Female_56_1499__r7c2.jpg,Small_intestine_ABCD3_Female_56_1499__r7c2.jpg,Small_intestine_ABCD3_Female_56_1499.jpg,7,2,2
loc_tiles/Small_intestine_ABCD3_Female_56_1499__r7c3.jpg,Small_intestine_ABCD3_Female_56_1499__r7c3.jpg,Small_intestine_ABCD3_Female_56_1499.jpg,7,3,2
loc_tiles/Small_intestine_ABCD3_Female_56_1499__r7c4.jpg,Small_intestine_ABCD3_Female_56_1499__r7c4.jpg,Small_intestine_ABCD3_Female_56_1499.jpg,7,4,2
loc_tiles/Small_intestine_ABCD3_Female_56_1499__r7c5.jpg,Small_intestine_ABCD3_Female_56_1499__r7c5.jpg,Small_intestine_ABCD3_Female_56_1499.jpg,7,5,2
loc_tiles/Small_intestine_ABCD3_Female_56_1499__r7c6.jpg,Small_intestine_ABCD3_Female_56_1499__r7c6.jpg,Small_intestine_ABCD3_Female_56_1499.jpg,7,6,2
loc_tiles/Small_intestine_ABCD3_Female_56_1499__r7c7.jpg,Small_intestine_ABCD3_Female_56_1499__r7c7.jpg,Small_intestine_ABCD3_Female_56_1499.jpg,7,7,2
"loc_tiles/Small_intestine,_NOS_ANKRD37_Female_71_3004__r0c0.jpg","Small_intestine,_NOS_ANKRD37_Female_71_3004__r0c0.jpg","Small_intestine,_NOS_ANKRD37_Female_71_3004.jpg",0,0,2
"loc_tiles/Small_intestine,_NOS_ANKRD37_Female_71_3004__r0c1.jpg","Small_intestine,_NOS_ANKRD37_Female_71_3004__r0c1.jpg","Small_intestine,_NOS_ANKRD37_Female_71_3004.jpg",0,1,2
"loc_tiles/Small_intestine,_NOS_ANKRD37_Female_71_3004__r0c2.jpg","Small_intestine,_NOS_ANKRD37_Female_71_3004__r0c2.jpg","Small_intestine,_NOS_ANKRD37_Female_71_3004.jpg",0,2,2
"loc_tiles/Small_intestine,_NOS_ANKRD37_Female_71_3004__r0c3.jpg","Small_intestine,_NOS_ANKRD37_Female_71_3004__r0c3.jpg","Small_intestine,_NOS_ANKRD37_Female_71_3004.jpg",0,3,2
"loc_tiles/Small_intestine,_NOS_ANKRD37_Female_71_3004__r0c4.jpg","Small_intestine,_NOS_ANKRD37_Female_71_3004__r0c4.jpg","Small_intestine,_NOS_ANKRD37_Female_71_3004.jpg",0,4,2
"loc_tiles/Small_intestine,_NOS_ANKRD37_Female_71_3004__r0c5.jpg","Small_intestine,_NOS_ANKRD37_Female_71_3004__r0c5.jpg","Small_intestine,_NOS_ANKRD37_Female_71_3004.jpg",0,5,2
"loc_tiles/Small_intestine,_NOS_ANKRD37_Female_71_3004__r0c6.jpg","Small_intestine,_NOS_ANKRD37_Female_71_3004__r0c6.jpg","Small_intestine,_NOS_ANKRD37_Female_71_3004.jpg",0,6,2
"loc_tiles/Small_intestine,_NOS_ANKRD37_Female_71_3004__r0c7.jpg","Small_intestine,_NOS_ANKRD37_Female_71_3004__r0c7.jpg","Small_intestine,_NOS_ANKRD37_Female_71_3004.jpg",0,7,2
"loc_tiles/Small_intestine,_NOS_ANKRD37_Female_71_3004__r1c0.jpg","Small_intestine,_NOS_ANKRD37_Female_71_3004__r1c0.jpg","Small_intestine,_NOS_ANKRD37_Female_71_3004.jpg",1,0,2
"loc_tiles/Small_intestine,_NOS_ANKRD37_Female_71_3004__r1c1.jpg","Small_intestine,_NOS_ANKRD37_Female_71_3004__r1c1.jpg","Small_intestine,_NOS_ANKRD37_Female_71_3004.jpg",1,1,2
"loc_tiles/Small_intestine,_NOS_ANKRD37_Female_71_3004__r1c2.jpg","Small_intestine,_NOS_ANKRD37_Female_71_3004__r1c2.jpg","Small_intestine,_NOS_ANKRD37_Female_71_3004.jpg",1,2,2
"loc_tiles/Small_intestine,_NOS_ANKRD37_Female_71_3004__r1c3.jpg","Small_intestine,_NOS_ANKRD37_Female_71_3004__r1c3.jpg","Small_intestine,_NOS_ANKRD37_Female_71_3004.jpg",1,3,2
"loc_tiles/Small_intestine,_NOS_ANKRD37_Female_71_3004__r1c4.jpg","Small_intestine,_NOS_ANKRD37_Female_71_3004__r1c4.jpg","Small_intestine,_NOS_ANKRD37_Female_71_3004.jpg",1,4,2
"loc_tiles/Small_intestine,_NOS_ANKRD37_Female_71_3004__r1c5.jpg","Small_intestine,_NOS_ANKRD37_Female_71_3004__r1c5.jpg","Small_intestine,_NOS_ANKRD37_Female_71_3004.jpg",1,5,2
"loc_tiles/Small_intestine,_NOS_ANKRD37_Female_71_3004__r1c6.jpg","Small_intestine,_NOS_ANKRD37_Female_71_3004__r1c6.jpg","Small_intestine,_NOS_ANKRD37_Female_71_3004.jpg",1,6,2
"loc_tiles/Small_intestine,_NOS_ANKRD37_Female_71_3004__r1c7.jpg","Small_intestine,_NOS_ANKRD37_Female_71_3004__r1c7.jpg","Small_intestine,_NOS_ANKRD37_Female_71_3004.jpg",1,7,2
"loc_tiles/Small_intestine,_NOS_ANKRD37_Female_71_3004__r2c0.jpg","Small_intestine,_NOS_ANKRD37_Female_71_3004__r2c0.jpg","Small_intestine,_NOS_ANKRD37_Female_71_3004.jpg",2,0,2
"loc_tiles/Small_intestine,_NOS_ANKRD37_Female_71_3004__r2c1.jpg","Small_intestine,_NOS_ANKRD37_Female_71_3004__r2c1.jpg","Small_intestine,_NOS_ANKRD37_Female_71_3004.jpg",2,1,2
"loc_tiles/Small_intestine,_NOS_ANKRD37_Female_71_3004__r2c2.jpg","Small_intestine,_NOS_ANKRD37_Female_71_3004__r2c2.jpg","Small_intestine,_NOS_ANKRD37_Female_71_3004.jpg",2,2,2
"loc_tiles/Small_intestine,_NOS_ANKRD37_Female_71_3004__r2c3.jpg","Small_intestine,_NOS_ANKRD37_Female_71_3004__r2c3.jpg","Small_intestine,_NOS_ANKRD37_Female_71_3004.jpg",2,3,2
"loc_tiles/Small_intestine,_NOS_ANKRD37_Female_71_3004__r2c4.jpg","Small_intestine,_NOS_ANKRD37_Female_71_3004__r2c4.jpg","Small_intestine,_NOS_ANKRD37_Female_71_3004.jpg",2,4,2
"loc_tiles/Small_intestine,_NOS_ANKRD37_Female_71_3004__r2c5.jpg","Small_intestine,_NOS_ANKRD37_Female_71_3004__r2c5.jpg","Small_intestine,_NOS_ANKRD37_Female_71_3004.jpg",2,5,2
"loc_tiles/Small_intestine,_NOS_ANKRD37_Female_71_3004__r2c6.jpg","Small_intestine,_NOS_ANKRD37_Female_71_3004__r2c6.jpg","Small_intestine,_NOS_ANKRD37_Female_71_3004.jpg",2,6,2
"loc_tiles/Small_intestine,_NOS_ANKRD37_Female_71_3004__r2c7.jpg","Small_intestine,_NOS_ANKRD37_Female_71_3004__r2c7.jpg","Small_intestine,_NOS_ANKRD37_Female_71_3004.jpg",2,7,2
"loc_tiles/Small_intestine,_NOS_ANKRD37_Female_71_3004__r3c0.jpg","Small_intestine,_NOS_ANKRD37_Female_71_3004__r3c0.jpg","Small_intestine,_NOS_ANKRD37_Female_71_3004.jpg",3,0,2
"loc_tiles/Small_intestine,_NOS_ANKRD37_Female_71_3004__r3c1.jpg","Small_intestine,_NOS_ANKRD37_Female_71_3004__r3c1.jpg","Small_intestine,_NOS_ANKRD37_Female_71_3004.jpg",3,1,2
"loc_tiles/Small_intestine,_NOS_ANKRD37_Female_71_3004__r3c2.jpg","Small_intestine,_NOS_ANKRD37_Female_71_3004__r3c2.jpg","Small_intestine,_NOS_ANKRD37_Female_71_3004.jpg",3,2,2
"loc_tiles/Small_intestine,_NOS_ANKRD37_Female_71_3004__r3c3.jpg","Small_intestine,_NOS_ANKRD37_Female_71_3004__r3c3.jpg","Small_intestine,_NOS_ANKRD37_Female_71_3004.jpg",3,3,2
"loc_tiles/Small_intestine,_NOS_ANKRD37_Female_71_3004__r3c4.jpg","Small_intestine,_NOS_ANKRD37_Female_71_3004__r3c4.jpg","Small_intestine,_NOS_ANKRD37_Female_71_3004.jpg",3,4,2
"loc_tiles/Small_intestine,_NOS_ANKRD37_Female_71_3004__r3c5.jpg","Small_intestine,_NOS_ANKRD37_Female_71_3004__r3c5.jpg","Small_intestine,_NOS_ANKRD37_Female_71_3004.jpg",3,5,2
"loc_tiles/Small_intestine,_NOS_ANKRD37_Female_71_3004__r3c6.jpg","Small_intestine,_NOS_ANKRD37_Female_71_3004__r3c6.jpg","Small_intestine,_NOS_ANKRD37_Female_71_3004.jpg",3,6,2
"loc_tiles/Small_intestine,_NOS_ANKRD37_Female_71_3004__r3c7.jpg","Small_intestine,_NOS_ANKRD37_Female_71_3004__r3c7.jpg","Small_intestine,_NOS_ANKRD37_Female_71_3004.jpg",3,7,2
"loc_tiles/Small_intestine,_NOS_ANKRD37_Female_71_3004__r4c0.jpg","Small_intestine,_NOS_ANKRD37_Female_71_3004__r4c0.jpg","Small_intestine,_NOS_ANKRD37_Female_71_3004.jpg",4,0,2
"loc_tiles/Small_intestine,_NOS_ANKRD37_Female_71_3004__r4c1.jpg","Small_intestine,_NOS_ANKRD37_Female_71_3004__r4c1.jpg","Small_intestine,_NOS_ANKRD37_Female_71_3004.jpg",4,1,2
"loc_tiles/Small_intestine,_NOS_ANKRD37_Female_71_3004__r4c2.jpg","Small_intestine,_NOS_ANKRD37_Female_71_3004__r4c2.jpg","Small_intestine,_NOS_ANKRD37_Female_71_3004.jpg",4,2,2
"loc_tiles/Small_intestine,_NOS_ANKRD37_Female_71_3004__r4c3.jpg","Small_intestine,_NOS_ANKRD37_Female_71_3004__r4c3.jpg","Small_intestine,_NOS_ANKRD37_Female_71_3004.jpg",4,3,2
"loc_tiles/Small_intestine,_NOS_ANKRD37_Female_71_3004__r4c4.jpg","Small_intestine,_NOS_ANKRD37_Female_71_3004__r4c4.jpg","Small_intestine,_NOS_ANKRD37_Female_71_3004.jpg",4,4,2
"loc_tiles/Small_intestine,_NOS_ANKRD37_Female_71_3004__r4c5.jpg","Small_intestine,_NOS_ANKRD37_Female_71_3004__r4c5.jpg","Small_intestine,_NOS_ANKRD37_Female_71_3004.jpg",4,5,2
"loc_tiles/Small_intestine,_NOS_ANKRD37_Female_71_3004__r4c6.jpg","Small_intestine,_NOS_ANKRD37_Female_71_3004__r4c6.jpg","Small_intestine,_NOS_ANKRD37_Female_71_3004.jpg",4,6,2
"loc_tiles/Small_intestine,_NOS_ANKRD37_Female_71_3004__r4c7.jpg","Small_intestine,_NOS_ANKRD37_Female_71_3004__r4c7.jpg","Small_intestine,_NOS_ANKRD37_Female_71_3004.jpg",4,7,2
"loc_tiles/Small_intestine,_NOS_ANKRD37_Female_71_3004__r5c0.jpg","Small_intestine,_NOS_ANKRD37_Female_71_3004__r5c0.jpg","Small_intestine,_NOS_ANKRD37_Female_71_3004.jpg",5,0,2
"loc_tiles/Small_intestine,_NOS_ANKRD37_Female_71_3004__r5c1.jpg","Small_intestine,_NOS_ANKRD37_Female_71_3004__r5c1.jpg","Small_intestine,_NOS_ANKRD37_Female_71_3004.jpg",5,1,2
"loc_tiles/Small_intestine,_NOS_ANKRD37_Female_71_3004__r5c2.jpg","Small_intestine,_NOS_ANKRD37_Female_71_3004__r5c2.jpg","Small_intestine,_NOS_ANKRD37_Female_71_3004.jpg",5,2,2
"loc_tiles/Small_intestine,_NOS_ANKRD37_Female_71_3004__r5c3.jpg","Small_intestine,_NOS_ANKRD37_Female_71_3004__r5c3.jpg","Small_intestine,_NOS_ANKRD37_Female_71_3004.jpg",5,3,2
"loc_tiles/Small_intestine,_NOS_ANKRD37_Female_71_3004__r5c4.jpg","Small_intestine,_NOS_ANKRD37_Female_71_3004__r5c4.jpg","Small_intestine,_NOS_ANKRD37_Female_71_3004.jpg",5,4,2
"loc_tiles/Small_intestine,_NOS_ANKRD37_Female_71_3004__r5c5.jpg","Small_intestine,_NOS_ANKRD37_Female_71_3004__r5c5.jpg","Small_intestine,_NOS_ANKRD37_Female_71_3004.jpg",5,5,2
"loc_tiles/Small_intestine,_NOS_ANKRD37_Female_71_3004__r5c6.jpg","Small_intestine,_NOS_ANKRD37_Female_71_3004__r5c6.jpg","Small_intestine,_NOS_ANKRD37_Female_71_3004.jpg",5,6,2
"loc_tiles/Small_intestine,_NOS_ANKRD37_Female_71_3004__r5c7.jpg","Small_intestine,_NOS_ANKRD37_Female_71_3004__r5c7.jpg","Small_intestine,_NOS_ANKRD37_Female_71_3004.jpg",5,7,2
"loc_tiles/Small_intestine,_NOS_ANKRD37_Female_71_3004__r6c0.jpg","Small_intestine,_NOS_ANKRD37_Female_71_3004__r6c0.jpg","Small_intestine,_NOS_ANKRD37_Female_71_3004.jpg",6,0,2
"loc_tiles/Small_intestine,_NOS_ANKRD37_Female_71_3004__r6c1.jpg","Small_intestine,_NOS_ANKRD37_Female_71_3004__r6c1.jpg","Small_intestine,_NOS_ANKRD37_Female_71_3004.jpg",6,1,2
"loc_tiles/Small_intestine,_NOS_ANKRD37_Female_71_3004__r6c2.jpg","Small_intestine,_NOS_ANKRD37_Female_71_3004__r6c2.jpg","Small_intestine,_NOS_ANKRD37_Female_71_3004.jpg",6,2,2
"loc_tiles/Small_intestine,_NOS_ANKRD37_Female_71_3004__r6c3.jpg","Small_intestine,_NOS_ANKRD37_Female_71_3004__r6c3.jpg","Small_intestine,_NOS_ANKRD37_Female_71_3004.jpg",6,3,2
"loc_tiles/Small_intestine,_NOS_ANKRD37_Female_71_3004__r6c4.jpg","Small_intestine,_NOS_ANKRD37_Female_71_3004__r6c4.jpg","Small_intestine,_NOS_ANKRD37_Female_71_3004.jpg",6,4,2
"loc_tiles/Small_intestine,_NOS_ANKRD37_Female_71_3004__r6c5.jpg","Small_intestine,_NOS_ANKRD37_Female_71_3004__r6c5.jpg","Small_intestine,_NOS_ANKRD37_Female_71_3004.jpg",6,5,2
"loc_tiles/Small_intestine,_NOS_ANKRD37_Female_71_3004__r6c6.jpg","Small_intestine,_NOS_ANKRD37_Female_71_3004__r6c6.jpg","Small_intestine,_NOS_ANKRD37_Female_71_3004.jpg",6,6,2
"loc_tiles/Small_intestine,_NOS_ANKRD37_Female_71_3004__r6c7.jpg","Small_intestine,_NOS_ANKRD37_Female_71_3004__r6c7.jpg","Small_intestine,_NOS_ANKRD37_Female_71_3004.jpg",6,7,2
"loc_tiles/Small_intestine,_NOS_ANKRD37_Female_71_3004__r7c0.jpg","Small_intestine,_NOS_ANKRD37_Female_71_3004__r7c0.jpg","Small_intestine,_NOS_ANKRD37_Female_71_3004.jpg",7,0,2
"loc_tiles/Small_intestine,_NOS_ANKRD37_Female_71_3004__r7c1.jpg","Small_intestine,_NOS_ANKRD37_Female_71_3004__r7c1.jpg","Small_intestine,_NOS_ANKRD37_Female_71_3004.jpg",7,1,2
"loc_tiles/Small_intestine,_NOS_ANKRD37_Female_71_3004__r7c2.jpg","Small_intestine,_NOS_ANKRD37_Female_71_3004__r7c2.jpg","Small_intestine,_NOS_ANKRD37_Female_71_3004.jpg",7,2,2
"loc_tiles/Small_intestine,_NOS_ANKRD37_Female_71_3004__r7c3.jpg","Small_intestine,_NOS_ANKRD37_Female_71_3004__r7c3.jpg","Small_intestine,_NOS_ANKRD37_Female_71_3004.jpg",7,3,2
"loc_tiles/Small_intestine,_NOS_ANKRD37_Female_71_3004__r7c4.jpg","Small_intestine,_NOS_ANKRD37_Female_71_3004__r7c4.jpg","Small_intestine,_NOS_ANKRD37_Female_71_3004.jpg",7,4,2
"loc_tiles/Small_intestine,_NOS_ANKRD37_Female_71_3004__r7c5.jpg","Small_intestine,_NOS_ANKRD37_Female_71_3004__r7c5.jpg","Small_intestine,_NOS_ANKRD37_Female_71_3004.jpg",7,5,2
"loc_tiles/Small_intestine,_NOS_ANKRD37_Female_71_3004__r7c6.jpg","Small_intestine,_NOS_ANKRD37_Female_71_3004__r7c6.jpg","Small_intestine,_NOS_ANKRD37_Female_71_3004.jpg",7,6,2
"loc_tiles/Small_intestine,_NOS_ANKRD37_Female_71_3004__r7c7.jpg","Small_intestine,_NOS_ANKRD37_Female_71_3004__r7c7.jpg","Small_intestine,_NOS_ANKRD37_Female_71_3004.jpg",7,7,2
loc_tiles/Duodenum_API5_Male_54_2562__r0c0.jpg,Duodenum_API5_Male_54_2562__r0c0.jpg,Duodenum_API5_Male_54_2562.jpg,0,0,2
loc_tiles/Duodenum_API5_Male_54_2562__r0c1.jpg,Duodenum_API5_Male_54_2562__r0c1.jpg,Duodenum_API5_Male_54_2562.jpg,0,1,2
loc_tiles/Duodenum_API5_Male_54_2562__r0c2.jpg,Duodenum_API5_Male_54_2562__r0c2.jpg,Duodenum_API5_Male_54_2562.jpg,0,2,2
loc_tiles/Duodenum_API5_Male_54_2562__r0c3.jpg,Duodenum_API5_Male_54_2562__r0c3.jpg,Duodenum_API5_Male_54_2562.jpg,0,3,2
loc_tiles/Duodenum_API5_Male_54_2562__r0c4.jpg,Duodenum_API5_Male_54_2562__r0c4.jpg,Duodenum_API5_Male_54_2562.jpg,0,4,2
loc_tiles/Duodenum_API5_Male_54_2562__r0c5.jpg,Duodenum_API5_Male_54_2562__r0c5.jpg,Duodenum_API5_Male_54_2562.jpg,0,5,2
loc_tiles/Duodenum_API5_Male_54_2562__r0c6.jpg,Duodenum_API5_Male_54_2562__r0c6.jpg,Duodenum_API5_Male_54_2562.jpg,0,6,2
loc_tiles/Duodenum_API5_Male_54_2562__r0c7.jpg,Duodenum_API5_Male_54_2562__r0c7.jpg,Duodenum_API5_Male_54_2562.jpg,0,7,2
loc_tiles/Duodenum_API5_Male_54_2562__r1c0.jpg,Duodenum_API5_Male_54_2562__r1c0.jpg,Duodenum_API5_Male_54_2562.jpg,1,0,2
loc_tiles/Duodenum_API5_Male_54_2562__r1c1.jpg,Duodenum_API5_Male_54_2562__r1c1.jpg,Duodenum_API5_Male_54_2562.jpg,1,1,2
loc_tiles/Duodenum_API5_Male_54_2562__r1c2.jpg,Duodenum_API5_Male_54_2562__r1c2.jpg,Duodenum_API5_Male_54_2562.jpg,1,2,2
loc_tiles/Duodenum_API5_Male_54_2562__r1c3.jpg,Duodenum_API5_Male_54_2562__r1c3.jpg,Duodenum_API5_Male_54_2562.jpg,1,3,2
loc_tiles/Duodenum_API5_Male_54_2562__r1c4.jpg,Duodenum_API5_Male_54_2562__r1c4.jpg,Duodenum_API5_Male_54_2562.jpg,1,4,2
loc_tiles/Duodenum_API5_Male_54_2562__r1c5.jpg,Duodenum_API5_Male_54_2562__r1c5.jpg,Duodenum_API5_Male_54_2562.jpg,1,5,2
loc_tiles/Duodenum_API5_Male_54_2562__r1c6.jpg,Duodenum_API5_Male_54_2562__r1c6.jpg,Duodenum_API5_Male_54_2562.jpg,1,6,2
loc_tiles/Duodenum_API5_Male_54_2562__r1c7.jpg,Duodenum_API5_Male_54_2562__r1c7.jpg,Duodenum_API5_Male_54_2562.jpg,1,7,2
loc_tiles/Duodenum_API5_Male_54_2562__r2c0.jpg,Duodenum_API5_Male_54_2562__r2c0.jpg,Duodenum_API5_Male_54_2562.jpg,2,0,2
loc_tiles/Duodenum_API5_Male_54_2562__r2c1.jpg,Duodenum_API5_Male_54_2562__r2c1.jpg,Duodenum_API5_Male_54_2562.jpg,2,1,2
loc_tiles/Duodenum_API5_Male_54_2562__r2c2.jpg,Duodenum_API5_Male_54_2562__r2c2.jpg,Duodenum_API5_Male_54_2562.jpg,2,2,2
loc_tiles/Duodenum_API5_Male_54_2562__r2c3.jpg,Duodenum_API5_Male_54_2562__r2c3.jpg,Duodenum_API5_Male_54_2562.jpg,2,3,2
loc_tiles/Duodenum_API5_Male_54_2562__r2c4.jpg,Duodenum_API5_Male_54_2562__r2c4.jpg,Duodenum_API5_Male_54_2562.jpg,2,4,2
loc_tiles/Duodenum_API5_Male_54_2562__r2c5.jpg,Duodenum_API5_Male_54_2562__r2c5.jpg,Duodenum_API5_Male_54_2562.jpg,2,5,2
loc_tiles/Duodenum_API5_Male_54_2562__r2c6.jpg,Duodenum_API5_Male_54_2562__r2c6.jpg,Duodenum_API5_Male_54_2562.jpg,2,6,2
loc_tiles/Duodenum_API5_Male_54_2562__r2c7.jpg,Duodenum_API5_Male_54_2562__r2c7.jpg,Duodenum_API5_Male_54_2562.jpg,2,7,2
loc_tiles/Duodenum_API5_Male_54_2562__r3c0.jpg,Duodenum_API5_Male_54_2562__r3c0.jpg,Duodenum_API5_Male_54_2562.jpg,3,0,2
loc_tiles/Duodenum_API5_Male_54_2562__r3c1.jpg,Duodenum_API5_Male_54_2562__r3c1.jpg,Duodenum_API5_Male_54_2562.jpg,3,1,2
loc_tiles/Duodenum_API5_Male_54_2562__r3c2.jpg,Duodenum_API5_Male_54_2562__r3c2.jpg,Duodenum_API5_Male_54_2562.jpg,3,2,2
loc_tiles/Duodenum_API5_Male_54_2562__r3c3.jpg,Duodenum_API5_Male_54_2562__r3c3.jpg,Duodenum_API5_Male_54_2562.jpg,3,3,2
loc_tiles/Duodenum_API5_Male_54_2562__r3c4.jpg,Duodenum_API5_Male_54_2562__r3c4.jpg,Duodenum_API5_Male_54_2562.jpg,3,4,2
loc_tiles/Duodenum_API5_Male_54_2562__r3c5.jpg,Duodenum_API5_Male_54_2562__r3c5.jpg,Duodenum_API5_Male_54_2562.jpg,3,5,2
loc_tiles/Duodenum_API5_Male_54_2562__r3c6.jpg,Duodenum_API5_Male_54_2562__r3c6.jpg,Duodenum_API5_Male_54_2562.jpg,3,6,2
loc_tiles/Duodenum_API5_Male_54_2562__r3c7.jpg,Duodenum_API5_Male_54_2562__r3c7.jpg,Duodenum_API5_Male_54_2562.jpg,3,7,2
loc_tiles/Duodenum_API5_Male_54_2562__r4c0.jpg,Duodenum_API5_Male_54_2562__r4c0.jpg,Duodenum_API5_Male_54_2562.jpg,4,0,2
loc_tiles/Duodenum_API5_Male_54_2562__r4c1.jpg,Duodenum_API5_Male_54_2562__r4c1.jpg,Duodenum_API5_Male_54_2562.jpg,4,1,2
loc_tiles/Duodenum_API5_Male_54_2562__r4c2.jpg,Duodenum_API5_Male_54_2562__r4c2.jpg,Duodenum_API5_Male_54_2562.jpg,4,2,2
loc_tiles/Duodenum_API5_Male_54_2562__r4c3.jpg,Duodenum_API5_Male_54_2562__r4c3.jpg,Duodenum_API5_Male_54_2562.jpg,4,3,2
loc_tiles/Duodenum_API5_Male_54_2562__r4c4.jpg,Duodenum_API5_Male_54_2562__r4c4.jpg,Duodenum_API5_Male_54_2562.jpg,4,4,2
loc_tiles/Duodenum_API5_Male_54_2562__r4c5.jpg,Duodenum_API5_Male_54_2562__r4c5.jpg,Duodenum_API5_Male_54_2562.jpg,4,5,2
loc_tiles/Duodenum_API5_Male_54_2562__r4c6.jpg,Duodenum_API5_Male_54_2562__r4c6.jpg,Duodenum_API5_Male_54_2562.jpg,4,6,2
loc_tiles/Duodenum_API5_Male_54_2562__r4c7.jpg,Duodenum_API5_Male_54_2562__r4c7.jpg,Duodenum_API5_Male_54_2562.jpg,4,7,2
loc_tiles/Duodenum_API5_Male_54_2562__r5c0.jpg,Duodenum_API5_Male_54_2562__r5c0.jpg,Duodenum_API5_Male_54_2562.jpg,5,0,2
loc_tiles/Duodenum_API5_Male_54_2562__r5c1.jpg,Duodenum_API5_Male_54_2562__r5c1.jpg,Duodenum_API5_Male_54_2562.jpg,5,1,2
loc_tiles/Duodenum_API5_Male_54_2562__r5c2.jpg,Duodenum_API5_Male_54_2562__r5c2.jpg,Duodenum_API5_Male_54_2562.jpg,5,2,2
loc_tiles/Duodenum_API5_Male_54_2562__r5c3.jpg,Duodenum_API5_Male_54_2562__r5c3.jpg,Duodenum_API5_Male_54_2562.jpg,5,3,2
loc_tiles/Duodenum_API5_Male_54_2562__r5c4.jpg,Duodenum_API5_Male_54_2562__r5c4.jpg,Duodenum_API5_Male_54_2562.jpg,5,4,2
loc_tiles/Duodenum_API5_Male_54_2562__r5c5.jpg,Duodenum_API5_Male_54_2562__r5c5.jpg,Duodenum_API5_Male_54_2562.jpg,5,5,2
loc_tiles/Duodenum_API5_Male_54_2562__r5c6.jpg,Duodenum_API5_Male_54_2562__r5c6.jpg,Duodenum_API5_Male_54_2562.jpg,5,6,2
loc_tiles/Duodenum_API5_Male_54_2562__r5c7.jpg,Duodenum_API5_Male_54_2562__r5c7.jpg,Duodenum_API5_Male_54_2562.jpg,5,7,2
loc_tiles/Duodenum_API5_Male_54_2562__r6c0.jpg,Duodenum_API5_Male_54_2562__r6c0.jpg,Duodenum_API5_Male_54_2562.jpg,6,0,2
loc_tiles/Duodenum_API5_Male_54_2562__r6c1.jpg,Duodenum_API5_Male_54_2562__r6c1.jpg,Duodenum_API5_Male_54_2562.jpg,6,1,2
loc_tiles/Duodenum_API5_Male_54_2562__r6c2.jpg,Duodenum_API5_Male_54_2562__r6c2.jpg,Duodenum_API5_Male_54_2562.jpg,6,2,2
loc_tiles/Duodenum_API5_Male_54_2562__r6c3.jpg,Duodenum_API5_Male_54_2562__r6c3.jpg,Duodenum_API5_Male_54_2562.jpg,6,3,2
loc_tiles/Duodenum_API5_Male_54_2562__r6c4.jpg,Duodenum_API5_Male_54_2562__r6c4.jpg,Duodenum_API5_Male_54_2562.jpg,6,4,2
loc_tiles/Duodenum_API5_Male_54_2562__r6c5.jpg,Duodenum_API5_Male_54_2562__r6c5.jpg,Duodenum_API5_Male_54_2562.jpg,6,5,2
loc_tiles/Duodenum_API5_Male_54_2562__r6c6.jpg,Duodenum_API5_Male_54_2562__r6c6.jpg,Duodenum_API5_Male_54_2562.jpg,6,6,2
loc_tiles/Duodenum_API5_Male_54_2562__r6c7.jpg,Duodenum_API5_Male_54_2562__r6c7.jpg,Duodenum_API5_Male_54_2562.jpg,6,7,2
loc_tiles/Duodenum_API5_Male_54_2562__r7c0.jpg,Duodenum_API5_Male_54_2562__r7c0.jpg,Duodenum_API5_Male_54_2562.jpg,7,0,2
loc_tiles/Duodenum_API5_Male_54_2562__r7c1.jpg,Duodenum_API5_Male_54_2562__r7c1.jpg,Duodenum_API5_Male_54_2562.jpg,7,1,2
loc_tiles/Duodenum_API5_Male_54_2562__r7c2.jpg,Duodenum_API5_Male_54_2562__r7c2.jpg,Duodenum_API5_Male_54_2562.jpg,7,2,2
loc_tiles/Duodenum_API5_Male_54_2562__r7c3.jpg,Duodenum_API5_Male_54_2562__r7c3.jpg,Duodenum_API5_Male_54_2562.jpg,7,3,2
loc_tiles/Duodenum_API5_Male_54_2562__r7c4.jpg,Duodenum_API5_Male_54_2562__r7c4.jpg,Duodenum_API5_Male_54_2562.jpg,7,4,2
loc_tiles/Duodenum_API5_Male_54_2562__r7c5.jpg,Duodenum_API5_Male_54_2562__r7c5.jpg,Duodenum_API5_Male_54_2562.jpg,7,5,2
loc_tiles/Duodenum_API5_Male_54_2562__r7c6.jpg,Duodenum_API5_Male_54_2562__r7c6.jpg,Duodenum_API5_Male_54_2562.jpg,7,6,2
loc_tiles/Duodenum_API5_Male_54_2562__r7c7.jpg,Duodenum_API5_Male_54_2562__r7c7.jpg,Duodenum_API5_Male_54_2562.jpg,7,7,2
loc_tiles/Duodenum_DHRS1_Male_73_64__r0c0.jpg,Duodenum_DHRS1_Male_73_64__r0c0.jpg,Duodenum_DHRS1_Male_73_64.jpg,0,0,2
loc_tiles/Duodenum_DHRS1_Male_73_64__r0c1.jpg,Duodenum_DHRS1_Male_73_64__r0c1.jpg,Duodenum_DHRS1_Male_73_64.jpg,0,1,2
loc_tiles/Duodenum_DHRS1_Male_73_64__r0c2.jpg,Duodenum_DHRS1_Male_73_64__r0c2.jpg,Duodenum_DHRS1_Male_73_64.jpg,0,2,2
loc_tiles/Duodenum_DHRS1_Male_73_64__r0c3.jpg,Duodenum_DHRS1_Male_73_64__r0c3.jpg,Duodenum_DHRS1_Male_73_64.jpg,0,3,2
loc_tiles/Duodenum_DHRS1_Male_73_64__r0c4.jpg,Duodenum_DHRS1_Male_73_64__r0c4.jpg,Duodenum_DHRS1_Male_73_64.jpg,0,4,2
loc_tiles/Duodenum_DHRS1_Male_73_64__r0c5.jpg,Duodenum_DHRS1_Male_73_64__r0c5.jpg,Duodenum_DHRS1_Male_73_64.jpg,0,5,2
loc_tiles/Duodenum_DHRS1_Male_73_64__r0c6.jpg,Duodenum_DHRS1_Male_73_64__r0c6.jpg,Duodenum_DHRS1_Male_73_64.jpg,0,6,2
loc_tiles/Duodenum_DHRS1_Male_73_64__r0c7.jpg,Duodenum_DHRS1_Male_73_64__r0c7.jpg,Duodenum_DHRS1_Male_73_64.jpg,0,7,2
loc_tiles/Duodenum_DHRS1_Male_73_64__r1c0.jpg,Duodenum_DHRS1_Male_73_64__r1c0.jpg,Duodenum_DHRS1_Male_73_64.jpg,1,0,2
loc_tiles/Duodenum_DHRS1_Male_73_64__r1c1.jpg,Duodenum_DHRS1_Male_73_64__r1c1.jpg,Duodenum_DHRS1_Male_73_64.jpg,1,1,2
loc_tiles/Duodenum_DHRS1_Male_73_64__r1c2.jpg,Duodenum_DHRS1_Male_73_64__r1c2.jpg,Duodenum_DHRS1_Male_73_64.jpg,1,2,2
loc_tiles/Duodenum_DHRS1_Male_73_64__r1c3.jpg,Duodenum_DHRS1_Male_73_64__r1c3.jpg,Duodenum_DHRS1_Male_73_64.jpg,1,3,2
loc_tiles/Duodenum_DHRS1_Male_73_64__r1c4.jpg,Duodenum_DHRS1_Male_73_64__r1c4.jpg,Duodenum_DHRS1_Male_73_64.jpg,1,4,2
loc_tiles/Duodenum_DHRS1_Male_73_64__r1c5.jpg,Duodenum_DHRS1_Male_73_64__r1c5.jpg,Duodenum_DHRS1_Male_73_64.jpg,1,5,2
loc_tiles/Duodenum_DHRS1_Male_73_64__r1c6.jpg,Duodenum_DHRS1_Male_73_64__r1c6.jpg,Duodenum_DHRS1_Male_73_64.jpg,1,6,2
loc_tiles/Duodenum_DHRS1_Male_73_64__r1c7.jpg,Duodenum_DHRS1_Male_73_64__r1c7.jpg,Duodenum_DHRS1_Male_73_64.jpg,1,7,2
loc_tiles/Duodenum_DHRS1_Male_73_64__r2c0.jpg,Duodenum_DHRS1_Male_73_64__r2c0.jpg,Duodenum_DHRS1_Male_73_64.jpg,2,0,2
loc_tiles/Duodenum_DHRS1_Male_73_64__r2c1.jpg,Duodenum_DHRS1_Male_73_64__r2c1.jpg,Duodenum_DHRS1_Male_73_64.jpg,2,1,2
loc_tiles/Duodenum_DHRS1_Male_73_64__r2c2.jpg,Duodenum_DHRS1_Male_73_64__r2c2.jpg,Duodenum_DHRS1_Male_73_64.jpg,2,2,2
loc_tiles/Duodenum_DHRS1_Male_73_64__r2c3.jpg,Duodenum_DHRS1_Male_73_64__r2c3.jpg,Duodenum_DHRS1_Male_73_64.jpg,2,3,2
loc_tiles/Duodenum_DHRS1_Male_73_64__r2c4.jpg,Duodenum_DHRS1_Male_73_64__r2c4.jpg,Duodenum_DHRS1_Male_73_64.jpg,2,4,2
loc_tiles/Duodenum_DHRS1_Male_73_64__r2c5.jpg,Duodenum_DHRS1_Male_73_64__r2c5.jpg,Duodenum_DHRS1_Male_73_64.jpg,2,5,2
loc_tiles/Duodenum_DHRS1_Male_73_64__r2c6.jpg,Duodenum_DHRS1_Male_73_64__r2c6.jpg,Duodenum_DHRS1_Male_73_64.jpg,2,6,2
loc_tiles/Duodenum_DHRS1_Male_73_64__r2c7.jpg,Duodenum_DHRS1_Male_73_64__r2c7.jpg,Duodenum_DHRS1_Male_73_64.jpg,2,7,2
loc_tiles/Duodenum_DHRS1_Male_73_64__r3c0.jpg,Duodenum_DHRS1_Male_73_64__r3c0.jpg,Duodenum_DHRS1_Male_73_64.jpg,3,0,2
loc_tiles/Duodenum_DHRS1_Male_73_64__r3c1.jpg,Duodenum_DHRS1_Male_73_64__r3c1.jpg,Duodenum_DHRS1_Male_73_64.jpg,3,1,2
loc_tiles/Duodenum_DHRS1_Male_73_64__r3c2.jpg,Duodenum_DHRS1_Male_73_64__r3c2.jpg,Duodenum_DHRS1_Male_73_64.jpg,3,2,2
loc_tiles/Duodenum_DHRS1_Male_73_64__r3c3.jpg,Duodenum_DHRS1_Male_73_64__r3c3.jpg,Duodenum_DHRS1_Male_73_64.jpg,3,3,2
loc_tiles/Duodenum_DHRS1_Male_73_64__r3c4.jpg,Duodenum_DHRS1_Male_73_64__r3c4.jpg,Duodenum_DHRS1_Male_73_64.jpg,3,4,2
loc_tiles/Duodenum_DHRS1_Male_73_64__r3c5.jpg,Duodenum_DHRS1_Male_73_64__r3c5.jpg,Duodenum_DHRS1_Male_73_64.jpg,3,5,2
loc_tiles/Duodenum_DHRS1_Male_73_64__r3c6.jpg,Duodenum_DHRS1_Male_73_64__r3c6.jpg,Duodenum_DHRS1_Male_73_64.jpg,3,6,2
loc_tiles/Duodenum_DHRS1_Male_73_64__r3c7.jpg,Duodenum_DHRS1_Male_73_64__r3c7.jpg,Duodenum_DHRS1_Male_73_64.jpg,3,7,2
loc_tiles/Duodenum_DHRS1_Male_73_64__r4c0.jpg,Duodenum_DHRS1_Male_73_64__r4c0.jpg,Duodenum_DHRS1_Male_73_64.jpg,4,0,2
loc_tiles/Duodenum_DHRS1_Male_73_64__r4c1.jpg,Duodenum_DHRS1_Male_73_64__r4c1.jpg,Duodenum_DHRS1_Male_73_64.jpg,4,1,2
loc_tiles/Duodenum_DHRS1_Male_73_64__r4c2.jpg,Duodenum_DHRS1_Male_73_64__r4c2.jpg,Duodenum_DHRS1_Male_73_64.jpg,4,2,2
loc_tiles/Duodenum_DHRS1_Male_73_64__r4c3.jpg,Duodenum_DHRS1_Male_73_64__r4c3.jpg,Duodenum_DHRS1_Male_73_64.jpg,4,3,2
loc_tiles/Duodenum_DHRS1_Male_73_64__r4c4.jpg,Duodenum_DHRS1_Male_73_64__r4c4.jpg,Duodenum_DHRS1_Male_73_64.jpg,4,4,2
loc_tiles/Duodenum_DHRS1_Male_73_64__r4c5.jpg,Duodenum_DHRS1_Male_73_64__r4c5.jpg,Duodenum_DHRS1_Male_73_64.jpg,4,5,2
loc_tiles/Duodenum_DHRS1_Male_73_64__r4c6.jpg,Duodenum_DHRS1_Male_73_64__r4c6.jpg,Duodenum_DHRS1_Male_73_64.jpg,4,6,2
loc_tiles/Duodenum_DHRS1_Male_73_64__r4c7.jpg,Duodenum_DHRS1_Male_73_64__r4c7.jpg,Duodenum_DHRS1_Male_73_64.jpg,4,7,2
loc_tiles/Duodenum_DHRS1_Male_73_64__r5c0.jpg,Duodenum_DHRS1_Male_73_64__r5c0.jpg,Duodenum_DHRS1_Male_73_64.jpg,5,0,2
loc_tiles/Duodenum_DHRS1_Male_73_64__r5c1.jpg,Duodenum_DHRS1_Male_73_64__r5c1.jpg,Duodenum_DHRS1_Male_73_64.jpg,5,1,2
loc_tiles/Duodenum_DHRS1_Male_73_64__r5c2.jpg,Duodenum_DHRS1_Male_73_64__r5c2.jpg,Duodenum_DHRS1_Male_73_64.jpg,5,2,2
loc_tiles/Duodenum_DHRS1_Male_73_64__r5c3.jpg,Duodenum_DHRS1_Male_73_64__r5c3.jpg,Duodenum_DHRS1_Male_73_64.jpg,5,3,2
loc_tiles/Duodenum_DHRS1_Male_73_64__r5c4.jpg,Duodenum_DHRS1_Male_73_64__r5c4.jpg,Duodenum_DHRS1_Male_73_64.jpg,5,4,2
loc_tiles/Duodenum_DHRS1_Male_73_64__r5c5.jpg,Duodenum_DHRS1_Male_73_64__r5c5.jpg,Duodenum_DHRS1_Male_73_64.jpg,5,5,2
loc_tiles/Duodenum_DHRS1_Male_73_64__r5c6.jpg,Duodenum_DHRS1_Male_73_64__r5c6.jpg,Duodenum_DHRS1_Male_73_64.jpg,5,6,2
loc_tiles/Duodenum_DHRS1_Male_73_64__r5c7.jpg,Duodenum_DHRS1_Male_73_64__r5c7.jpg,Duodenum_DHRS1_Male_73_64.jpg,5,7,2
loc_tiles/Duodenum_DHRS1_Male_73_64__r6c0.jpg,Duodenum_DHRS1_Male_73_64__r6c0.jpg,Duodenum_DHRS1_Male_73_64.jpg,6,0,2
loc_tiles/Duodenum_DHRS1_Male_73_64__r6c1.jpg,Duodenum_DHRS1_Male_73_64__r6c1.jpg,Duodenum_DHRS1_Male_73_64.jpg,6,1,2
loc_tiles/Duodenum_DHRS1_Male_73_64__r6c2.jpg,Duodenum_DHRS1_Male_73_64__r6c2.jpg,Duodenum_DHRS1_Male_73_64.jpg,6,2,2
loc_tiles/Duodenum_DHRS1_Male_73_64__r6c3.jpg,Duodenum_DHRS1_Male_73_64__r6c3.jpg,Duodenum_DHRS1_Male_73_64.jpg,6,3,2
loc_tiles/Duodenum_DHRS1_Male_73_64__r6c4.jpg,Duodenum_DHRS1_Male_73_64__r6c4.jpg,Duodenum_DHRS1_Male_73_64.jpg,6,4,2
loc_tiles/Duodenum_DHRS1_Male_73_64__r6c5.jpg,Duodenum_DHRS1_Male_73_64__r6c5.jpg,Duodenum_DHRS1_Male_73_64.jpg,6,5,2
loc_tiles/Duodenum_DHRS1_Male_73_64__r6c6.jpg,Duodenum_DHRS1_Male_73_64__r6c6.jpg,Duodenum_DHRS1_Male_73_64.jpg,6,6,2
loc_tiles/Duodenum_DHRS1_Male_73_64__r6c7.jpg,Duodenum_DHRS1_Male_73_64__r6c7.jpg,Duodenum_DHRS1_Male_73_64.jpg,6,7,2
loc_tiles/Duodenum_DHRS1_Male_73_64__r7c0.jpg,Duodenum_DHRS1_Male_73_64__r7c0.jpg,Duodenum_DHRS1_Male_73_64.jpg,7,0,2
loc_tiles/Duodenum_DHRS1_Male_73_64__r7c1.jpg,Duodenum_DHRS1_Male_73_64__r7c1.jpg,Duodenum_DHRS1_Male_73_64.jpg,7,1,2
loc_tiles/Duodenum_DHRS1_Male_73_64__r7c2.jpg,Duodenum_DHRS1_Male_73_64__r7c2.jpg,Duodenum_DHRS1_Male_73_64.jpg,7,2,2
loc_tiles/Duodenum_DHRS1_Male_73_64__r7c3.jpg,Duodenum_DHRS1_Male_73_64__r7c3.jpg,Duodenum_DHRS1_Male_73_64.jpg,7,3,2
loc_tiles/Duodenum_DHRS1_Male_73_64__r7c4.jpg,Duodenum_DHRS1_Male_73_64__r7c4.jpg,Duodenum_DHRS1_Male_73_64.jpg,7,4,2
loc_tiles/Duodenum_DHRS1_Male_73_64__r7c5.jpg,Duodenum_DHRS1_Male_73_64__r7c5.jpg,Duodenum_DHRS1_Male_73_64.jpg,7,5,2
loc_tiles/Duodenum_DHRS1_Male_73_64__r7c6.jpg,Duodenum_DHRS1_Male_73_64__r7c6.jpg,Duodenum_DHRS1_Male_73_64.jpg,7,6,2
loc_tiles/Duodenum_DHRS1_Male_73_64__r7c7.jpg,Duodenum_DHRS1_Male_73_64__r7c7.jpg,Duodenum_DHRS1_Male_73_64.jpg,7,7,2
loc_tiles/Duodenum_CKAP4_Male_79_2650__r0c0.jpg,Duodenum_CKAP4_Male_79_2650__r0c0.jpg,Duodenum_CKAP4_Male_79_2650.jpg,0,0,3
loc_tiles/Duodenum_CKAP4_Male_79_2650__r0c1.jpg,Duodenum_CKAP4_Male_79_2650__r0c1.jpg,Duodenum_CKAP4_Male_79_2650.jpg,0,1,3
loc_tiles/Duodenum_CKAP4_Male_79_2650__r0c2.jpg,Duodenum_CKAP4_Male_79_2650__r0c2.jpg,Duodenum_CKAP4_Male_79_2650.jpg,0,2,3
loc_tiles/Duodenum_CKAP4_Male_79_2650__r0c3.jpg,Duodenum_CKAP4_Male_79_2650__r0c3.jpg,Duodenum_CKAP4_Male_79_2650.jpg,0,3,3
loc_tiles/Duodenum_CKAP4_Male_79_2650__r0c4.jpg,Duodenum_CKAP4_Male_79_2650__r0c4.jpg,Duodenum_CKAP4_Male_79_2650.jpg,0,4,3
loc_tiles/Duodenum_CKAP4_Male_79_2650__r0c5.jpg,Duodenum_CKAP4_Male_79_2650__r0c5.jpg,Duodenum_CKAP4_Male_79_2650.jpg,0,5,3
loc_tiles/Duodenum_CKAP4_Male_79_2650__r0c6.jpg,Duodenum_CKAP4_Male_79_2650__r0c6.jpg,Duodenum_CKAP4_Male_79_2650.jpg,0,6,3
loc_tiles/Duodenum_CKAP4_Male_79_2650__r0c7.jpg,Duodenum_CKAP4_Male_79_2650__r0c7.jpg,Duodenum_CKAP4_Male_79_2650.jpg,0,7,3
loc_tiles/Duodenum_CKAP4_Male_79_2650__r1c0.jpg,Duodenum_CKAP4_Male_79_2650__r1c0.jpg,Duodenum_CKAP4_Male_79_2650.jpg,1,0,3
loc_tiles/Duodenum_CKAP4_Male_79_2650__r1c1.jpg,Duodenum_CKAP4_Male_79_2650__r1c1.jpg,Duodenum_CKAP4_Male_79_2650.jpg,1,1,3
loc_tiles/Duodenum_CKAP4_Male_79_2650__r1c2.jpg,Duodenum_CKAP4_Male_79_2650__r1c2.jpg,Duodenum_CKAP4_Male_79_2650.jpg,1,2,3
loc_tiles/Duodenum_CKAP4_Male_79_2650__r1c3.jpg,Duodenum_CKAP4_Male_79_2650__r1c3.jpg,Duodenum_CKAP4_Male_79_2650.jpg,1,3,3
loc_tiles/Duodenum_CKAP4_Male_79_2650__r1c4.jpg,Duodenum_CKAP4_Male_79_2650__r1c4.jpg,Duodenum_CKAP4_Male_79_2650.jpg,1,4,3
loc_tiles/Duodenum_CKAP4_Male_79_2650__r1c5.jpg,Duodenum_CKAP4_Male_79_2650__r1c5.jpg,Duodenum_CKAP4_Male_79_2650.jpg,1,5,3
loc_tiles/Duodenum_CKAP4_Male_79_2650__r1c6.jpg,Duodenum_CKAP4_Male_79_2650__r1c6.jpg,Duodenum_CKAP4_Male_79_2650.jpg,1,6,3
loc_tiles/Duodenum_CKAP4_Male_79_2650__r1c7.jpg,Duodenum_CKAP4_Male_79_2650__r1c7.jpg,Duodenum_CKAP4_Male_79_2650.jpg,1,7,3
loc_tiles/Duodenum_CKAP4_Male_79_2650__r2c0.jpg,Duodenum_CKAP4_Male_79_2650__r2c0.jpg,Duodenum_CKAP4_Male_79_2650.jpg,2,0,3
loc_tiles/Duodenum_CKAP4_Male_79_2650__r2c1.jpg,Duodenum_CKAP4_Male_79_2650__r2c1.jpg,Duodenum_CKAP4_Male_79_2650.jpg,2,1,3
loc_tiles/Duodenum_CKAP4_Male_79_2650__r2c2.jpg,Duodenum_CKAP4_Male_79_2650__r2c2.jpg,Duodenum_CKAP4_Male_79_2650.jpg,2,2,3
loc_tiles/Duodenum_CKAP4_Male_79_2650__r2c3.jpg,Duodenum_CKAP4_Male_79_2650__r2c3.jpg,Duodenum_CKAP4_Male_79_2650.jpg,2,3,3
loc_tiles/Duodenum_CKAP4_Male_79_2650__r2c4.jpg,Duodenum_CKAP4_Male_79_2650__r2c4.jpg,Duodenum_CKAP4_Male_79_2650.jpg,2,4,3
loc_tiles/Duodenum_CKAP4_Male_79_2650__r2c5.jpg,Duodenum_CKAP4_Male_79_2650__r2c5.jpg,Duodenum_CKAP4_Male_79_2650.jpg,2,5,3
loc_tiles/Duodenum_CKAP4_Male_79_2650__r2c6.jpg,Duodenum_CKAP4_Male_79_2650__r2c6.jpg,Duodenum_CKAP4_Male_79_2650.jpg,2,6,3
loc_tiles/Duodenum_CKAP4_Male_79_2650__r2c7.jpg,Duodenum_CKAP4_Male_79_2650__r2c7.jpg,Duodenum_CKAP4_Male_79_2650.jpg,2,7,3
loc_tiles/Duodenum_CKAP4_Male_79_2650__r3c0.jpg,Duodenum_CKAP4_Male_79_2650__r3c0.jpg,Duodenum_CKAP4_Male_79_2650.jpg,3,0,3
loc_tiles/Duodenum_CKAP4_Male_79_2650__r3c1.jpg,Duodenum_CKAP4_Male_79_2650__r3c1.jpg,Duodenum_CKAP4_Male_79_2650.jpg,3,1,3
loc_tiles/Duodenum_CKAP4_Male_79_2650__r3c2.jpg,Duodenum_CKAP4_Male_79_2650__r3c2.jpg,Duodenum_CKAP4_Male_79_2650.jpg,3,2,3
loc_tiles/Duodenum_CKAP4_Male_79_2650__r3c3.jpg,Duodenum_CKAP4_Male_79_2650__r3c3.jpg,Duodenum_CKAP4_Male_79_2650.jpg,3,3,3
loc_tiles/Duodenum_CKAP4_Male_79_2650__r3c4.jpg,Duodenum_CKAP4_Male_79_2650__r3c4.jpg,Duodenum_CKAP4_Male_79_2650.jpg,3,4,3
loc_tiles/Duodenum_CKAP4_Male_79_2650__r3c5.jpg,Duodenum_CKAP4_Male_79_2650__r3c5.jpg,Duodenum_CKAP4_Male_79_2650.jpg,3,5,3
loc_tiles/Duodenum_CKAP4_Male_79_2650__r3c6.jpg,Duodenum_CKAP4_Male_79_2650__r3c6.jpg,Duodenum_CKAP4_Male_79_2650.jpg,3,6,3
loc_tiles/Duodenum_CKAP4_Male_79_2650__r3c7.jpg,Duodenum_CKAP4_Male_79_2650__r3c7.jpg,Duodenum_CKAP4_Male_79_2650.jpg,3,7,3
loc_tiles/Duodenum_CKAP4_Male_79_2650__r4c0.jpg,Duodenum_CKAP4_Male_79_2650__r4c0.jpg,Duodenum_CKAP4_Male_79_2650.jpg,4,0,3
loc_tiles/Duodenum_CKAP4_Male_79_2650__r4c1.jpg,Duodenum_CKAP4_Male_79_2650__r4c1.jpg,Duodenum_CKAP4_Male_79_2650.jpg,4,1,3
loc_tiles/Duodenum_CKAP4_Male_79_2650__r4c2.jpg,Duodenum_CKAP4_Male_79_2650__r4c2.jpg,Duodenum_CKAP4_Male_79_2650.jpg,4,2,3
loc_tiles/Duodenum_CKAP4_Male_79_2650__r4c3.jpg,Duodenum_CKAP4_Male_79_2650__r4c3.jpg,Duodenum_CKAP4_Male_79_2650.jpg,4,3,3
loc_tiles/Duodenum_CKAP4_Male_79_2650__r4c4.jpg,Duodenum_CKAP4_Male_79_2650__r4c4.jpg,Duodenum_CKAP4_Male_79_2650.jpg,4,4,3
loc_tiles/Duodenum_CKAP4_Male_79_2650__r4c5.jpg,Duodenum_CKAP4_Male_79_2650__r4c5.jpg,Duodenum_CKAP4_Male_79_2650.jpg,4,5,3
loc_tiles/Duodenum_CKAP4_Male_79_2650__r4c6.jpg,Duodenum_CKAP4_Male_79_2650__r4c6.jpg,Duodenum_CKAP4_Male_79_2650.jpg,4,6,3
loc_tiles/Duodenum_CKAP4_Male_79_2650__r4c7.jpg,Duodenum_CKAP4_Male_79_2650__r4c7.jpg,Duodenum_CKAP4_Male_79_2650.jpg,4,7,3
loc_tiles/Duodenum_CKAP4_Male_79_2650__r5c0.jpg,Duodenum_CKAP4_Male_79_2650__r5c0.jpg,Duodenum_CKAP4_Male_79_2650.jpg,5,0,3
loc_tiles/Duodenum_CKAP4_Male_79_2650__r5c1.jpg,Duodenum_CKAP4_Male_79_2650__r5c1.jpg,Duodenum_CKAP4_Male_79_2650.jpg,5,1,3
loc_tiles/Duodenum_CKAP4_Male_79_2650__r5c2.jpg,Duodenum_CKAP4_Male_79_2650__r5c2.jpg,Duodenum_CKAP4_Male_79_2650.jpg,5,2,3
loc_tiles/Duodenum_CKAP4_Male_79_2650__r5c3.jpg,Duodenum_CKAP4_Male_79_2650__r5c3.jpg,Duodenum_CKAP4_Male_79_2650.jpg,5,3,3
loc_tiles/Duodenum_CKAP4_Male_79_2650__r5c4.jpg,Duodenum_CKAP4_Male_79_2650__r5c4.jpg,Duodenum_CKAP4_Male_79_2650.jpg,5,4,3
loc_tiles/Duodenum_CKAP4_Male_79_2650__r5c5.jpg,Duodenum_CKAP4_Male_79_2650__r5c5.jpg,Duodenum_CKAP4_Male_79_2650.jpg,5,5,3
loc_tiles/Duodenum_CKAP4_Male_79_2650__r5c6.jpg,Duodenum_CKAP4_Male_79_2650__r5c6.jpg,Duodenum_CKAP4_Male_79_2650.jpg,5,6,3
loc_tiles/Duodenum_CKAP4_Male_79_2650__r5c7.jpg,Duodenum_CKAP4_Male_79_2650__r5c7.jpg,Duodenum_CKAP4_Male_79_2650.jpg,5,7,3
loc_tiles/Duodenum_CKAP4_Male_79_2650__r6c0.jpg,Duodenum_CKAP4_Male_79_2650__r6c0.jpg,Duodenum_CKAP4_Male_79_2650.jpg,6,0,3
loc_tiles/Duodenum_CKAP4_Male_79_2650__r6c1.jpg,Duodenum_CKAP4_Male_79_2650__r6c1.jpg,Duodenum_CKAP4_Male_79_2650.jpg,6,1,3
loc_tiles/Duodenum_CKAP4_Male_79_2650__r6c2.jpg,Duodenum_CKAP4_Male_79_2650__r6c2.jpg,Duodenum_CKAP4_Male_79_2650.jpg,6,2,3
loc_tiles/Duodenum_CKAP4_Male_79_2650__r6c3.jpg,Duodenum_CKAP4_Male_79_2650__r6c3.jpg,Duodenum_CKAP4_Male_79_2650.jpg,6,3,3
loc_tiles/Duodenum_CKAP4_Male_79_2650__r6c4.jpg,Duodenum_CKAP4_Male_79_2650__r6c4.jpg,Duodenum_CKAP4_Male_79_2650.jpg,6,4,3
loc_tiles/Duodenum_CKAP4_Male_79_2650__r6c5.jpg,Duodenum_CKAP4_Male_79_2650__r6c5.jpg,Duodenum_CKAP4_Male_79_2650.jpg,6,5,3
loc_tiles/Duodenum_CKAP4_Male_79_2650__r6c6.jpg,Duodenum_CKAP4_Male_79_2650__r6c6.jpg,Duodenum_CKAP4_Male_79_2650.jpg,6,6,3
loc_tiles/Duodenum_CKAP4_Male_79_2650__r6c7.jpg,Duodenum_CKAP4_Male_79_2650__r6c7.jpg,Duodenum_CKAP4_Male_79_2650.jpg,6,7,3
loc_tiles/Duodenum_CKAP4_Male_79_2650__r7c0.jpg,Duodenum_CKAP4_Male_79_2650__r7c0.jpg,Duodenum_CKAP4_Male_79_2650.jpg,7,0,3
loc_tiles/Duodenum_CKAP4_Male_79_2650__r7c1.jpg,Duodenum_CKAP4_Male_79_2650__r7c1.jpg,Duodenum_CKAP4_Male_79_2650.jpg,7,1,3
loc_tiles/Duodenum_CKAP4_Male_79_2650__r7c2.jpg,Duodenum_CKAP4_Male_79_2650__r7c2.jpg,Duodenum_CKAP4_Male_79_2650.jpg,7,2,3
loc_tiles/Duodenum_CKAP4_Male_79_2650__r7c3.jpg,Duodenum_CKAP4_Male_79_2650__r7c3.jpg,Duodenum_CKAP4_Male_79_2650.jpg,7,3,3
loc_tiles/Duodenum_CKAP4_Male_79_2650__r7c4.jpg,Duodenum_CKAP4_Male_79_2650__r7c4.jpg,Duodenum_CKAP4_Male_79_2650.jpg,7,4,3
loc_tiles/Duodenum_CKAP4_Male_79_2650__r7c5.jpg,Duodenum_CKAP4_Male_79_2650__r7c5.jpg,Duodenum_CKAP4_Male_79_2650.jpg,7,5,3
loc_tiles/Duodenum_CKAP4_Male_79_2650__r7c6.jpg,Duodenum_CKAP4_Male_79_2650__r7c6.jpg,Duodenum_CKAP4_Male_79_2650.jpg,7,6,3
loc_tiles/Duodenum_CKAP4_Male_79_2650__r7c7.jpg,Duodenum_CKAP4_Male_79_2650__r7c7.jpg,Duodenum_CKAP4_Male_79_2650.jpg,7,7,3
loc_tiles/Small_intestine_ABCG2_Male_26_3472__r0c0.jpg,Small_intestine_ABCG2_Male_26_3472__r0c0.jpg,Small_intestine_ABCG2_Male_26_3472.jpg,0,0,3
loc_tiles/Small_intestine_ABCG2_Male_26_3472__r0c1.jpg,Small_intestine_ABCG2_Male_26_3472__r0c1.jpg,Small_intestine_ABCG2_Male_26_3472.jpg,0,1,3
loc_tiles/Small_intestine_ABCG2_Male_26_3472__r0c2.jpg,Small_intestine_ABCG2_Male_26_3472__r0c2.jpg,Small_intestine_ABCG2_Male_26_3472.jpg,0,2,3
loc_tiles/Small_intestine_ABCG2_Male_26_3472__r0c3.jpg,Small_intestine_ABCG2_Male_26_3472__r0c3.jpg,Small_intestine_ABCG2_Male_26_3472.jpg,0,3,3
loc_tiles/Small_intestine_ABCG2_Male_26_3472__r0c4.jpg,Small_intestine_ABCG2_Male_26_3472__r0c4.jpg,Small_intestine_ABCG2_Male_26_3472.jpg,0,4,3
loc_tiles/Small_intestine_ABCG2_Male_26_3472__r0c5.jpg,Small_intestine_ABCG2_Male_26_3472__r0c5.jpg,Small_intestine_ABCG2_Male_26_3472.jpg,0,5,3
loc_tiles/Small_intestine_ABCG2_Male_26_3472__r0c6.jpg,Small_intestine_ABCG2_Male_26_3472__r0c6.jpg,Small_intestine_ABCG2_Male_26_3472.jpg,0,6,3
loc_tiles/Small_intestine_ABCG2_Male_26_3472__r0c7.jpg,Small_intestine_ABCG2_Male_26_3472__r0c7.jpg,Small_intestine_ABCG2_Male_26_3472.jpg,0,7,3
loc_tiles/Small_intestine_ABCG2_Male_26_3472__r1c0.jpg,Small_intestine_ABCG2_Male_26_3472__r1c0.jpg,Small_intestine_ABCG2_Male_26_3472.jpg,1,0,3
loc_tiles/Small_intestine_ABCG2_Male_26_3472__r1c1.jpg,Small_intestine_ABCG2_Male_26_3472__r1c1.jpg,Small_intestine_ABCG2_Male_26_3472.jpg,1,1,3
loc_tiles/Small_intestine_ABCG2_Male_26_3472__r1c2.jpg,Small_intestine_ABCG2_Male_26_3472__r1c2.jpg,Small_intestine_ABCG2_Male_26_3472.jpg,1,2,3
loc_tiles/Small_intestine_ABCG2_Male_26_3472__r1c3.jpg,Small_intestine_ABCG2_Male_26_3472__r1c3.jpg,Small_intestine_ABCG2_Male_26_3472.jpg,1,3,3
loc_tiles/Small_intestine_ABCG2_Male_26_3472__r1c4.jpg,Small_intestine_ABCG2_Male_26_3472__r1c4.jpg,Small_intestine_ABCG2_Male_26_3472.jpg,1,4,3
loc_tiles/Small_intestine_ABCG2_Male_26_3472__r1c5.jpg,Small_intestine_ABCG2_Male_26_3472__r1c5.jpg,Small_intestine_ABCG2_Male_26_3472.jpg,1,5,3
loc_tiles/Small_intestine_ABCG2_Male_26_3472__r1c6.jpg,Small_intestine_ABCG2_Male_26_3472__r1c6.jpg,Small_intestine_ABCG2_Male_26_3472.jpg,1,6,3
loc_tiles/Small_intestine_ABCG2_Male_26_3472__r1c7.jpg,Small_intestine_ABCG2_Male_26_3472__r1c7.jpg,Small_intestine_ABCG2_Male_26_3472.jpg,1,7,3
loc_tiles/Small_intestine_ABCG2_Male_26_3472__r2c0.jpg,Small_intestine_ABCG2_Male_26_3472__r2c0.jpg,Small_intestine_ABCG2_Male_26_3472.jpg,2,0,3
loc_tiles/Small_intestine_ABCG2_Male_26_3472__r2c1.jpg,Small_intestine_ABCG2_Male_26_3472__r2c1.jpg,Small_intestine_ABCG2_Male_26_3472.jpg,2,1,3
loc_tiles/Small_intestine_ABCG2_Male_26_3472__r2c2.jpg,Small_intestine_ABCG2_Male_26_3472__r2c2.jpg,Small_intestine_ABCG2_Male_26_3472.jpg,2,2,3
loc_tiles/Small_intestine_ABCG2_Male_26_3472__r2c3.jpg,Small_intestine_ABCG2_Male_26_3472__r2c3.jpg,Small_intestine_ABCG2_Male_26_3472.jpg,2,3,3
loc_tiles/Small_intestine_ABCG2_Male_26_3472__r2c4.jpg,Small_intestine_ABCG2_Male_26_3472__r2c4.jpg,Small_intestine_ABCG2_Male_26_3472.jpg,2,4,3
loc_tiles/Small_intestine_ABCG2_Male_26_3472__r2c5.jpg,Small_intestine_ABCG2_Male_26_3472__r2c5.jpg,Small_intestine_ABCG2_Male_26_3472.jpg,2,5,3
loc_tiles/Small_intestine_ABCG2_Male_26_3472__r2c6.jpg,Small_intestine_ABCG2_Male_26_3472__r2c6.jpg,Small_intestine_ABCG2_Male_26_3472.jpg,2,6,3
loc_tiles/Small_intestine_ABCG2_Male_26_3472__r2c7.jpg,Small_intestine_ABCG2_Male_26_3472__r2c7.jpg,Small_intestine_ABCG2_Male_26_3472.jpg,2,7,3
loc_tiles/Small_intestine_ABCG2_Male_26_3472__r3c0.jpg,Small_intestine_ABCG2_Male_26_3472__r3c0.jpg,Small_intestine_ABCG2_Male_26_3472.jpg,3,0,3
loc_tiles/Small_intestine_ABCG2_Male_26_3472__r3c1.jpg,Small_intestine_ABCG2_Male_26_3472__r3c1.jpg,Small_intestine_ABCG2_Male_26_3472.jpg,3,1,3
loc_tiles/Small_intestine_ABCG2_Male_26_3472__r3c2.jpg,Small_intestine_ABCG2_Male_26_3472__r3c2.jpg,Small_intestine_ABCG2_Male_26_3472.jpg,3,2,3
loc_tiles/Small_intestine_ABCG2_Male_26_3472__r3c3.jpg,Small_intestine_ABCG2_Male_26_3472__r3c3.jpg,Small_intestine_ABCG2_Male_26_3472.jpg,3,3,3
loc_tiles/Small_intestine_ABCG2_Male_26_3472__r3c4.jpg,Small_intestine_ABCG2_Male_26_3472__r3c4.jpg,Small_intestine_ABCG2_Male_26_3472.jpg,3,4,3
loc_tiles/Small_intestine_ABCG2_Male_26_3472__r3c5.jpg,Small_intestine_ABCG2_Male_26_3472__r3c5.jpg,Small_intestine_ABCG2_Male_26_3472.jpg,3,5,3
loc_tiles/Small_intestine_ABCG2_Male_26_3472__r3c6.jpg,Small_intestine_ABCG2_Male_26_3472__r3c6.jpg,Small_intestine_ABCG2_Male_26_3472.jpg,3,6,3
loc_tiles/Small_intestine_ABCG2_Male_26_3472__r3c7.jpg,Small_intestine_ABCG2_Male_26_3472__r3c7.jpg,Small_intestine_ABCG2_Male_26_3472.jpg,3,7,3
loc_tiles/Small_intestine_ABCG2_Male_26_3472__r4c0.jpg,Small_intestine_ABCG2_Male_26_3472__r4c0.jpg,Small_intestine_ABCG2_Male_26_3472.jpg,4,0,3
loc_tiles/Small_intestine_ABCG2_Male_26_3472__r4c1.jpg,Small_intestine_ABCG2_Male_26_3472__r4c1.jpg,Small_intestine_ABCG2_Male_26_3472.jpg,4,1,3
loc_tiles/Small_intestine_ABCG2_Male_26_3472__r4c2.jpg,Small_intestine_ABCG2_Male_26_3472__r4c2.jpg,Small_intestine_ABCG2_Male_26_3472.jpg,4,2,3
loc_tiles/Small_intestine_ABCG2_Male_26_3472__r4c3.jpg,Small_intestine_ABCG2_Male_26_3472__r4c3.jpg,Small_intestine_ABCG2_Male_26_3472.jpg,4,3,3
loc_tiles/Small_intestine_ABCG2_Male_26_3472__r4c4.jpg,Small_intestine_ABCG2_Male_26_3472__r4c4.jpg,Small_intestine_ABCG2_Male_26_3472.jpg,4,4,3
loc_tiles/Small_intestine_ABCG2_Male_26_3472__r4c5.jpg,Small_intestine_ABCG2_Male_26_3472__r4c5.jpg,Small_intestine_ABCG2_Male_26_3472.jpg,4,5,3
loc_tiles/Small_intestine_ABCG2_Male_26_3472__r4c6.jpg,Small_intestine_ABCG2_Male_26_3472__r4c6.jpg,Small_intestine_ABCG2_Male_26_3472.jpg,4,6,3
loc_tiles/Small_intestine_ABCG2_Male_26_3472__r4c7.jpg,Small_intestine_ABCG2_Male_26_3472__r4c7.jpg,Small_intestine_ABCG2_Male_26_3472.jpg,4,7,3
loc_tiles/Small_intestine_ABCG2_Male_26_3472__r5c0.jpg,Small_intestine_ABCG2_Male_26_3472__r5c0.jpg,Small_intestine_ABCG2_Male_26_3472.jpg,5,0,3
loc_tiles/Small_intestine_ABCG2_Male_26_3472__r5c1.jpg,Small_intestine_ABCG2_Male_26_3472__r5c1.jpg,Small_intestine_ABCG2_Male_26_3472.jpg,5,1,3
loc_tiles/Small_intestine_ABCG2_Male_26_3472__r5c2.jpg,Small_intestine_ABCG2_Male_26_3472__r5c2.jpg,Small_intestine_ABCG2_Male_26_3472.jpg,5,2,3
loc_tiles/Small_intestine_ABCG2_Male_26_3472__r5c3.jpg,Small_intestine_ABCG2_Male_26_3472__r5c3.jpg,Small_intestine_ABCG2_Male_26_3472.jpg,5,3,3
loc_tiles/Small_intestine_ABCG2_Male_26_3472__r5c4.jpg,Small_intestine_ABCG2_Male_26_3472__r5c4.jpg,Small_intestine_ABCG2_Male_26_3472.jpg,5,4,3
loc_tiles/Small_intestine_ABCG2_Male_26_3472__r5c5.jpg,Small_intestine_ABCG2_Male_26_3472__r5c5.jpg,Small_intestine_ABCG2_Male_26_3472.jpg,5,5,3
loc_tiles/Small_intestine_ABCG2_Male_26_3472__r5c6.jpg,Small_intestine_ABCG2_Male_26_3472__r5c6.jpg,Small_intestine_ABCG2_Male_26_3472.jpg,5,6,3
loc_tiles/Small_intestine_ABCG2_Male_26_3472__r5c7.jpg,Small_intestine_ABCG2_Male_26_3472__r5c7.jpg,Small_intestine_ABCG2_Male_26_3472.jpg,5,7,3
loc_tiles/Small_intestine_ABCG2_Male_26_3472__r6c0.jpg,Small_intestine_ABCG2_Male_26_3472__r6c0.jpg,Small_intestine_ABCG2_Male_26_3472.jpg,6,0,3
loc_tiles/Small_intestine_ABCG2_Male_26_3472__r6c1.jpg,Small_intestine_ABCG2_Male_26_3472__r6c1.jpg,Small_intestine_ABCG2_Male_26_3472.jpg,6,1,3
loc_tiles/Small_intestine_ABCG2_Male_26_3472__r6c2.jpg,Small_intestine_ABCG2_Male_26_3472__r6c2.jpg,Small_intestine_ABCG2_Male_26_3472.jpg,6,2,3
loc_tiles/Small_intestine_ABCG2_Male_26_3472__r6c3.jpg,Small_intestine_ABCG2_Male_26_3472__r6c3.jpg,Small_intestine_ABCG2_Male_26_3472.jpg,6,3,3
loc_tiles/Small_intestine_ABCG2_Male_26_3472__r6c4.jpg,Small_intestine_ABCG2_Male_26_3472__r6c4.jpg,Small_intestine_ABCG2_Male_26_3472.jpg,6,4,3
loc_tiles/Small_intestine_ABCG2_Male_26_3472__r6c5.jpg,Small_intestine_ABCG2_Male_26_3472__r6c5.jpg,Small_intestine_ABCG2_Male_26_3472.jpg,6,5,3
loc_tiles/Small_intestine_ABCG2_Male_26_3472__r6c6.jpg,Small_intestine_ABCG2_Male_26_3472__r6c6.jpg,Small_intestine_ABCG2_Male_26_3472.jpg,6,6,3
loc_tiles/Small_intestine_ABCG2_Male_26_3472__r6c7.jpg,Small_intestine_ABCG2_Male_26_3472__r6c7.jpg,Small_intestine_ABCG2_Male_26_3472.jpg,6,7,3
loc_tiles/Small_intestine_ABCG2_Male_26_3472__r7c0.jpg,Small_intestine_ABCG2_Male_26_3472__r7c0.jpg,Small_intestine_ABCG2_Male_26_3472.jpg,7,0,3
loc_tiles/Small_intestine_ABCG2_Male_26_3472__r7c1.jpg,Small_intestine_ABCG2_Male_26_3472__r7c1.jpg,Small_intestine_ABCG2_Male_26_3472.jpg,7,1,3
loc_tiles/Small_intestine_ABCG2_Male_26_3472__r7c2.jpg,Small_intestine_ABCG2_Male_26_3472__r7c2.jpg,Small_intestine_ABCG2_Male_26_3472.jpg,7,2,3
loc_tiles/Small_intestine_ABCG2_Male_26_3472__r7c3.jpg,Small_intestine_ABCG2_Male_26_3472__r7c3.jpg,Small_intestine_ABCG2_Male_26_3472.jpg,7,3,3
loc_tiles/Small_intestine_ABCG2_Male_26_3472__r7c4.jpg,Small_intestine_ABCG2_Male_26_3472__r7c4.jpg,Small_intestine_ABCG2_Male_26_3472.jpg,7,4,3
loc_tiles/Small_intestine_ABCG2_Male_26_3472__r7c5.jpg,Small_intestine_ABCG2_Male_26_3472__r7c5.jpg,Small_intestine_ABCG2_Male_26_3472.jpg,7,5,3
loc_tiles/Small_intestine_ABCG2_Male_26_3472__r7c6.jpg,Small_intestine_ABCG2_Male_26_3472__r7c6.jpg,Small_intestine_ABCG2_Male_26_3472.jpg,7,6,3
loc_tiles/Small_intestine_ABCG2_Male_26_3472__r7c7.jpg,Small_intestine_ABCG2_Male_26_3472__r7c7.jpg,Small_intestine_ABCG2_Male_26_3472.jpg,7,7,3
loc_tiles/Duodenum_GRK3_Female_48_75__r0c0.jpg,Duodenum_GRK3_Female_48_75__r0c0.jpg,Duodenum_GRK3_Female_48_75.jpg,0,0,3
loc_tiles/Duodenum_GRK3_Female_48_75__r0c1.jpg,Duodenum_GRK3_Female_48_75__r0c1.jpg,Duodenum_GRK3_Female_48_75.jpg,0,1,3
loc_tiles/Duodenum_GRK3_Female_48_75__r0c2.jpg,Duodenum_GRK3_Female_48_75__r0c2.jpg,Duodenum_GRK3_Female_48_75.jpg,0,2,3
loc_tiles/Duodenum_GRK3_Female_48_75__r0c3.jpg,Duodenum_GRK3_Female_48_75__r0c3.jpg,Duodenum_GRK3_Female_48_75.jpg,0,3,3
loc_tiles/Duodenum_GRK3_Female_48_75__r0c4.jpg,Duodenum_GRK3_Female_48_75__r0c4.jpg,Duodenum_GRK3_Female_48_75.jpg,0,4,3
loc_tiles/Duodenum_GRK3_Female_48_75__r0c5.jpg,Duodenum_GRK3_Female_48_75__r0c5.jpg,Duodenum_GRK3_Female_48_75.jpg,0,5,3
loc_tiles/Duodenum_GRK3_Female_48_75__r0c6.jpg,Duodenum_GRK3_Female_48_75__r0c6.jpg,Duodenum_GRK3_Female_48_75.jpg,0,6,3
loc_tiles/Duodenum_GRK3_Female_48_75__r0c7.jpg,Duodenum_GRK3_Female_48_75__r0c7.jpg,Duodenum_GRK3_Female_48_75.jpg,0,7,3
loc_tiles/Duodenum_GRK3_Female_48_75__r1c0.jpg,Duodenum_GRK3_Female_48_75__r1c0.jpg,Duodenum_GRK3_Female_48_75.jpg,1,0,3
loc_tiles/Duodenum_GRK3_Female_48_75__r1c1.jpg,Duodenum_GRK3_Female_48_75__r1c1.jpg,Duodenum_GRK3_Female_48_75.jpg,1,1,3
loc_tiles/Duodenum_GRK3_Female_48_75__r1c2.jpg,Duodenum_GRK3_Female_48_75__r1c2.jpg,Duodenum_GRK3_Female_48_75.jpg,1,2,3
loc_tiles/Duodenum_GRK3_Female_48_75__r1c3.jpg,Duodenum_GRK3_Female_48_75__r1c3.jpg,Duodenum_GRK3_Female_48_75.jpg,1,3,3
loc_tiles/Duodenum_GRK3_Female_48_75__r1c4.jpg,Duodenum_GRK3_Female_48_75__r1c4.jpg,Duodenum_GRK3_Female_48_75.jpg,1,4,3
loc_tiles/Duodenum_GRK3_Female_48_75__r1c5.jpg,Duodenum_GRK3_Female_48_75__r1c5.jpg,Duodenum_GRK3_Female_48_75.jpg,1,5,3
loc_tiles/Duodenum_GRK3_Female_48_75__r1c6.jpg,Duodenum_GRK3_Female_48_75__r1c6.jpg,Duodenum_GRK3_Female_48_75.jpg,1,6,3
loc_tiles/Duodenum_GRK3_Female_48_75__r1c7.jpg,Duodenum_GRK3_Female_48_75__r1c7.jpg,Duodenum_GRK3_Female_48_75.jpg,1,7,3
loc_tiles/Duodenum_GRK3_Female_48_75__r2c0.jpg,Duodenum_GRK3_Female_48_75__r2c0.jpg,Duodenum_GRK3_Female_48_75.jpg,2,0,3
loc_tiles/Duodenum_GRK3_Female_48_75__r2c1.jpg,Duodenum_GRK3_Female_48_75__r2c1.jpg,Duodenum_GRK3_Female_48_75.jpg,2,1,3
loc_tiles/Duodenum_GRK3_Female_48_75__r2c2.jpg,Duodenum_GRK3_Female_48_75__r2c2.jpg,Duodenum_GRK3_Female_48_75.jpg,2,2,3
loc_tiles/Duodenum_GRK3_Female_48_75__r2c3.jpg,Duodenum_GRK3_Female_48_75__r2c3.jpg,Duodenum_GRK3_Female_48_75.jpg,2,3,3
loc_tiles/Duodenum_GRK3_Female_48_75__r2c4.jpg,Duodenum_GRK3_Female_48_75__r2c4.jpg,Duodenum_GRK3_Female_48_75.jpg,2,4,3
loc_tiles/Duodenum_GRK3_Female_48_75__r2c5.jpg,Duodenum_GRK3_Female_48_75__r2c5.jpg,Duodenum_GRK3_Female_48_75.jpg,2,5,3
loc_tiles/Duodenum_GRK3_Female_48_75__r2c6.jpg,Duodenum_GRK3_Female_48_75__r2c6.jpg,Duodenum_GRK3_Female_48_75.jpg,2,6,3
loc_tiles/Duodenum_GRK3_Female_48_75__r2c7.jpg,Duodenum_GRK3_Female_48_75__r2c7.jpg,Duodenum_GRK3_Female_48_75.jpg,2,7,3
loc_tiles/Duodenum_GRK3_Female_48_75__r3c0.jpg,Duodenum_GRK3_Female_48_75__r3c0.jpg,Duodenum_GRK3_Female_48_75.jpg,3,0,3
loc_tiles/Duodenum_GRK3_Female_48_75__r3c1.jpg,Duodenum_GRK3_Female_48_75__r3c1.jpg,Duodenum_GRK3_Female_48_75.jpg,3,1,3
loc_tiles/Duodenum_GRK3_Female_48_75__r3c2.jpg,Duodenum_GRK3_Female_48_75__r3c2.jpg,Duodenum_GRK3_Female_48_75.jpg,3,2,3
loc_tiles/Duodenum_GRK3_Female_48_75__r3c3.jpg,Duodenum_GRK3_Female_48_75__r3c3.jpg,Duodenum_GRK3_Female_48_75.jpg,3,3,3
loc_tiles/Duodenum_GRK3_Female_48_75__r3c4.jpg,Duodenum_GRK3_Female_48_75__r3c4.jpg,Duodenum_GRK3_Female_48_75.jpg,3,4,3
loc_tiles/Duodenum_GRK3_Female_48_75__r3c5.jpg,Duodenum_GRK3_Female_48_75__r3c5.jpg,Duodenum_GRK3_Female_48_75.jpg,3,5,3
loc_tiles/Duodenum_GRK3_Female_48_75__r3c6.jpg,Duodenum_GRK3_Female_48_75__r3c6.jpg,Duodenum_GRK3_Female_48_75.jpg,3,6,3
loc_tiles/Duodenum_GRK3_Female_48_75__r3c7.jpg,Duodenum_GRK3_Female_48_75__r3c7.jpg,Duodenum_GRK3_Female_48_75.jpg,3,7,3
loc_tiles/Duodenum_GRK3_Female_48_75__r4c0.jpg,Duodenum_GRK3_Female_48_75__r4c0.jpg,Duodenum_GRK3_Female_48_75.jpg,4,0,3
loc_tiles/Duodenum_GRK3_Female_48_75__r4c1.jpg,Duodenum_GRK3_Female_48_75__r4c1.jpg,Duodenum_GRK3_Female_48_75.jpg,4,1,3
loc_tiles/Duodenum_GRK3_Female_48_75__r4c2.jpg,Duodenum_GRK3_Female_48_75__r4c2.jpg,Duodenum_GRK3_Female_48_75.jpg,4,2,3
loc_tiles/Duodenum_GRK3_Female_48_75__r4c3.jpg,Duodenum_GRK3_Female_48_75__r4c3.jpg,Duodenum_GRK3_Female_48_75.jpg,4,3,3
loc_tiles/Duodenum_GRK3_Female_48_75__r4c4.jpg,Duodenum_GRK3_Female_48_75__r4c4.jpg,Duodenum_GRK3_Female_48_75.jpg,4,4,3
loc_tiles/Duodenum_GRK3_Female_48_75__r4c5.jpg,Duodenum_GRK3_Female_48_75__r4c5.jpg,Duodenum_GRK3_Female_48_75.jpg,4,5,3
loc_tiles/Duodenum_GRK3_Female_48_75__r4c6.jpg,Duodenum_GRK3_Female_48_75__r4c6.jpg,Duodenum_GRK3_Female_48_75.jpg,4,6,3
loc_tiles/Duodenum_GRK3_Female_48_75__r4c7.jpg,Duodenum_GRK3_Female_48_75__r4c7.jpg,Duodenum_GRK3_Female_48_75.jpg,4,7,3
loc_tiles/Duodenum_GRK3_Female_48_75__r5c0.jpg,Duodenum_GRK3_Female_48_75__r5c0.jpg,Duodenum_GRK3_Female_48_75.jpg,5,0,3
loc_tiles/Duodenum_GRK3_Female_48_75__r5c1.jpg,Duodenum_GRK3_Female_48_75__r5c1.jpg,Duodenum_GRK3_Female_48_75.jpg,5,1,3
loc_tiles/Duodenum_GRK3_Female_48_75__r5c2.jpg,Duodenum_GRK3_Female_48_75__r5c2.jpg,Duodenum_GRK3_Female_48_75.jpg,5,2,3
loc_tiles/Duodenum_GRK3_Female_48_75__r5c3.jpg,Duodenum_GRK3_Female_48_75__r5c3.jpg,Duodenum_GRK3_Female_48_75.jpg,5,3,3
loc_tiles/Duodenum_GRK3_Female_48_75__r5c4.jpg,Duodenum_GRK3_Female_48_75__r5c4.jpg,Duodenum_GRK3_Female_48_75.jpg,5,4,3
loc_tiles/Duodenum_GRK3_Female_48_75__r5c5.jpg,Duodenum_GRK3_Female_48_75__r5c5.jpg,Duodenum_GRK3_Female_48_75.jpg,5,5,3
loc_tiles/Duodenum_GRK3_Female_48_75__r5c6.jpg,Duodenum_GRK3_Female_48_75__r5c6.jpg,Duodenum_GRK3_Female_48_75.jpg,5,6,3
loc_tiles/Duodenum_GRK3_Female_48_75__r5c7.jpg,Duodenum_GRK3_Female_48_75__r5c7.jpg,Duodenum_GRK3_Female_48_75.jpg,5,7,3
loc_tiles/Duodenum_GRK3_Female_48_75__r6c0.jpg,Duodenum_GRK3_Female_48_75__r6c0.jpg,Duodenum_GRK3_Female_48_75.jpg,6,0,3
loc_tiles/Duodenum_GRK3_Female_48_75__r6c1.jpg,Duodenum_GRK3_Female_48_75__r6c1.jpg,Duodenum_GRK3_Female_48_75.jpg,6,1,3
loc_tiles/Duodenum_GRK3_Female_48_75__r6c2.jpg,Duodenum_GRK3_Female_48_75__r6c2.jpg,Duodenum_GRK3_Female_48_75.jpg,6,2,3
loc_tiles/Duodenum_GRK3_Female_48_75__r6c3.jpg,Duodenum_GRK3_Female_48_75__r6c3.jpg,Duodenum_GRK3_Female_48_75.jpg,6,3,3
loc_tiles/Duodenum_GRK3_Female_48_75__r6c4.jpg,Duodenum_GRK3_Female_48_75__r6c4.jpg,Duodenum_GRK3_Female_48_75.jpg,6,4,3
loc_tiles/Duodenum_GRK3_Female_48_75__r6c5.jpg,Duodenum_GRK3_Female_48_75__r6c5.jpg,Duodenum_GRK3_Female_48_75.jpg,6,5,3
loc_tiles/Duodenum_GRK3_Female_48_75__r6c6.jpg,Duodenum_GRK3_Female_48_75__r6c6.jpg,Duodenum_GRK3_Female_48_75.jpg,6,6,3
loc_tiles/Duodenum_GRK3_Female_48_75__r6c7.jpg,Duodenum_GRK3_Female_48_75__r6c7.jpg,Duodenum_GRK3_Female_48_75.jpg,6,7,3
loc_tiles/Duodenum_GRK3_Female_48_75__r7c0.jpg,Duodenum_GRK3_Female_48_75__r7c0.jpg,Duodenum_GRK3_Female_48_75.jpg,7,0,3
loc_tiles/Duodenum_GRK3_Female_48_75__r7c1.jpg,Duodenum_GRK3_Female_48_75__r7c1.jpg,Duodenum_GRK3_Female_48_75.jpg,7,1,3
loc_tiles/Duodenum_GRK3_Female_48_75__r7c2.jpg,Duodenum_GRK3_Female_48_75__r7c2.jpg,Duodenum_GRK3_Female_48_75.jpg,7,2,3
loc_tiles/Duodenum_GRK3_Female_48_75__r7c3.jpg,Duodenum_GRK3_Female_48_75__r7c3.jpg,Duodenum_GRK3_Female_48_75.jpg,7,3,3
loc_tiles/Duodenum_GRK3_Female_48_75__r7c4.jpg,Duodenum_GRK3_Female_48_75__r7c4.jpg,Duodenum_GRK3_Female_48_75.jpg,7,4,3
loc_tiles/Duodenum_GRK3_Female_48_75__r7c5.jpg,Duodenum_GRK3_Female_48_75__r7c5.jpg,Duodenum_GRK3_Female_48_75.jpg,7,5,3
loc_tiles/Duodenum_GRK3_Female_48_75__r7c6.jpg,Duodenum_GRK3_Female_48_75__r7c6.jpg,Duodenum_GRK3_Female_48_75.jpg,7,6,3
loc_tiles/Duodenum_GRK3_Female_48_75__r7c7.jpg,Duodenum_GRK3_Female_48_75__r7c7.jpg,Duodenum_GRK3_Female_48_75.jpg,7,7,3
loc_tiles/Duodenum_ADH6_Female_67_3479__r0c0.jpg,Duodenum_ADH6_Female_67_3479__r0c0.jpg,Duodenum_ADH6_Female_67_3479.jpg,0,0,3
loc_tiles/Duodenum_ADH6_Female_67_3479__r0c1.jpg,Duodenum_ADH6_Female_67_3479__r0c1.jpg,Duodenum_ADH6_Female_67_3479.jpg,0,1,3
loc_tiles/Duodenum_ADH6_Female_67_3479__r0c2.jpg,Duodenum_ADH6_Female_67_3479__r0c2.jpg,Duodenum_ADH6_Female_67_3479.jpg,0,2,3
loc_tiles/Duodenum_ADH6_Female_67_3479__r0c3.jpg,Duodenum_ADH6_Female_67_3479__r0c3.jpg,Duodenum_ADH6_Female_67_3479.jpg,0,3,3
loc_tiles/Duodenum_ADH6_Female_67_3479__r0c4.jpg,Duodenum_ADH6_Female_67_3479__r0c4.jpg,Duodenum_ADH6_Female_67_3479.jpg,0,4,3
loc_tiles/Duodenum_ADH6_Female_67_3479__r0c5.jpg,Duodenum_ADH6_Female_67_3479__r0c5.jpg,Duodenum_ADH6_Female_67_3479.jpg,0,5,3
loc_tiles/Duodenum_ADH6_Female_67_3479__r0c6.jpg,Duodenum_ADH6_Female_67_3479__r0c6.jpg,Duodenum_ADH6_Female_67_3479.jpg,0,6,3
loc_tiles/Duodenum_ADH6_Female_67_3479__r0c7.jpg,Duodenum_ADH6_Female_67_3479__r0c7.jpg,Duodenum_ADH6_Female_67_3479.jpg,0,7,3
loc_tiles/Duodenum_ADH6_Female_67_3479__r1c0.jpg,Duodenum_ADH6_Female_67_3479__r1c0.jpg,Duodenum_ADH6_Female_67_3479.jpg,1,0,3
loc_tiles/Duodenum_ADH6_Female_67_3479__r1c1.jpg,Duodenum_ADH6_Female_67_3479__r1c1.jpg,Duodenum_ADH6_Female_67_3479.jpg,1,1,3
loc_tiles/Duodenum_ADH6_Female_67_3479__r1c2.jpg,Duodenum_ADH6_Female_67_3479__r1c2.jpg,Duodenum_ADH6_Female_67_3479.jpg,1,2,3
loc_tiles/Duodenum_ADH6_Female_67_3479__r1c3.jpg,Duodenum_ADH6_Female_67_3479__r1c3.jpg,Duodenum_ADH6_Female_67_3479.jpg,1,3,3
loc_tiles/Duodenum_ADH6_Female_67_3479__r1c4.jpg,Duodenum_ADH6_Female_67_3479__r1c4.jpg,Duodenum_ADH6_Female_67_3479.jpg,1,4,3
loc_tiles/Duodenum_ADH6_Female_67_3479__r1c5.jpg,Duodenum_ADH6_Female_67_3479__r1c5.jpg,Duodenum_ADH6_Female_67_3479.jpg,1,5,3
loc_tiles/Duodenum_ADH6_Female_67_3479__r1c6.jpg,Duodenum_ADH6_Female_67_3479__r1c6.jpg,Duodenum_ADH6_Female_67_3479.jpg,1,6,3
loc_tiles/Duodenum_ADH6_Female_67_3479__r1c7.jpg,Duodenum_ADH6_Female_67_3479__r1c7.jpg,Duodenum_ADH6_Female_67_3479.jpg,1,7,3
loc_tiles/Duodenum_ADH6_Female_67_3479__r2c0.jpg,Duodenum_ADH6_Female_67_3479__r2c0.jpg,Duodenum_ADH6_Female_67_3479.jpg,2,0,3
loc_tiles/Duodenum_ADH6_Female_67_3479__r2c1.jpg,Duodenum_ADH6_Female_67_3479__r2c1.jpg,Duodenum_ADH6_Female_67_3479.jpg,2,1,3
loc_tiles/Duodenum_ADH6_Female_67_3479__r2c2.jpg,Duodenum_ADH6_Female_67_3479__r2c2.jpg,Duodenum_ADH6_Female_67_3479.jpg,2,2,3
loc_tiles/Duodenum_ADH6_Female_67_3479__r2c3.jpg,Duodenum_ADH6_Female_67_3479__r2c3.jpg,Duodenum_ADH6_Female_67_3479.jpg,2,3,3
loc_tiles/Duodenum_ADH6_Female_67_3479__r2c4.jpg,Duodenum_ADH6_Female_67_3479__r2c4.jpg,Duodenum_ADH6_Female_67_3479.jpg,2,4,3
loc_tiles/Duodenum_ADH6_Female_67_3479__r2c5.jpg,Duodenum_ADH6_Female_67_3479__r2c5.jpg,Duodenum_ADH6_Female_67_3479.jpg,2,5,3
loc_tiles/Duodenum_ADH6_Female_67_3479__r2c6.jpg,Duodenum_ADH6_Female_67_3479__r2c6.jpg,Duodenum_ADH6_Female_67_3479.jpg,2,6,3
loc_tiles/Duodenum_ADH6_Female_67_3479__r2c7.jpg,Duodenum_ADH6_Female_67_3479__r2c7.jpg,Duodenum_ADH6_Female_67_3479.jpg,2,7,3
loc_tiles/Duodenum_ADH6_Female_67_3479__r3c0.jpg,Duodenum_ADH6_Female_67_3479__r3c0.jpg,Duodenum_ADH6_Female_67_3479.jpg,3,0,3
loc_tiles/Duodenum_ADH6_Female_67_3479__r3c1.jpg,Duodenum_ADH6_Female_67_3479__r3c1.jpg,Duodenum_ADH6_Female_67_3479.jpg,3,1,3
loc_tiles/Duodenum_ADH6_Female_67_3479__r3c2.jpg,Duodenum_ADH6_Female_67_3479__r3c2.jpg,Duodenum_ADH6_Female_67_3479.jpg,3,2,3
loc_tiles/Duodenum_ADH6_Female_67_3479__r3c3.jpg,Duodenum_ADH6_Female_67_3479__r3c3.jpg,Duodenum_ADH6_Female_67_3479.jpg,3,3,3
loc_tiles/Duodenum_ADH6_Female_67_3479__r3c4.jpg,Duodenum_ADH6_Female_67_3479__r3c4.jpg,Duodenum_ADH6_Female_67_3479.jpg,3,4,3
loc_tiles/Duodenum_ADH6_Female_67_3479__r3c5.jpg,Duodenum_ADH6_Female_67_3479__r3c5.jpg,Duodenum_ADH6_Female_67_3479.jpg,3,5,3
loc_tiles/Duodenum_ADH6_Female_67_3479__r3c6.jpg,Duodenum_ADH6_Female_67_3479__r3c6.jpg,Duodenum_ADH6_Female_67_3479.jpg,3,6,3
loc_tiles/Duodenum_ADH6_Female_67_3479__r3c7.jpg,Duodenum_ADH6_Female_67_3479__r3c7.jpg,Duodenum_ADH6_Female_67_3479.jpg,3,7,3
loc_tiles/Duodenum_ADH6_Female_67_3479__r4c0.jpg,Duodenum_ADH6_Female_67_3479__r4c0.jpg,Duodenum_ADH6_Female_67_3479.jpg,4,0,3
loc_tiles/Duodenum_ADH6_Female_67_3479__r4c1.jpg,Duodenum_ADH6_Female_67_3479__r4c1.jpg,Duodenum_ADH6_Female_67_3479.jpg,4,1,3
loc_tiles/Duodenum_ADH6_Female_67_3479__r4c2.jpg,Duodenum_ADH6_Female_67_3479__r4c2.jpg,Duodenum_ADH6_Female_67_3479.jpg,4,2,3
loc_tiles/Duodenum_ADH6_Female_67_3479__r4c3.jpg,Duodenum_ADH6_Female_67_3479__r4c3.jpg,Duodenum_ADH6_Female_67_3479.jpg,4,3,3
loc_tiles/Duodenum_ADH6_Female_67_3479__r4c4.jpg,Duodenum_ADH6_Female_67_3479__r4c4.jpg,Duodenum_ADH6_Female_67_3479.jpg,4,4,3
loc_tiles/Duodenum_ADH6_Female_67_3479__r4c5.jpg,Duodenum_ADH6_Female_67_3479__r4c5.jpg,Duodenum_ADH6_Female_67_3479.jpg,4,5,3
loc_tiles/Duodenum_ADH6_Female_67_3479__r4c6.jpg,Duodenum_ADH6_Female_67_3479__r4c6.jpg,Duodenum_ADH6_Female_67_3479.jpg,4,6,3
loc_tiles/Duodenum_ADH6_Female_67_3479__r4c7.jpg,Duodenum_ADH6_Female_67_3479__r4c7.jpg,Duodenum_ADH6_Female_67_3479.jpg,4,7,3
loc_tiles/Duodenum_ADH6_Female_67_3479__r5c0.jpg,Duodenum_ADH6_Female_67_3479__r5c0.jpg,Duodenum_ADH6_Female_67_3479.jpg,5,0,3
loc_tiles/Duodenum_ADH6_Female_67_3479__r5c1.jpg,Duodenum_ADH6_Female_67_3479__r5c1.jpg,Duodenum_ADH6_Female_67_3479.jpg,5,1,3
loc_tiles/Duodenum_ADH6_Female_67_3479__r5c2.jpg,Duodenum_ADH6_Female_67_3479__r5c2.jpg,Duodenum_ADH6_Female_67_3479.jpg,5,2,3
loc_tiles/Duodenum_ADH6_Female_67_3479__r5c3.jpg,Duodenum_ADH6_Female_67_3479__r5c3.jpg,Duodenum_ADH6_Female_67_3479.jpg,5,3,3
loc_tiles/Duodenum_ADH6_Female_67_3479__r5c4.jpg,Duodenum_ADH6_Female_67_3479__r5c4.jpg,Duodenum_ADH6_Female_67_3479.jpg,5,4,3
loc_tiles/Duodenum_ADH6_Female_67_3479__r5c5.jpg,Duodenum_ADH6_Female_67_3479__r5c5.jpg,Duodenum_ADH6_Female_67_3479.jpg,5,5,3
loc_tiles/Duodenum_ADH6_Female_67_3479__r5c6.jpg,Duodenum_ADH6_Female_67_3479__r5c6.jpg,Duodenum_ADH6_Female_67_3479.jpg,5,6,3
loc_tiles/Duodenum_ADH6_Female_67_3479__r5c7.jpg,Duodenum_ADH6_Female_67_3479__r5c7.jpg,Duodenum_ADH6_Female_67_3479.jpg,5,7,3
loc_tiles/Duodenum_ADH6_Female_67_3479__r6c0.jpg,Duodenum_ADH6_Female_67_3479__r6c0.jpg,Duodenum_ADH6_Female_67_3479.jpg,6,0,3
loc_tiles/Duodenum_ADH6_Female_67_3479__r6c1.jpg,Duodenum_ADH6_Female_67_3479__r6c1.jpg,Duodenum_ADH6_Female_67_3479.jpg,6,1,3
loc_tiles/Duodenum_ADH6_Female_67_3479__r6c2.jpg,Duodenum_ADH6_Female_67_3479__r6c2.jpg,Duodenum_ADH6_Female_67_3479.jpg,6,2,3
loc_tiles/Duodenum_ADH6_Female_67_3479__r6c3.jpg,Duodenum_ADH6_Female_67_3479__r6c3.jpg,Duodenum_ADH6_Female_67_3479.jpg,6,3,3
loc_tiles/Duodenum_ADH6_Female_67_3479__r6c4.jpg,Duodenum_ADH6_Female_67_3479__r6c4.jpg,Duodenum_ADH6_Female_67_3479.jpg,6,4,3
loc_tiles/Duodenum_ADH6_Female_67_3479__r6c5.jpg,Duodenum_ADH6_Female_67_3479__r6c5.jpg,Duodenum_ADH6_Female_67_3479.jpg,6,5,3
loc_tiles/Duodenum_ADH6_Female_67_3479__r6c6.jpg,Duodenum_ADH6_Female_67_3479__r6c6.jpg,Duodenum_ADH6_Female_67_3479.jpg,6,6,3
loc_tiles/Duodenum_ADH6_Female_67_3479__r6c7.jpg,Duodenum_ADH6_Female_67_3479__r6c7.jpg,Duodenum_ADH6_Female_67_3479.jpg,6,7,3
loc_tiles/Duodenum_ADH6_Female_67_3479__r7c0.jpg,Duodenum_ADH6_Female_67_3479__r7c0.jpg,Duodenum_ADH6_Female_67_3479.jpg,7,0,3
loc_tiles/Duodenum_ADH6_Female_67_3479__r7c1.jpg,Duodenum_ADH6_Female_67_3479__r7c1.jpg,Duodenum_ADH6_Female_67_3479.jpg,7,1,3
loc_tiles/Duodenum_ADH6_Female_67_3479__r7c2.jpg,Duodenum_ADH6_Female_67_3479__r7c2.jpg,Duodenum_ADH6_Female_67_3479.jpg,7,2,3
loc_tiles/Duodenum_ADH6_Female_67_3479__r7c3.jpg,Duodenum_ADH6_Female_67_3479__r7c3.jpg,Duodenum_ADH6_Female_67_3479.jpg,7,3,3
loc_tiles/Duodenum_ADH6_Female_67_3479__r7c4.jpg,Duodenum_ADH6_Female_67_3479__r7c4.jpg,Duodenum_ADH6_Female_67_3479.jpg,7,4,3
loc_tiles/Duodenum_ADH6_Female_67_3479__r7c5.jpg,Duodenum_ADH6_Female_67_3479__r7c5.jpg,Duodenum_ADH6_Female_67_3479.jpg,7,5,3
loc_tiles/Duodenum_ADH6_Female_67_3479__r7c6.jpg,Duodenum_ADH6_Female_67_3479__r7c6.jpg,Duodenum_ADH6_Female_67_3479.jpg,7,6,3
loc_tiles/Duodenum_ADH6_Female_67_3479__r7c7.jpg,Duodenum_ADH6_Female_67_3479__r7c7.jpg,Duodenum_ADH6_Female_67_3479.jpg,7,7,3
loc_tiles/Duodenum_CHGA_Female_43_148__r0c0.jpg,Duodenum_CHGA_Female_43_148__r0c0.jpg,Duodenum_CHGA_Female_43_148.jpg,0,0,4
loc_tiles/Duodenum_CHGA_Female_43_148__r0c1.jpg,Duodenum_CHGA_Female_43_148__r0c1.jpg,Duodenum_CHGA_Female_43_148.jpg,0,1,4
loc_tiles/Duodenum_CHGA_Female_43_148__r0c2.jpg,Duodenum_CHGA_Female_43_148__r0c2.jpg,Duodenum_CHGA_Female_43_148.jpg,0,2,4
loc_tiles/Duodenum_CHGA_Female_43_148__r0c3.jpg,Duodenum_CHGA_Female_43_148__r0c3.jpg,Duodenum_CHGA_Female_43_148.jpg,0,3,4
loc_tiles/Duodenum_CHGA_Female_43_148__r0c4.jpg,Duodenum_CHGA_Female_43_148__r0c4.jpg,Duodenum_CHGA_Female_43_148.jpg,0,4,4
loc_tiles/Duodenum_CHGA_Female_43_148__r0c5.jpg,Duodenum_CHGA_Female_43_148__r0c5.jpg,Duodenum_CHGA_Female_43_148.jpg,0,5,4
loc_tiles/Duodenum_CHGA_Female_43_148__r0c6.jpg,Duodenum_CHGA_Female_43_148__r0c6.jpg,Duodenum_CHGA_Female_43_148.jpg,0,6,4
loc_tiles/Duodenum_CHGA_Female_43_148__r0c7.jpg,Duodenum_CHGA_Female_43_148__r0c7.jpg,Duodenum_CHGA_Female_43_148.jpg,0,7,4
loc_tiles/Duodenum_CHGA_Female_43_148__r1c0.jpg,Duodenum_CHGA_Female_43_148__r1c0.jpg,Duodenum_CHGA_Female_43_148.jpg,1,0,4
loc_tiles/Duodenum_CHGA_Female_43_148__r1c1.jpg,Duodenum_CHGA_Female_43_148__r1c1.jpg,Duodenum_CHGA_Female_43_148.jpg,1,1,4
loc_tiles/Duodenum_CHGA_Female_43_148__r1c2.jpg,Duodenum_CHGA_Female_43_148__r1c2.jpg,Duodenum_CHGA_Female_43_148.jpg,1,2,4
loc_tiles/Duodenum_CHGA_Female_43_148__r1c3.jpg,Duodenum_CHGA_Female_43_148__r1c3.jpg,Duodenum_CHGA_Female_43_148.jpg,1,3,4
loc_tiles/Duodenum_CHGA_Female_43_148__r1c4.jpg,Duodenum_CHGA_Female_43_148__r1c4.jpg,Duodenum_CHGA_Female_43_148.jpg,1,4,4
loc_tiles/Duodenum_CHGA_Female_43_148__r1c5.jpg,Duodenum_CHGA_Female_43_148__r1c5.jpg,Duodenum_CHGA_Female_43_148.jpg,1,5,4
loc_tiles/Duodenum_CHGA_Female_43_148__r1c6.jpg,Duodenum_CHGA_Female_43_148__r1c6.jpg,Duodenum_CHGA_Female_43_148.jpg,1,6,4
loc_tiles/Duodenum_CHGA_Female_43_148__r1c7.jpg,Duodenum_CHGA_Female_43_148__r1c7.jpg,Duodenum_CHGA_Female_43_148.jpg,1,7,4
loc_tiles/Duodenum_CHGA_Female_43_148__r2c0.jpg,Duodenum_CHGA_Female_43_148__r2c0.jpg,Duodenum_CHGA_Female_43_148.jpg,2,0,4
loc_tiles/Duodenum_CHGA_Female_43_148__r2c1.jpg,Duodenum_CHGA_Female_43_148__r2c1.jpg,Duodenum_CHGA_Female_43_148.jpg,2,1,4
loc_tiles/Duodenum_CHGA_Female_43_148__r2c2.jpg,Duodenum_CHGA_Female_43_148__r2c2.jpg,Duodenum_CHGA_Female_43_148.jpg,2,2,4
loc_tiles/Duodenum_CHGA_Female_43_148__r2c3.jpg,Duodenum_CHGA_Female_43_148__r2c3.jpg,Duodenum_CHGA_Female_43_148.jpg,2,3,4
loc_tiles/Duodenum_CHGA_Female_43_148__r2c4.jpg,Duodenum_CHGA_Female_43_148__r2c4.jpg,Duodenum_CHGA_Female_43_148.jpg,2,4,4
loc_tiles/Duodenum_CHGA_Female_43_148__r2c5.jpg,Duodenum_CHGA_Female_43_148__r2c5.jpg,Duodenum_CHGA_Female_43_148.jpg,2,5,4
loc_tiles/Duodenum_CHGA_Female_43_148__r2c6.jpg,Duodenum_CHGA_Female_43_148__r2c6.jpg,Duodenum_CHGA_Female_43_148.jpg,2,6,4
loc_tiles/Duodenum_CHGA_Female_43_148__r2c7.jpg,Duodenum_CHGA_Female_43_148__r2c7.jpg,Duodenum_CHGA_Female_43_148.jpg,2,7,4
loc_tiles/Duodenum_CHGA_Female_43_148__r3c0.jpg,Duodenum_CHGA_Female_43_148__r3c0.jpg,Duodenum_CHGA_Female_43_148.jpg,3,0,4
loc_tiles/Duodenum_CHGA_Female_43_148__r3c1.jpg,Duodenum_CHGA_Female_43_148__r3c1.jpg,Duodenum_CHGA_Female_43_148.jpg,3,1,4
loc_tiles/Duodenum_CHGA_Female_43_148__r3c2.jpg,Duodenum_CHGA_Female_43_148__r3c2.jpg,Duodenum_CHGA_Female_43_148.jpg,3,2,4
loc_tiles/Duodenum_CHGA_Female_43_148__r3c3.jpg,Duodenum_CHGA_Female_43_148__r3c3.jpg,Duodenum_CHGA_Female_43_148.jpg,3,3,4
loc_tiles/Duodenum_CHGA_Female_43_148__r3c4.jpg,Duodenum_CHGA_Female_43_148__r3c4.jpg,Duodenum_CHGA_Female_43_148.jpg,3,4,4
loc_tiles/Duodenum_CHGA_Female_43_148__r3c5.jpg,Duodenum_CHGA_Female_43_148__r3c5.jpg,Duodenum_CHGA_Female_43_148.jpg,3,5,4
loc_tiles/Duodenum_CHGA_Female_43_148__r3c6.jpg,Duodenum_CHGA_Female_43_148__r3c6.jpg,Duodenum_CHGA_Female_43_148.jpg,3,6,4
loc_tiles/Duodenum_CHGA_Female_43_148__r3c7.jpg,Duodenum_CHGA_Female_43_148__r3c7.jpg,Duodenum_CHGA_Female_43_148.jpg,3,7,4
loc_tiles/Duodenum_CHGA_Female_43_148__r4c0.jpg,Duodenum_CHGA_Female_43_148__r4c0.jpg,Duodenum_CHGA_Female_43_148.jpg,4,0,4
loc_tiles/Duodenum_CHGA_Female_43_148__r4c1.jpg,Duodenum_CHGA_Female_43_148__r4c1.jpg,Duodenum_CHGA_Female_43_148.jpg,4,1,4
loc_tiles/Duodenum_CHGA_Female_43_148__r4c2.jpg,Duodenum_CHGA_Female_43_148__r4c2.jpg,Duodenum_CHGA_Female_43_148.jpg,4,2,4
loc_tiles/Duodenum_CHGA_Female_43_148__r4c3.jpg,Duodenum_CHGA_Female_43_148__r4c3.jpg,Duodenum_CHGA_Female_43_148.jpg,4,3,4
loc_tiles/Duodenum_CHGA_Female_43_148__r4c4.jpg,Duodenum_CHGA_Female_43_148__r4c4.jpg,Duodenum_CHGA_Female_43_148.jpg,4,4,4
loc_tiles/Duodenum_CHGA_Female_43_148__r4c5.jpg,Duodenum_CHGA_Female_43_148__r4c5.jpg,Duodenum_CHGA_Female_43_148.jpg,4,5,4
loc_tiles/Duodenum_CHGA_Female_43_148__r4c6.jpg,Duodenum_CHGA_Female_43_148__r4c6.jpg,Duodenum_CHGA_Female_43_148.jpg,4,6,4
loc_tiles/Duodenum_CHGA_Female_43_148__r4c7.jpg,Duodenum_CHGA_Female_43_148__r4c7.jpg,Duodenum_CHGA_Female_43_148.jpg,4,7,4
loc_tiles/Duodenum_CHGA_Female_43_148__r5c0.jpg,Duodenum_CHGA_Female_43_148__r5c0.jpg,Duodenum_CHGA_Female_43_148.jpg,5,0,4
loc_tiles/Duodenum_CHGA_Female_43_148__r5c1.jpg,Duodenum_CHGA_Female_43_148__r5c1.jpg,Duodenum_CHGA_Female_43_148.jpg,5,1,4
loc_tiles/Duodenum_CHGA_Female_43_148__r5c2.jpg,Duodenum_CHGA_Female_43_148__r5c2.jpg,Duodenum_CHGA_Female_43_148.jpg,5,2,4
loc_tiles/Duodenum_CHGA_Female_43_148__r5c3.jpg,Duodenum_CHGA_Female_43_148__r5c3.jpg,Duodenum_CHGA_Female_43_148.jpg,5,3,4
loc_tiles/Duodenum_CHGA_Female_43_148__r5c4.jpg,Duodenum_CHGA_Female_43_148__r5c4.jpg,Duodenum_CHGA_Female_43_148.jpg,5,4,4
loc_tiles/Duodenum_CHGA_Female_43_148__r5c5.jpg,Duodenum_CHGA_Female_43_148__r5c5.jpg,Duodenum_CHGA_Female_43_148.jpg,5,5,4
loc_tiles/Duodenum_CHGA_Female_43_148__r5c6.jpg,Duodenum_CHGA_Female_43_148__r5c6.jpg,Duodenum_CHGA_Female_43_148.jpg,5,6,4
loc_tiles/Duodenum_CHGA_Female_43_148__r5c7.jpg,Duodenum_CHGA_Female_43_148__r5c7.jpg,Duodenum_CHGA_Female_43_148.jpg,5,7,4
loc_tiles/Duodenum_CHGA_Female_43_148__r6c0.jpg,Duodenum_CHGA_Female_43_148__r6c0.jpg,Duodenum_CHGA_Female_43_148.jpg,6,0,4
loc_tiles/Duodenum_CHGA_Female_43_148__r6c1.jpg,Duodenum_CHGA_Female_43_148__r6c1.jpg,Duodenum_CHGA_Female_43_148.jpg,6,1,4
loc_tiles/Duodenum_CHGA_Female_43_148__r6c2.jpg,Duodenum_CHGA_Female_43_148__r6c2.jpg,Duodenum_CHGA_Female_43_148.jpg,6,2,4
loc_tiles/Duodenum_CHGA_Female_43_148__r6c3.jpg,Duodenum_CHGA_Female_43_148__r6c3.jpg,Duodenum_CHGA_Female_43_148.jpg,6,3,4
loc_tiles/Duodenum_CHGA_Female_43_148__r6c4.jpg,Duodenum_CHGA_Female_43_148__r6c4.jpg,Duodenum_CHGA_Female_43_148.jpg,6,4,4
loc_tiles/Duodenum_CHGA_Female_43_148__r6c5.jpg,Duodenum_CHGA_Female_43_148__r6c5.jpg,Duodenum_CHGA_Female_43_148.jpg,6,5,4
loc_tiles/Duodenum_CHGA_Female_43_148__r6c6.jpg,Duodenum_CHGA_Female_43_148__r6c6.jpg,Duodenum_CHGA_Female_43_148.jpg,6,6,4
loc_tiles/Duodenum_CHGA_Female_43_148__r6c7.jpg,Duodenum_CHGA_Female_43_148__r6c7.jpg,Duodenum_CHGA_Female_43_148.jpg,6,7,4
loc_tiles/Duodenum_CHGA_Female_43_148__r7c0.jpg,Duodenum_CHGA_Female_43_148__r7c0.jpg,Duodenum_CHGA_Female_43_148.jpg,7,0,4
loc_tiles/Duodenum_CHGA_Female_43_148__r7c1.jpg,Duodenum_CHGA_Female_43_148__r7c1.jpg,Duodenum_CHGA_Female_43_148.jpg,7,1,4
loc_tiles/Duodenum_CHGA_Female_43_148__r7c2.jpg,Duodenum_CHGA_Female_43_148__r7c2.jpg,Duodenum_CHGA_Female_43_148.jpg,7,2,4
loc_tiles/Duodenum_CHGA_Female_43_148__r7c3.jpg,Duodenum_CHGA_Female_43_148__r7c3.jpg,Duodenum_CHGA_Female_43_148.jpg,7,3,4
loc_tiles/Duodenum_CHGA_Female_43_148__r7c4.jpg,Duodenum_CHGA_Female_43_148__r7c4.jpg,Duodenum_CHGA_Female_43_148.jpg,7,4,4
loc_tiles/Duodenum_CHGA_Female_43_148__r7c5.jpg,Duodenum_CHGA_Female_43_148__r7c5.jpg,Duodenum_CHGA_Female_43_148.jpg,7,5,4
loc_tiles/Duodenum_CHGA_Female_43_148__r7c6.jpg,Duodenum_CHGA_Female_43_148__r7c6.jpg,Duodenum_CHGA_Female_43_148.jpg,7,6,4
loc_tiles/Duodenum_CHGA_Female_43_148__r7c7.jpg,Duodenum_CHGA_Female_43_148__r7c7.jpg,Duodenum_CHGA_Female_43_148.jpg,7,7,4
loc_tiles/Small_intestine_ACBD5_Male_71_2411__r0c0.jpg,Small_intestine_ACBD5_Male_71_2411__r0c0.jpg,Small_intestine_ACBD5_Male_71_2411.jpg,0,0,4
loc_tiles/Small_intestine_ACBD5_Male_71_2411__r0c1.jpg,Small_intestine_ACBD5_Male_71_2411__r0c1.jpg,Small_intestine_ACBD5_Male_71_2411.jpg,0,1,4
loc_tiles/Small_intestine_ACBD5_Male_71_2411__r0c2.jpg,Small_intestine_ACBD5_Male_71_2411__r0c2.jpg,Small_intestine_ACBD5_Male_71_2411.jpg,0,2,4
loc_tiles/Small_intestine_ACBD5_Male_71_2411__r0c3.jpg,Small_intestine_ACBD5_Male_71_2411__r0c3.jpg,Small_intestine_ACBD5_Male_71_2411.jpg,0,3,4
loc_tiles/Small_intestine_ACBD5_Male_71_2411__r0c4.jpg,Small_intestine_ACBD5_Male_71_2411__r0c4.jpg,Small_intestine_ACBD5_Male_71_2411.jpg,0,4,4
loc_tiles/Small_intestine_ACBD5_Male_71_2411__r0c5.jpg,Small_intestine_ACBD5_Male_71_2411__r0c5.jpg,Small_intestine_ACBD5_Male_71_2411.jpg,0,5,4
loc_tiles/Small_intestine_ACBD5_Male_71_2411__r0c6.jpg,Small_intestine_ACBD5_Male_71_2411__r0c6.jpg,Small_intestine_ACBD5_Male_71_2411.jpg,0,6,4
loc_tiles/Small_intestine_ACBD5_Male_71_2411__r0c7.jpg,Small_intestine_ACBD5_Male_71_2411__r0c7.jpg,Small_intestine_ACBD5_Male_71_2411.jpg,0,7,4
loc_tiles/Small_intestine_ACBD5_Male_71_2411__r1c0.jpg,Small_intestine_ACBD5_Male_71_2411__r1c0.jpg,Small_intestine_ACBD5_Male_71_2411.jpg,1,0,4
loc_tiles/Small_intestine_ACBD5_Male_71_2411__r1c1.jpg,Small_intestine_ACBD5_Male_71_2411__r1c1.jpg,Small_intestine_ACBD5_Male_71_2411.jpg,1,1,4
loc_tiles/Small_intestine_ACBD5_Male_71_2411__r1c2.jpg,Small_intestine_ACBD5_Male_71_2411__r1c2.jpg,Small_intestine_ACBD5_Male_71_2411.jpg,1,2,4
loc_tiles/Small_intestine_ACBD5_Male_71_2411__r1c3.jpg,Small_intestine_ACBD5_Male_71_2411__r1c3.jpg,Small_intestine_ACBD5_Male_71_2411.jpg,1,3,4
loc_tiles/Small_intestine_ACBD5_Male_71_2411__r1c4.jpg,Small_intestine_ACBD5_Male_71_2411__r1c4.jpg,Small_intestine_ACBD5_Male_71_2411.jpg,1,4,4
loc_tiles/Small_intestine_ACBD5_Male_71_2411__r1c5.jpg,Small_intestine_ACBD5_Male_71_2411__r1c5.jpg,Small_intestine_ACBD5_Male_71_2411.jpg,1,5,4
loc_tiles/Small_intestine_ACBD5_Male_71_2411__r1c6.jpg,Small_intestine_ACBD5_Male_71_2411__r1c6.jpg,Small_intestine_ACBD5_Male_71_2411.jpg,1,6,4
loc_tiles/Small_intestine_ACBD5_Male_71_2411__r1c7.jpg,Small_intestine_ACBD5_Male_71_2411__r1c7.jpg,Small_intestine_ACBD5_Male_71_2411.jpg,1,7,4
loc_tiles/Small_intestine_ACBD5_Male_71_2411__r2c0.jpg,Small_intestine_ACBD5_Male_71_2411__r2c0.jpg,Small_intestine_ACBD5_Male_71_2411.jpg,2,0,4
loc_tiles/Small_intestine_ACBD5_Male_71_2411__r2c1.jpg,Small_intestine_ACBD5_Male_71_2411__r2c1.jpg,Small_intestine_ACBD5_Male_71_2411.jpg,2,1,4
loc_tiles/Small_intestine_ACBD5_Male_71_2411__r2c2.jpg,Small_intestine_ACBD5_Male_71_2411__r2c2.jpg,Small_intestine_ACBD5_Male_71_2411.jpg,2,2,4
loc_tiles/Small_intestine_ACBD5_Male_71_2411__r2c3.jpg,Small_intestine_ACBD5_Male_71_2411__r2c3.jpg,Small_intestine_ACBD5_Male_71_2411.jpg,2,3,4
loc_tiles/Small_intestine_ACBD5_Male_71_2411__r2c4.jpg,Small_intestine_ACBD5_Male_71_2411__r2c4.jpg,Small_intestine_ACBD5_Male_71_2411.jpg,2,4,4
loc_tiles/Small_intestine_ACBD5_Male_71_2411__r2c5.jpg,Small_intestine_ACBD5_Male_71_2411__r2c5.jpg,Small_intestine_ACBD5_Male_71_2411.jpg,2,5,4
loc_tiles/Small_intestine_ACBD5_Male_71_2411__r2c6.jpg,Small_intestine_ACBD5_Male_71_2411__r2c6.jpg,Small_intestine_ACBD5_Male_71_2411.jpg,2,6,4
loc_tiles/Small_intestine_ACBD5_Male_71_2411__r2c7.jpg,Small_intestine_ACBD5_Male_71_2411__r2c7.jpg,Small_intestine_ACBD5_Male_71_2411.jpg,2,7,4
loc_tiles/Small_intestine_ACBD5_Male_71_2411__r3c0.jpg,Small_intestine_ACBD5_Male_71_2411__r3c0.jpg,Small_intestine_ACBD5_Male_71_2411.jpg,3,0,4
loc_tiles/Small_intestine_ACBD5_Male_71_2411__r3c1.jpg,Small_intestine_ACBD5_Male_71_2411__r3c1.jpg,Small_intestine_ACBD5_Male_71_2411.jpg,3,1,4
loc_tiles/Small_intestine_ACBD5_Male_71_2411__r3c2.jpg,Small_intestine_ACBD5_Male_71_2411__r3c2.jpg,Small_intestine_ACBD5_Male_71_2411.jpg,3,2,4
loc_tiles/Small_intestine_ACBD5_Male_71_2411__r3c3.jpg,Small_intestine_ACBD5_Male_71_2411__r3c3.jpg,Small_intestine_ACBD5_Male_71_2411.jpg,3,3,4
loc_tiles/Small_intestine_ACBD5_Male_71_2411__r3c4.jpg,Small_intestine_ACBD5_Male_71_2411__r3c4.jpg,Small_intestine_ACBD5_Male_71_2411.jpg,3,4,4
loc_tiles/Small_intestine_ACBD5_Male_71_2411__r3c5.jpg,Small_intestine_ACBD5_Male_71_2411__r3c5.jpg,Small_intestine_ACBD5_Male_71_2411.jpg,3,5,4
loc_tiles/Small_intestine_ACBD5_Male_71_2411__r3c6.jpg,Small_intestine_ACBD5_Male_71_2411__r3c6.jpg,Small_intestine_ACBD5_Male_71_2411.jpg,3,6,4
loc_tiles/Small_intestine_ACBD5_Male_71_2411__r3c7.jpg,Small_intestine_ACBD5_Male_71_2411__r3c7.jpg,Small_intestine_ACBD5_Male_71_2411.jpg,3,7,4
loc_tiles/Small_intestine_ACBD5_Male_71_2411__r4c0.jpg,Small_intestine_ACBD5_Male_71_2411__r4c0.jpg,Small_intestine_ACBD5_Male_71_2411.jpg,4,0,4
loc_tiles/Small_intestine_ACBD5_Male_71_2411__r4c1.jpg,Small_intestine_ACBD5_Male_71_2411__r4c1.jpg,Small_intestine_ACBD5_Male_71_2411.jpg,4,1,4
loc_tiles/Small_intestine_ACBD5_Male_71_2411__r4c2.jpg,Small_intestine_ACBD5_Male_71_2411__r4c2.jpg,Small_intestine_ACBD5_Male_71_2411.jpg,4,2,4
loc_tiles/Small_intestine_ACBD5_Male_71_2411__r4c3.jpg,Small_intestine_ACBD5_Male_71_2411__r4c3.jpg,Small_intestine_ACBD5_Male_71_2411.jpg,4,3,4
loc_tiles/Small_intestine_ACBD5_Male_71_2411__r4c4.jpg,Small_intestine_ACBD5_Male_71_2411__r4c4.jpg,Small_intestine_ACBD5_Male_71_2411.jpg,4,4,4
loc_tiles/Small_intestine_ACBD5_Male_71_2411__r4c5.jpg,Small_intestine_ACBD5_Male_71_2411__r4c5.jpg,Small_intestine_ACBD5_Male_71_2411.jpg,4,5,4
loc_tiles/Small_intestine_ACBD5_Male_71_2411__r4c6.jpg,Small_intestine_ACBD5_Male_71_2411__r4c6.jpg,Small_intestine_ACBD5_Male_71_2411.jpg,4,6,4
loc_tiles/Small_intestine_ACBD5_Male_71_2411__r4c7.jpg,Small_intestine_ACBD5_Male_71_2411__r4c7.jpg,Small_intestine_ACBD5_Male_71_2411.jpg,4,7,4
loc_tiles/Small_intestine_ACBD5_Male_71_2411__r5c0.jpg,Small_intestine_ACBD5_Male_71_2411__r5c0.jpg,Small_intestine_ACBD5_Male_71_2411.jpg,5,0,4
loc_tiles/Small_intestine_ACBD5_Male_71_2411__r5c1.jpg,Small_intestine_ACBD5_Male_71_2411__r5c1.jpg,Small_intestine_ACBD5_Male_71_2411.jpg,5,1,4
loc_tiles/Small_intestine_ACBD5_Male_71_2411__r5c2.jpg,Small_intestine_ACBD5_Male_71_2411__r5c2.jpg,Small_intestine_ACBD5_Male_71_2411.jpg,5,2,4
loc_tiles/Small_intestine_ACBD5_Male_71_2411__r5c3.jpg,Small_intestine_ACBD5_Male_71_2411__r5c3.jpg,Small_intestine_ACBD5_Male_71_2411.jpg,5,3,4
loc_tiles/Small_intestine_ACBD5_Male_71_2411__r5c4.jpg,Small_intestine_ACBD5_Male_71_2411__r5c4.jpg,Small_intestine_ACBD5_Male_71_2411.jpg,5,4,4
loc_tiles/Small_intestine_ACBD5_Male_71_2411__r5c5.jpg,Small_intestine_ACBD5_Male_71_2411__r5c5.jpg,Small_intestine_ACBD5_Male_71_2411.jpg,5,5,4
loc_tiles/Small_intestine_ACBD5_Male_71_2411__r5c6.jpg,Small_intestine_ACBD5_Male_71_2411__r5c6.jpg,Small_intestine_ACBD5_Male_71_2411.jpg,5,6,4
loc_tiles/Small_intestine_ACBD5_Male_71_2411__r5c7.jpg,Small_intestine_ACBD5_Male_71_2411__r5c7.jpg,Small_intestine_ACBD5_Male_71_2411.jpg,5,7,4
loc_tiles/Small_intestine_ACBD5_Male_71_2411__r6c0.jpg,Small_intestine_ACBD5_Male_71_2411__r6c0.jpg,Small_intestine_ACBD5_Male_71_2411.jpg,6,0,4
loc_tiles/Small_intestine_ACBD5_Male_71_2411__r6c1.jpg,Small_intestine_ACBD5_Male_71_2411__r6c1.jpg,Small_intestine_ACBD5_Male_71_2411.jpg,6,1,4
loc_tiles/Small_intestine_ACBD5_Male_71_2411__r6c2.jpg,Small_intestine_ACBD5_Male_71_2411__r6c2.jpg,Small_intestine_ACBD5_Male_71_2411.jpg,6,2,4
loc_tiles/Small_intestine_ACBD5_Male_71_2411__r6c3.jpg,Small_intestine_ACBD5_Male_71_2411__r6c3.jpg,Small_intestine_ACBD5_Male_71_2411.jpg,6,3,4
loc_tiles/Small_intestine_ACBD5_Male_71_2411__r6c4.jpg,Small_intestine_ACBD5_Male_71_2411__r6c4.jpg,Small_intestine_ACBD5_Male_71_2411.jpg,6,4,4
loc_tiles/Small_intestine_ACBD5_Male_71_2411__r6c5.jpg,Small_intestine_ACBD5_Male_71_2411__r6c5.jpg,Small_intestine_ACBD5_Male_71_2411.jpg,6,5,4
loc_tiles/Small_intestine_ACBD5_Male_71_2411__r6c6.jpg,Small_intestine_ACBD5_Male_71_2411__r6c6.jpg,Small_intestine_ACBD5_Male_71_2411.jpg,6,6,4
loc_tiles/Small_intestine_ACBD5_Male_71_2411__r6c7.jpg,Small_intestine_ACBD5_Male_71_2411__r6c7.jpg,Small_intestine_ACBD5_Male_71_2411.jpg,6,7,4
loc_tiles/Small_intestine_ACBD5_Male_71_2411__r7c0.jpg,Small_intestine_ACBD5_Male_71_2411__r7c0.jpg,Small_intestine_ACBD5_Male_71_2411.jpg,7,0,4
loc_tiles/Small_intestine_ACBD5_Male_71_2411__r7c1.jpg,Small_intestine_ACBD5_Male_71_2411__r7c1.jpg,Small_intestine_ACBD5_Male_71_2411.jpg,7,1,4
loc_tiles/Small_intestine_ACBD5_Male_71_2411__r7c2.jpg,Small_intestine_ACBD5_Male_71_2411__r7c2.jpg,Small_intestine_ACBD5_Male_71_2411.jpg,7,2,4
loc_tiles/Small_intestine_ACBD5_Male_71_2411__r7c3.jpg,Small_intestine_ACBD5_Male_71_2411__r7c3.jpg,Small_intestine_ACBD5_Male_71_2411.jpg,7,3,4
loc_tiles/Small_intestine_ACBD5_Male_71_2411__r7c4.jpg,Small_intestine_ACBD5_Male_71_2411__r7c4.jpg,Small_intestine_ACBD5_Male_71_2411.jpg,7,4,4
loc_tiles/Small_intestine_ACBD5_Male_71_2411__r7c5.jpg,Small_intestine_ACBD5_Male_71_2411__r7c5.jpg,Small_intestine_ACBD5_Male_71_2411.jpg,7,5,4
loc_tiles/Small_intestine_ACBD5_Male_71_2411__r7c6.jpg,Small_intestine_ACBD5_Male_71_2411__r7c6.jpg,Small_intestine_ACBD5_Male_71_2411.jpg,7,6,4
loc_tiles/Small_intestine_ACBD5_Male_71_2411__r7c7.jpg,Small_intestine_ACBD5_Male_71_2411__r7c7.jpg,Small_intestine_ACBD5_Male_71_2411.jpg,7,7,4
loc_tiles/Duodenum_C18orf32_Male_35_3219__r0c0.jpg,Duodenum_C18orf32_Male_35_3219__r0c0.jpg,Duodenum_C18orf32_Male_35_3219.jpg,0,0,4
loc_tiles/Duodenum_C18orf32_Male_35_3219__r0c1.jpg,Duodenum_C18orf32_Male_35_3219__r0c1.jpg,Duodenum_C18orf32_Male_35_3219.jpg,0,1,4
loc_tiles/Duodenum_C18orf32_Male_35_3219__r0c2.jpg,Duodenum_C18orf32_Male_35_3219__r0c2.jpg,Duodenum_C18orf32_Male_35_3219.jpg,0,2,4
loc_tiles/Duodenum_C18orf32_Male_35_3219__r0c3.jpg,Duodenum_C18orf32_Male_35_3219__r0c3.jpg,Duodenum_C18orf32_Male_35_3219.jpg,0,3,4
loc_tiles/Duodenum_C18orf32_Male_35_3219__r0c4.jpg,Duodenum_C18orf32_Male_35_3219__r0c4.jpg,Duodenum_C18orf32_Male_35_3219.jpg,0,4,4
loc_tiles/Duodenum_C18orf32_Male_35_3219__r0c5.jpg,Duodenum_C18orf32_Male_35_3219__r0c5.jpg,Duodenum_C18orf32_Male_35_3219.jpg,0,5,4
loc_tiles/Duodenum_C18orf32_Male_35_3219__r0c6.jpg,Duodenum_C18orf32_Male_35_3219__r0c6.jpg,Duodenum_C18orf32_Male_35_3219.jpg,0,6,4
loc_tiles/Duodenum_C18orf32_Male_35_3219__r0c7.jpg,Duodenum_C18orf32_Male_35_3219__r0c7.jpg,Duodenum_C18orf32_Male_35_3219.jpg,0,7,4
loc_tiles/Duodenum_C18orf32_Male_35_3219__r1c0.jpg,Duodenum_C18orf32_Male_35_3219__r1c0.jpg,Duodenum_C18orf32_Male_35_3219.jpg,1,0,4
loc_tiles/Duodenum_C18orf32_Male_35_3219__r1c1.jpg,Duodenum_C18orf32_Male_35_3219__r1c1.jpg,Duodenum_C18orf32_Male_35_3219.jpg,1,1,4
loc_tiles/Duodenum_C18orf32_Male_35_3219__r1c2.jpg,Duodenum_C18orf32_Male_35_3219__r1c2.jpg,Duodenum_C18orf32_Male_35_3219.jpg,1,2,4
loc_tiles/Duodenum_C18orf32_Male_35_3219__r1c3.jpg,Duodenum_C18orf32_Male_35_3219__r1c3.jpg,Duodenum_C18orf32_Male_35_3219.jpg,1,3,4
loc_tiles/Duodenum_C18orf32_Male_35_3219__r1c4.jpg,Duodenum_C18orf32_Male_35_3219__r1c4.jpg,Duodenum_C18orf32_Male_35_3219.jpg,1,4,4
loc_tiles/Duodenum_C18orf32_Male_35_3219__r1c5.jpg,Duodenum_C18orf32_Male_35_3219__r1c5.jpg,Duodenum_C18orf32_Male_35_3219.jpg,1,5,4
loc_tiles/Duodenum_C18orf32_Male_35_3219__r1c6.jpg,Duodenum_C18orf32_Male_35_3219__r1c6.jpg,Duodenum_C18orf32_Male_35_3219.jpg,1,6,4
loc_tiles/Duodenum_C18orf32_Male_35_3219__r1c7.jpg,Duodenum_C18orf32_Male_35_3219__r1c7.jpg,Duodenum_C18orf32_Male_35_3219.jpg,1,7,4
loc_tiles/Duodenum_C18orf32_Male_35_3219__r2c0.jpg,Duodenum_C18orf32_Male_35_3219__r2c0.jpg,Duodenum_C18orf32_Male_35_3219.jpg,2,0,4
loc_tiles/Duodenum_C18orf32_Male_35_3219__r2c1.jpg,Duodenum_C18orf32_Male_35_3219__r2c1.jpg,Duodenum_C18orf32_Male_35_3219.jpg,2,1,4
loc_tiles/Duodenum_C18orf32_Male_35_3219__r2c2.jpg,Duodenum_C18orf32_Male_35_3219__r2c2.jpg,Duodenum_C18orf32_Male_35_3219.jpg,2,2,4
loc_tiles/Duodenum_C18orf32_Male_35_3219__r2c3.jpg,Duodenum_C18orf32_Male_35_3219__r2c3.jpg,Duodenum_C18orf32_Male_35_3219.jpg,2,3,4
loc_tiles/Duodenum_C18orf32_Male_35_3219__r2c4.jpg,Duodenum_C18orf32_Male_35_3219__r2c4.jpg,Duodenum_C18orf32_Male_35_3219.jpg,2,4,4
loc_tiles/Duodenum_C18orf32_Male_35_3219__r2c5.jpg,Duodenum_C18orf32_Male_35_3219__r2c5.jpg,Duodenum_C18orf32_Male_35_3219.jpg,2,5,4
loc_tiles/Duodenum_C18orf32_Male_35_3219__r2c6.jpg,Duodenum_C18orf32_Male_35_3219__r2c6.jpg,Duodenum_C18orf32_Male_35_3219.jpg,2,6,4
loc_tiles/Duodenum_C18orf32_Male_35_3219__r2c7.jpg,Duodenum_C18orf32_Male_35_3219__r2c7.jpg,Duodenum_C18orf32_Male_35_3219.jpg,2,7,4
loc_tiles/Duodenum_C18orf32_Male_35_3219__r3c0.jpg,Duodenum_C18orf32_Male_35_3219__r3c0.jpg,Duodenum_C18orf32_Male_35_3219.jpg,3,0,4
loc_tiles/Duodenum_C18orf32_Male_35_3219__r3c1.jpg,Duodenum_C18orf32_Male_35_3219__r3c1.jpg,Duodenum_C18orf32_Male_35_3219.jpg,3,1,4
loc_tiles/Duodenum_C18orf32_Male_35_3219__r3c2.jpg,Duodenum_C18orf32_Male_35_3219__r3c2.jpg,Duodenum_C18orf32_Male_35_3219.jpg,3,2,4
loc_tiles/Duodenum_C18orf32_Male_35_3219__r3c3.jpg,Duodenum_C18orf32_Male_35_3219__r3c3.jpg,Duodenum_C18orf32_Male_35_3219.jpg,3,3,4
loc_tiles/Duodenum_C18orf32_Male_35_3219__r3c4.jpg,Duodenum_C18orf32_Male_35_3219__r3c4.jpg,Duodenum_C18orf32_Male_35_3219.jpg,3,4,4
loc_tiles/Duodenum_C18orf32_Male_35_3219__r3c5.jpg,Duodenum_C18orf32_Male_35_3219__r3c5.jpg,Duodenum_C18orf32_Male_35_3219.jpg,3,5,4
loc_tiles/Duodenum_C18orf32_Male_35_3219__r3c6.jpg,Duodenum_C18orf32_Male_35_3219__r3c6.jpg,Duodenum_C18orf32_Male_35_3219.jpg,3,6,4
loc_tiles/Duodenum_C18orf32_Male_35_3219__r3c7.jpg,Duodenum_C18orf32_Male_35_3219__r3c7.jpg,Duodenum_C18orf32_Male_35_3219.jpg,3,7,4
loc_tiles/Duodenum_C18orf32_Male_35_3219__r4c0.jpg,Duodenum_C18orf32_Male_35_3219__r4c0.jpg,Duodenum_C18orf32_Male_35_3219.jpg,4,0,4
loc_tiles/Duodenum_C18orf32_Male_35_3219__r4c1.jpg,Duodenum_C18orf32_Male_35_3219__r4c1.jpg,Duodenum_C18orf32_Male_35_3219.jpg,4,1,4
loc_tiles/Duodenum_C18orf32_Male_35_3219__r4c2.jpg,Duodenum_C18orf32_Male_35_3219__r4c2.jpg,Duodenum_C18orf32_Male_35_3219.jpg,4,2,4
loc_tiles/Duodenum_C18orf32_Male_35_3219__r4c3.jpg,Duodenum_C18orf32_Male_35_3219__r4c3.jpg,Duodenum_C18orf32_Male_35_3219.jpg,4,3,4
loc_tiles/Duodenum_C18orf32_Male_35_3219__r4c4.jpg,Duodenum_C18orf32_Male_35_3219__r4c4.jpg,Duodenum_C18orf32_Male_35_3219.jpg,4,4,4
loc_tiles/Duodenum_C18orf32_Male_35_3219__r4c5.jpg,Duodenum_C18orf32_Male_35_3219__r4c5.jpg,Duodenum_C18orf32_Male_35_3219.jpg,4,5,4
loc_tiles/Duodenum_C18orf32_Male_35_3219__r4c6.jpg,Duodenum_C18orf32_Male_35_3219__r4c6.jpg,Duodenum_C18orf32_Male_35_3219.jpg,4,6,4
loc_tiles/Duodenum_C18orf32_Male_35_3219__r4c7.jpg,Duodenum_C18orf32_Male_35_3219__r4c7.jpg,Duodenum_C18orf32_Male_35_3219.jpg,4,7,4
loc_tiles/Duodenum_C18orf32_Male_35_3219__r5c0.jpg,Duodenum_C18orf32_Male_35_3219__r5c0.jpg,Duodenum_C18orf32_Male_35_3219.jpg,5,0,4
loc_tiles/Duodenum_C18orf32_Male_35_3219__r5c1.jpg,Duodenum_C18orf32_Male_35_3219__r5c1.jpg,Duodenum_C18orf32_Male_35_3219.jpg,5,1,4
loc_tiles/Duodenum_C18orf32_Male_35_3219__r5c2.jpg,Duodenum_C18orf32_Male_35_3219__r5c2.jpg,Duodenum_C18orf32_Male_35_3219.jpg,5,2,4
loc_tiles/Duodenum_C18orf32_Male_35_3219__r5c3.jpg,Duodenum_C18orf32_Male_35_3219__r5c3.jpg,Duodenum_C18orf32_Male_35_3219.jpg,5,3,4
loc_tiles/Duodenum_C18orf32_Male_35_3219__r5c4.jpg,Duodenum_C18orf32_Male_35_3219__r5c4.jpg,Duodenum_C18orf32_Male_35_3219.jpg,5,4,4
loc_tiles/Duodenum_C18orf32_Male_35_3219__r5c5.jpg,Duodenum_C18orf32_Male_35_3219__r5c5.jpg,Duodenum_C18orf32_Male_35_3219.jpg,5,5,4
loc_tiles/Duodenum_C18orf32_Male_35_3219__r5c6.jpg,Duodenum_C18orf32_Male_35_3219__r5c6.jpg,Duodenum_C18orf32_Male_35_3219.jpg,5,6,4
loc_tiles/Duodenum_C18orf32_Male_35_3219__r5c7.jpg,Duodenum_C18orf32_Male_35_3219__r5c7.jpg,Duodenum_C18orf32_Male_35_3219.jpg,5,7,4
loc_tiles/Duodenum_C18orf32_Male_35_3219__r6c0.jpg,Duodenum_C18orf32_Male_35_3219__r6c0.jpg,Duodenum_C18orf32_Male_35_3219.jpg,6,0,4
loc_tiles/Duodenum_C18orf32_Male_35_3219__r6c1.jpg,Duodenum_C18orf32_Male_35_3219__r6c1.jpg,Duodenum_C18orf32_Male_35_3219.jpg,6,1,4
loc_tiles/Duodenum_C18orf32_Male_35_3219__r6c2.jpg,Duodenum_C18orf32_Male_35_3219__r6c2.jpg,Duodenum_C18orf32_Male_35_3219.jpg,6,2,4
loc_tiles/Duodenum_C18orf32_Male_35_3219__r6c3.jpg,Duodenum_C18orf32_Male_35_3219__r6c3.jpg,Duodenum_C18orf32_Male_35_3219.jpg,6,3,4
loc_tiles/Duodenum_C18orf32_Male_35_3219__r6c4.jpg,Duodenum_C18orf32_Male_35_3219__r6c4.jpg,Duodenum_C18orf32_Male_35_3219.jpg,6,4,4
loc_tiles/Duodenum_C18orf32_Male_35_3219__r6c5.jpg,Duodenum_C18orf32_Male_35_3219__r6c5.jpg,Duodenum_C18orf32_Male_35_3219.jpg,6,5,4
loc_tiles/Duodenum_C18orf32_Male_35_3219__r6c6.jpg,Duodenum_C18orf32_Male_35_3219__r6c6.jpg,Duodenum_C18orf32_Male_35_3219.jpg,6,6,4
loc_tiles/Duodenum_C18orf32_Male_35_3219__r6c7.jpg,Duodenum_C18orf32_Male_35_3219__r6c7.jpg,Duodenum_C18orf32_Male_35_3219.jpg,6,7,4
loc_tiles/Duodenum_C18orf32_Male_35_3219__r7c0.jpg,Duodenum_C18orf32_Male_35_3219__r7c0.jpg,Duodenum_C18orf32_Male_35_3219.jpg,7,0,4
loc_tiles/Duodenum_C18orf32_Male_35_3219__r7c1.jpg,Duodenum_C18orf32_Male_35_3219__r7c1.jpg,Duodenum_C18orf32_Male_35_3219.jpg,7,1,4
loc_tiles/Duodenum_C18orf32_Male_35_3219__r7c2.jpg,Duodenum_C18orf32_Male_35_3219__r7c2.jpg,Duodenum_C18orf32_Male_35_3219.jpg,7,2,4
loc_tiles/Duodenum_C18orf32_Male_35_3219__r7c3.jpg,Duodenum_C18orf32_Male_35_3219__r7c3.jpg,Duodenum_C18orf32_Male_35_3219.jpg,7,3,4
loc_tiles/Duodenum_C18orf32_Male_35_3219__r7c4.jpg,Duodenum_C18orf32_Male_35_3219__r7c4.jpg,Duodenum_C18orf32_Male_35_3219.jpg,7,4,4
loc_tiles/Duodenum_C18orf32_Male_35_3219__r7c5.jpg,Duodenum_C18orf32_Male_35_3219__r7c5.jpg,Duodenum_C18orf32_Male_35_3219.jpg,7,5,4
loc_tiles/Duodenum_C18orf32_Male_35_3219__r7c6.jpg,Duodenum_C18orf32_Male_35_3219__r7c6.jpg,Duodenum_C18orf32_Male_35_3219.jpg,7,6,4
loc_tiles/Duodenum_C18orf32_Male_35_3219__r7c7.jpg,Duodenum_C18orf32_Male_35_3219__r7c7.jpg,Duodenum_C18orf32_Male_35_3219.jpg,7,7,4
loc_tiles/Duodenum_AAGAB_Female_62_3515__r0c0.jpg,Duodenum_AAGAB_Female_62_3515__r0c0.jpg,Duodenum_AAGAB_Female_62_3515.jpg,0,0,4
loc_tiles/Duodenum_AAGAB_Female_62_3515__r0c1.jpg,Duodenum_AAGAB_Female_62_3515__r0c1.jpg,Duodenum_AAGAB_Female_62_3515.jpg,0,1,4
loc_tiles/Duodenum_AAGAB_Female_62_3515__r0c2.jpg,Duodenum_AAGAB_Female_62_3515__r0c2.jpg,Duodenum_AAGAB_Female_62_3515.jpg,0,2,4
loc_tiles/Duodenum_AAGAB_Female_62_3515__r0c3.jpg,Duodenum_AAGAB_Female_62_3515__r0c3.jpg,Duodenum_AAGAB_Female_62_3515.jpg,0,3,4
loc_tiles/Duodenum_AAGAB_Female_62_3515__r0c4.jpg,Duodenum_AAGAB_Female_62_3515__r0c4.jpg,Duodenum_AAGAB_Female_62_3515.jpg,0,4,4
loc_tiles/Duodenum_AAGAB_Female_62_3515__r0c5.jpg,Duodenum_AAGAB_Female_62_3515__r0c5.jpg,Duodenum_AAGAB_Female_62_3515.jpg,0,5,4
loc_tiles/Duodenum_AAGAB_Female_62_3515__r0c6.jpg,Duodenum_AAGAB_Female_62_3515__r0c6.jpg,Duodenum_AAGAB_Female_62_3515.jpg,0,6,4
loc_tiles/Duodenum_AAGAB_Female_62_3515__r0c7.jpg,Duodenum_AAGAB_Female_62_3515__r0c7.jpg,Duodenum_AAGAB_Female_62_3515.jpg,0,7,4
loc_tiles/Duodenum_AAGAB_Female_62_3515__r1c0.jpg,Duodenum_AAGAB_Female_62_3515__r1c0.jpg,Duodenum_AAGAB_Female_62_3515.jpg,1,0,4
loc_tiles/Duodenum_AAGAB_Female_62_3515__r1c1.jpg,Duodenum_AAGAB_Female_62_3515__r1c1.jpg,Duodenum_AAGAB_Female_62_3515.jpg,1,1,4
loc_tiles/Duodenum_AAGAB_Female_62_3515__r1c2.jpg,Duodenum_AAGAB_Female_62_3515__r1c2.jpg,Duodenum_AAGAB_Female_62_3515.jpg,1,2,4
loc_tiles/Duodenum_AAGAB_Female_62_3515__r1c3.jpg,Duodenum_AAGAB_Female_62_3515__r1c3.jpg,Duodenum_AAGAB_Female_62_3515.jpg,1,3,4
loc_tiles/Duodenum_AAGAB_Female_62_3515__r1c4.jpg,Duodenum_AAGAB_Female_62_3515__r1c4.jpg,Duodenum_AAGAB_Female_62_3515.jpg,1,4,4
loc_tiles/Duodenum_AAGAB_Female_62_3515__r1c5.jpg,Duodenum_AAGAB_Female_62_3515__r1c5.jpg,Duodenum_AAGAB_Female_62_3515.jpg,1,5,4
loc_tiles/Duodenum_AAGAB_Female_62_3515__r1c6.jpg,Duodenum_AAGAB_Female_62_3515__r1c6.jpg,Duodenum_AAGAB_Female_62_3515.jpg,1,6,4
loc_tiles/Duodenum_AAGAB_Female_62_3515__r1c7.jpg,Duodenum_AAGAB_Female_62_3515__r1c7.jpg,Duodenum_AAGAB_Female_62_3515.jpg,1,7,4
loc_tiles/Duodenum_AAGAB_Female_62_3515__r2c0.jpg,Duodenum_AAGAB_Female_62_3515__r2c0.jpg,Duodenum_AAGAB_Female_62_3515.jpg,2,0,4
loc_tiles/Duodenum_AAGAB_Female_62_3515__r2c1.jpg,Duodenum_AAGAB_Female_62_3515__r2c1.jpg,Duodenum_AAGAB_Female_62_3515.jpg,2,1,4
loc_tiles/Duodenum_AAGAB_Female_62_3515__r2c2.jpg,Duodenum_AAGAB_Female_62_3515__r2c2.jpg,Duodenum_AAGAB_Female_62_3515.jpg,2,2,4
loc_tiles/Duodenum_AAGAB_Female_62_3515__r2c3.jpg,Duodenum_AAGAB_Female_62_3515__r2c3.jpg,Duodenum_AAGAB_Female_62_3515.jpg,2,3,4
loc_tiles/Duodenum_AAGAB_Female_62_3515__r2c4.jpg,Duodenum_AAGAB_Female_62_3515__r2c4.jpg,Duodenum_AAGAB_Female_62_3515.jpg,2,4,4
loc_tiles/Duodenum_AAGAB_Female_62_3515__r2c5.jpg,Duodenum_AAGAB_Female_62_3515__r2c5.jpg,Duodenum_AAGAB_Female_62_3515.jpg,2,5,4
loc_tiles/Duodenum_AAGAB_Female_62_3515__r2c6.jpg,Duodenum_AAGAB_Female_62_3515__r2c6.jpg,Duodenum_AAGAB_Female_62_3515.jpg,2,6,4
loc_tiles/Duodenum_AAGAB_Female_62_3515__r2c7.jpg,Duodenum_AAGAB_Female_62_3515__r2c7.jpg,Duodenum_AAGAB_Female_62_3515.jpg,2,7,4
loc_tiles/Duodenum_AAGAB_Female_62_3515__r3c0.jpg,Duodenum_AAGAB_Female_62_3515__r3c0.jpg,Duodenum_AAGAB_Female_62_3515.jpg,3,0,4
loc_tiles/Duodenum_AAGAB_Female_62_3515__r3c1.jpg,Duodenum_AAGAB_Female_62_3515__r3c1.jpg,Duodenum_AAGAB_Female_62_3515.jpg,3,1,4
loc_tiles/Duodenum_AAGAB_Female_62_3515__r3c2.jpg,Duodenum_AAGAB_Female_62_3515__r3c2.jpg,Duodenum_AAGAB_Female_62_3515.jpg,3,2,4
loc_tiles/Duodenum_AAGAB_Female_62_3515__r3c3.jpg,Duodenum_AAGAB_Female_62_3515__r3c3.jpg,Duodenum_AAGAB_Female_62_3515.jpg,3,3,4
loc_tiles/Duodenum_AAGAB_Female_62_3515__r3c4.jpg,Duodenum_AAGAB_Female_62_3515__r3c4.jpg,Duodenum_AAGAB_Female_62_3515.jpg,3,4,4
loc_tiles/Duodenum_AAGAB_Female_62_3515__r3c5.jpg,Duodenum_AAGAB_Female_62_3515__r3c5.jpg,Duodenum_AAGAB_Female_62_3515.jpg,3,5,4
loc_tiles/Duodenum_AAGAB_Female_62_3515__r3c6.jpg,Duodenum_AAGAB_Female_62_3515__r3c6.jpg,Duodenum_AAGAB_Female_62_3515.jpg,3,6,4
loc_tiles/Duodenum_AAGAB_Female_62_3515__r3c7.jpg,Duodenum_AAGAB_Female_62_3515__r3c7.jpg,Duodenum_AAGAB_Female_62_3515.jpg,3,7,4
loc_tiles/Duodenum_AAGAB_Female_62_3515__r4c0.jpg,Duodenum_AAGAB_Female_62_3515__r4c0.jpg,Duodenum_AAGAB_Female_62_3515.jpg,4,0,4
loc_tiles/Duodenum_AAGAB_Female_62_3515__r4c1.jpg,Duodenum_AAGAB_Female_62_3515__r4c1.jpg,Duodenum_AAGAB_Female_62_3515.jpg,4,1,4
loc_tiles/Duodenum_AAGAB_Female_62_3515__r4c2.jpg,Duodenum_AAGAB_Female_62_3515__r4c2.jpg,Duodenum_AAGAB_Female_62_3515.jpg,4,2,4
loc_tiles/Duodenum_AAGAB_Female_62_3515__r4c3.jpg,Duodenum_AAGAB_Female_62_3515__r4c3.jpg,Duodenum_AAGAB_Female_62_3515.jpg,4,3,4
loc_tiles/Duodenum_AAGAB_Female_62_3515__r4c4.jpg,Duodenum_AAGAB_Female_62_3515__r4c4.jpg,Duodenum_AAGAB_Female_62_3515.jpg,4,4,4
loc_tiles/Duodenum_AAGAB_Female_62_3515__r4c5.jpg,Duodenum_AAGAB_Female_62_3515__r4c5.jpg,Duodenum_AAGAB_Female_62_3515.jpg,4,5,4
loc_tiles/Duodenum_AAGAB_Female_62_3515__r4c6.jpg,Duodenum_AAGAB_Female_62_3515__r4c6.jpg,Duodenum_AAGAB_Female_62_3515.jpg,4,6,4
loc_tiles/Duodenum_AAGAB_Female_62_3515__r4c7.jpg,Duodenum_AAGAB_Female_62_3515__r4c7.jpg,Duodenum_AAGAB_Female_62_3515.jpg,4,7,4
loc_tiles/Duodenum_AAGAB_Female_62_3515__r5c0.jpg,Duodenum_AAGAB_Female_62_3515__r5c0.jpg,Duodenum_AAGAB_Female_62_3515.jpg,5,0,4
loc_tiles/Duodenum_AAGAB_Female_62_3515__r5c1.jpg,Duodenum_AAGAB_Female_62_3515__r5c1.jpg,Duodenum_AAGAB_Female_62_3515.jpg,5,1,4
loc_tiles/Duodenum_AAGAB_Female_62_3515__r5c2.jpg,Duodenum_AAGAB_Female_62_3515__r5c2.jpg,Duodenum_AAGAB_Female_62_3515.jpg,5,2,4
loc_tiles/Duodenum_AAGAB_Female_62_3515__r5c3.jpg,Duodenum_AAGAB_Female_62_3515__r5c3.jpg,Duodenum_AAGAB_Female_62_3515.jpg,5,3,4
loc_tiles/Duodenum_AAGAB_Female_62_3515__r5c4.jpg,Duodenum_AAGAB_Female_62_3515__r5c4.jpg,Duodenum_AAGAB_Female_62_3515.jpg,5,4,4
loc_tiles/Duodenum_AAGAB_Female_62_3515__r5c5.jpg,Duodenum_AAGAB_Female_62_3515__r5c5.jpg,Duodenum_AAGAB_Female_62_3515.jpg,5,5,4
loc_tiles/Duodenum_AAGAB_Female_62_3515__r5c6.jpg,Duodenum_AAGAB_Female_62_3515__r5c6.jpg,Duodenum_AAGAB_Female_62_3515.jpg,5,6,4
loc_tiles/Duodenum_AAGAB_Female_62_3515__r5c7.jpg,Duodenum_AAGAB_Female_62_3515__r5c7.jpg,Duodenum_AAGAB_Female_62_3515.jpg,5,7,4
loc_tiles/Duodenum_AAGAB_Female_62_3515__r6c0.jpg,Duodenum_AAGAB_Female_62_3515__r6c0.jpg,Duodenum_AAGAB_Female_62_3515.jpg,6,0,4
loc_tiles/Duodenum_AAGAB_Female_62_3515__r6c1.jpg,Duodenum_AAGAB_Female_62_3515__r6c1.jpg,Duodenum_AAGAB_Female_62_3515.jpg,6,1,4
loc_tiles/Duodenum_AAGAB_Female_62_3515__r6c2.jpg,Duodenum_AAGAB_Female_62_3515__r6c2.jpg,Duodenum_AAGAB_Female_62_3515.jpg,6,2,4
loc_tiles/Duodenum_AAGAB_Female_62_3515__r6c3.jpg,Duodenum_AAGAB_Female_62_3515__r6c3.jpg,Duodenum_AAGAB_Female_62_3515.jpg,6,3,4
loc_tiles/Duodenum_AAGAB_Female_62_3515__r6c4.jpg,Duodenum_AAGAB_Female_62_3515__r6c4.jpg,Duodenum_AAGAB_Female_62_3515.jpg,6,4,4
loc_tiles/Duodenum_AAGAB_Female_62_3515__r6c5.jpg,Duodenum_AAGAB_Female_62_3515__r6c5.jpg,Duodenum_AAGAB_Female_62_3515.jpg,6,5,4
loc_tiles/Duodenum_AAGAB_Female_62_3515__r6c6.jpg,Duodenum_AAGAB_Female_62_3515__r6c6.jpg,Duodenum_AAGAB_Female_62_3515.jpg,6,6,4
loc_tiles/Duodenum_AAGAB_Female_62_3515__r6c7.jpg,Duodenum_AAGAB_Female_62_3515__r6c7.jpg,Duodenum_AAGAB_Female_62_3515.jpg,6,7,4
loc_tiles/Duodenum_AAGAB_Female_62_3515__r7c0.jpg,Duodenum_AAGAB_Female_62_3515__r7c0.jpg,Duodenum_AAGAB_Female_62_3515.jpg,7,0,4
loc_tiles/Duodenum_AAGAB_Female_62_3515__r7c1.jpg,Duodenum_AAGAB_Female_62_3515__r7c1.jpg,Duodenum_AAGAB_Female_62_3515.jpg,7,1,4
loc_tiles/Duodenum_AAGAB_Female_62_3515__r7c2.jpg,Duodenum_AAGAB_Female_62_3515__r7c2.jpg,Duodenum_AAGAB_Female_62_3515.jpg,7,2,4
loc_tiles/Duodenum_AAGAB_Female_62_3515__r7c3.jpg,Duodenum_AAGAB_Female_62_3515__r7c3.jpg,Duodenum_AAGAB_Female_62_3515.jpg,7,3,4
loc_tiles/Duodenum_AAGAB_Female_62_3515__r7c4.jpg,Duodenum_AAGAB_Female_62_3515__r7c4.jpg,Duodenum_AAGAB_Female_62_3515.jpg,7,4,4
loc_tiles/Duodenum_AAGAB_Female_62_3515__r7c5.jpg,Duodenum_AAGAB_Female_62_3515__r7c5.jpg,Duodenum_AAGAB_Female_62_3515.jpg,7,5,4
loc_tiles/Duodenum_AAGAB_Female_62_3515__r7c6.jpg,Duodenum_AAGAB_Female_62_3515__r7c6.jpg,Duodenum_AAGAB_Female_62_3515.jpg,7,6,4
loc_tiles/Duodenum_AAGAB_Female_62_3515__r7c7.jpg,Duodenum_AAGAB_Female_62_3515__r7c7.jpg,Duodenum_AAGAB_Female_62_3515.jpg,7,7,4
loc_tiles/Duodenum_COX4I1_Male_66_2329__r0c0.jpg,Duodenum_COX4I1_Male_66_2329__r0c0.jpg,Duodenum_COX4I1_Male_66_2329.jpg,0,0,5
loc_tiles/Duodenum_COX4I1_Male_66_2329__r0c1.jpg,Duodenum_COX4I1_Male_66_2329__r0c1.jpg,Duodenum_COX4I1_Male_66_2329.jpg,0,1,5
loc_tiles/Duodenum_COX4I1_Male_66_2329__r0c2.jpg,Duodenum_COX4I1_Male_66_2329__r0c2.jpg,Duodenum_COX4I1_Male_66_2329.jpg,0,2,5
loc_tiles/Duodenum_COX4I1_Male_66_2329__r0c3.jpg,Duodenum_COX4I1_Male_66_2329__r0c3.jpg,Duodenum_COX4I1_Male_66_2329.jpg,0,3,5
loc_tiles/Duodenum_COX4I1_Male_66_2329__r0c4.jpg,Duodenum_COX4I1_Male_66_2329__r0c4.jpg,Duodenum_COX4I1_Male_66_2329.jpg,0,4,5
loc_tiles/Duodenum_COX4I1_Male_66_2329__r0c5.jpg,Duodenum_COX4I1_Male_66_2329__r0c5.jpg,Duodenum_COX4I1_Male_66_2329.jpg,0,5,5
loc_tiles/Duodenum_COX4I1_Male_66_2329__r0c6.jpg,Duodenum_COX4I1_Male_66_2329__r0c6.jpg,Duodenum_COX4I1_Male_66_2329.jpg,0,6,5
loc_tiles/Duodenum_COX4I1_Male_66_2329__r0c7.jpg,Duodenum_COX4I1_Male_66_2329__r0c7.jpg,Duodenum_COX4I1_Male_66_2329.jpg,0,7,5
loc_tiles/Duodenum_COX4I1_Male_66_2329__r1c0.jpg,Duodenum_COX4I1_Male_66_2329__r1c0.jpg,Duodenum_COX4I1_Male_66_2329.jpg,1,0,5
loc_tiles/Duodenum_COX4I1_Male_66_2329__r1c1.jpg,Duodenum_COX4I1_Male_66_2329__r1c1.jpg,Duodenum_COX4I1_Male_66_2329.jpg,1,1,5
loc_tiles/Duodenum_COX4I1_Male_66_2329__r1c2.jpg,Duodenum_COX4I1_Male_66_2329__r1c2.jpg,Duodenum_COX4I1_Male_66_2329.jpg,1,2,5
loc_tiles/Duodenum_COX4I1_Male_66_2329__r1c3.jpg,Duodenum_COX4I1_Male_66_2329__r1c3.jpg,Duodenum_COX4I1_Male_66_2329.jpg,1,3,5
loc_tiles/Duodenum_COX4I1_Male_66_2329__r1c4.jpg,Duodenum_COX4I1_Male_66_2329__r1c4.jpg,Duodenum_COX4I1_Male_66_2329.jpg,1,4,5
loc_tiles/Duodenum_COX4I1_Male_66_2329__r1c5.jpg,Duodenum_COX4I1_Male_66_2329__r1c5.jpg,Duodenum_COX4I1_Male_66_2329.jpg,1,5,5
loc_tiles/Duodenum_COX4I1_Male_66_2329__r1c6.jpg,Duodenum_COX4I1_Male_66_2329__r1c6.jpg,Duodenum_COX4I1_Male_66_2329.jpg,1,6,5
loc_tiles/Duodenum_COX4I1_Male_66_2329__r1c7.jpg,Duodenum_COX4I1_Male_66_2329__r1c7.jpg,Duodenum_COX4I1_Male_66_2329.jpg,1,7,5
loc_tiles/Duodenum_COX4I1_Male_66_2329__r2c0.jpg,Duodenum_COX4I1_Male_66_2329__r2c0.jpg,Duodenum_COX4I1_Male_66_2329.jpg,2,0,5
loc_tiles/Duodenum_COX4I1_Male_66_2329__r2c1.jpg,Duodenum_COX4I1_Male_66_2329__r2c1.jpg,Duodenum_COX4I1_Male_66_2329.jpg,2,1,5
loc_tiles/Duodenum_COX4I1_Male_66_2329__r2c2.jpg,Duodenum_COX4I1_Male_66_2329__r2c2.jpg,Duodenum_COX4I1_Male_66_2329.jpg,2,2,5
loc_tiles/Duodenum_COX4I1_Male_66_2329__r2c3.jpg,Duodenum_COX4I1_Male_66_2329__r2c3.jpg,Duodenum_COX4I1_Male_66_2329.jpg,2,3,5
loc_tiles/Duodenum_COX4I1_Male_66_2329__r2c4.jpg,Duodenum_COX4I1_Male_66_2329__r2c4.jpg,Duodenum_COX4I1_Male_66_2329.jpg,2,4,5
loc_tiles/Duodenum_COX4I1_Male_66_2329__r2c5.jpg,Duodenum_COX4I1_Male_66_2329__r2c5.jpg,Duodenum_COX4I1_Male_66_2329.jpg,2,5,5
loc_tiles/Duodenum_COX4I1_Male_66_2329__r2c6.jpg,Duodenum_COX4I1_Male_66_2329__r2c6.jpg,Duodenum_COX4I1_Male_66_2329.jpg,2,6,5
loc_tiles/Duodenum_COX4I1_Male_66_2329__r2c7.jpg,Duodenum_COX4I1_Male_66_2329__r2c7.jpg,Duodenum_COX4I1_Male_66_2329.jpg,2,7,5
loc_tiles/Duodenum_COX4I1_Male_66_2329__r3c0.jpg,Duodenum_COX4I1_Male_66_2329__r3c0.jpg,Duodenum_COX4I1_Male_66_2329.jpg,3,0,5
loc_tiles/Duodenum_COX4I1_Male_66_2329__r3c1.jpg,Duodenum_COX4I1_Male_66_2329__r3c1.jpg,Duodenum_COX4I1_Male_66_2329.jpg,3,1,5
loc_tiles/Duodenum_COX4I1_Male_66_2329__r3c2.jpg,Duodenum_COX4I1_Male_66_2329__r3c2.jpg,Duodenum_COX4I1_Male_66_2329.jpg,3,2,5
loc_tiles/Duodenum_COX4I1_Male_66_2329__r3c3.jpg,Duodenum_COX4I1_Male_66_2329__r3c3.jpg,Duodenum_COX4I1_Male_66_2329.jpg,3,3,5
loc_tiles/Duodenum_COX4I1_Male_66_2329__r3c4.jpg,Duodenum_COX4I1_Male_66_2329__r3c4.jpg,Duodenum_COX4I1_Male_66_2329.jpg,3,4,5
loc_tiles/Duodenum_COX4I1_Male_66_2329__r3c5.jpg,Duodenum_COX4I1_Male_66_2329__r3c5.jpg,Duodenum_COX4I1_Male_66_2329.jpg,3,5,5
loc_tiles/Duodenum_COX4I1_Male_66_2329__r3c6.jpg,Duodenum_COX4I1_Male_66_2329__r3c6.jpg,Duodenum_COX4I1_Male_66_2329.jpg,3,6,5
loc_tiles/Duodenum_COX4I1_Male_66_2329__r3c7.jpg,Duodenum_COX4I1_Male_66_2329__r3c7.jpg,Duodenum_COX4I1_Male_66_2329.jpg,3,7,5
loc_tiles/Duodenum_COX4I1_Male_66_2329__r4c0.jpg,Duodenum_COX4I1_Male_66_2329__r4c0.jpg,Duodenum_COX4I1_Male_66_2329.jpg,4,0,5
loc_tiles/Duodenum_COX4I1_Male_66_2329__r4c1.jpg,Duodenum_COX4I1_Male_66_2329__r4c1.jpg,Duodenum_COX4I1_Male_66_2329.jpg,4,1,5
loc_tiles/Duodenum_COX4I1_Male_66_2329__r4c2.jpg,Duodenum_COX4I1_Male_66_2329__r4c2.jpg,Duodenum_COX4I1_Male_66_2329.jpg,4,2,5
loc_tiles/Duodenum_COX4I1_Male_66_2329__r4c3.jpg,Duodenum_COX4I1_Male_66_2329__r4c3.jpg,Duodenum_COX4I1_Male_66_2329.jpg,4,3,5
loc_tiles/Duodenum_COX4I1_Male_66_2329__r4c4.jpg,Duodenum_COX4I1_Male_66_2329__r4c4.jpg,Duodenum_COX4I1_Male_66_2329.jpg,4,4,5
loc_tiles/Duodenum_COX4I1_Male_66_2329__r4c5.jpg,Duodenum_COX4I1_Male_66_2329__r4c5.jpg,Duodenum_COX4I1_Male_66_2329.jpg,4,5,5
loc_tiles/Duodenum_COX4I1_Male_66_2329__r4c6.jpg,Duodenum_COX4I1_Male_66_2329__r4c6.jpg,Duodenum_COX4I1_Male_66_2329.jpg,4,6,5
loc_tiles/Duodenum_COX4I1_Male_66_2329__r4c7.jpg,Duodenum_COX4I1_Male_66_2329__r4c7.jpg,Duodenum_COX4I1_Male_66_2329.jpg,4,7,5
loc_tiles/Duodenum_COX4I1_Male_66_2329__r5c0.jpg,Duodenum_COX4I1_Male_66_2329__r5c0.jpg,Duodenum_COX4I1_Male_66_2329.jpg,5,0,5
loc_tiles/Duodenum_COX4I1_Male_66_2329__r5c1.jpg,Duodenum_COX4I1_Male_66_2329__r5c1.jpg,Duodenum_COX4I1_Male_66_2329.jpg,5,1,5
loc_tiles/Duodenum_COX4I1_Male_66_2329__r5c2.jpg,Duodenum_COX4I1_Male_66_2329__r5c2.jpg,Duodenum_COX4I1_Male_66_2329.jpg,5,2,5
loc_tiles/Duodenum_COX4I1_Male_66_2329__r5c3.jpg,Duodenum_COX4I1_Male_66_2329__r5c3.jpg,Duodenum_COX4I1_Male_66_2329.jpg,5,3,5
loc_tiles/Duodenum_COX4I1_Male_66_2329__r5c4.jpg,Duodenum_COX4I1_Male_66_2329__r5c4.jpg,Duodenum_COX4I1_Male_66_2329.jpg,5,4,5
loc_tiles/Duodenum_COX4I1_Male_66_2329__r5c5.jpg,Duodenum_COX4I1_Male_66_2329__r5c5.jpg,Duodenum_COX4I1_Male_66_2329.jpg,5,5,5
loc_tiles/Duodenum_COX4I1_Male_66_2329__r5c6.jpg,Duodenum_COX4I1_Male_66_2329__r5c6.jpg,Duodenum_COX4I1_Male_66_2329.jpg,5,6,5
loc_tiles/Duodenum_COX4I1_Male_66_2329__r5c7.jpg,Duodenum_COX4I1_Male_66_2329__r5c7.jpg,Duodenum_COX4I1_Male_66_2329.jpg,5,7,5
loc_tiles/Duodenum_COX4I1_Male_66_2329__r6c0.jpg,Duodenum_COX4I1_Male_66_2329__r6c0.jpg,Duodenum_COX4I1_Male_66_2329.jpg,6,0,5
loc_tiles/Duodenum_COX4I1_Male_66_2329__r6c1.jpg,Duodenum_COX4I1_Male_66_2329__r6c1.jpg,Duodenum_COX4I1_Male_66_2329.jpg,6,1,5
loc_tiles/Duodenum_COX4I1_Male_66_2329__r6c2.jpg,Duodenum_COX4I1_Male_66_2329__r6c2.jpg,Duodenum_COX4I1_Male_66_2329.jpg,6,2,5
loc_tiles/Duodenum_COX4I1_Male_66_2329__r6c3.jpg,Duodenum_COX4I1_Male_66_2329__r6c3.jpg,Duodenum_COX4I1_Male_66_2329.jpg,6,3,5
loc_tiles/Duodenum_COX4I1_Male_66_2329__r6c4.jpg,Duodenum_COX4I1_Male_66_2329__r6c4.jpg,Duodenum_COX4I1_Male_66_2329.jpg,6,4,5
loc_tiles/Duodenum_COX4I1_Male_66_2329__r6c5.jpg,Duodenum_COX4I1_Male_66_2329__r6c5.jpg,Duodenum_COX4I1_Male_66_2329.jpg,6,5,5
loc_tiles/Duodenum_COX4I1_Male_66_2329__r6c6.jpg,Duodenum_COX4I1_Male_66_2329__r6c6.jpg,Duodenum_COX4I1_Male_66_2329.jpg,6,6,5
loc_tiles/Duodenum_COX4I1_Male_66_2329__r6c7.jpg,Duodenum_COX4I1_Male_66_2329__r6c7.jpg,Duodenum_COX4I1_Male_66_2329.jpg,6,7,5
loc_tiles/Duodenum_COX4I1_Male_66_2329__r7c0.jpg,Duodenum_COX4I1_Male_66_2329__r7c0.jpg,Duodenum_COX4I1_Male_66_2329.jpg,7,0,5
loc_tiles/Duodenum_COX4I1_Male_66_2329__r7c1.jpg,Duodenum_COX4I1_Male_66_2329__r7c1.jpg,Duodenum_COX4I1_Male_66_2329.jpg,7,1,5
loc_tiles/Duodenum_COX4I1_Male_66_2329__r7c2.jpg,Duodenum_COX4I1_Male_66_2329__r7c2.jpg,Duodenum_COX4I1_Male_66_2329.jpg,7,2,5
loc_tiles/Duodenum_COX4I1_Male_66_2329__r7c3.jpg,Duodenum_COX4I1_Male_66_2329__r7c3.jpg,Duodenum_COX4I1_Male_66_2329.jpg,7,3,5
loc_tiles/Duodenum_COX4I1_Male_66_2329__r7c4.jpg,Duodenum_COX4I1_Male_66_2329__r7c4.jpg,Duodenum_COX4I1_Male_66_2329.jpg,7,4,5
loc_tiles/Duodenum_COX4I1_Male_66_2329__r7c5.jpg,Duodenum_COX4I1_Male_66_2329__r7c5.jpg,Duodenum_COX4I1_Male_66_2329.jpg,7,5,5
loc_tiles/Duodenum_COX4I1_Male_66_2329__r7c6.jpg,Duodenum_COX4I1_Male_66_2329__r7c6.jpg,Duodenum_COX4I1_Male_66_2329.jpg,7,6,5
loc_tiles/Duodenum_COX4I1_Male_66_2329__r7c7.jpg,Duodenum_COX4I1_Male_66_2329__r7c7.jpg,Duodenum_COX4I1_Male_66_2329.jpg,7,7,5
loc_tiles/Small_intestine_ABCD3_Male_66_4202__r0c0.jpg,Small_intestine_ABCD3_Male_66_4202__r0c0.jpg,Small_intestine_ABCD3_Male_66_4202.jpg,0,0,5
loc_tiles/Small_intestine_ABCD3_Male_66_4202__r0c1.jpg,Small_intestine_ABCD3_Male_66_4202__r0c1.jpg,Small_intestine_ABCD3_Male_66_4202.jpg,0,1,5
loc_tiles/Small_intestine_ABCD3_Male_66_4202__r0c2.jpg,Small_intestine_ABCD3_Male_66_4202__r0c2.jpg,Small_intestine_ABCD3_Male_66_4202.jpg,0,2,5
loc_tiles/Small_intestine_ABCD3_Male_66_4202__r0c3.jpg,Small_intestine_ABCD3_Male_66_4202__r0c3.jpg,Small_intestine_ABCD3_Male_66_4202.jpg,0,3,5
loc_tiles/Small_intestine_ABCD3_Male_66_4202__r0c4.jpg,Small_intestine_ABCD3_Male_66_4202__r0c4.jpg,Small_intestine_ABCD3_Male_66_4202.jpg,0,4,5
loc_tiles/Small_intestine_ABCD3_Male_66_4202__r0c5.jpg,Small_intestine_ABCD3_Male_66_4202__r0c5.jpg,Small_intestine_ABCD3_Male_66_4202.jpg,0,5,5
loc_tiles/Small_intestine_ABCD3_Male_66_4202__r0c6.jpg,Small_intestine_ABCD3_Male_66_4202__r0c6.jpg,Small_intestine_ABCD3_Male_66_4202.jpg,0,6,5
loc_tiles/Small_intestine_ABCD3_Male_66_4202__r0c7.jpg,Small_intestine_ABCD3_Male_66_4202__r0c7.jpg,Small_intestine_ABCD3_Male_66_4202.jpg,0,7,5
loc_tiles/Small_intestine_ABCD3_Male_66_4202__r1c0.jpg,Small_intestine_ABCD3_Male_66_4202__r1c0.jpg,Small_intestine_ABCD3_Male_66_4202.jpg,1,0,5
loc_tiles/Small_intestine_ABCD3_Male_66_4202__r1c1.jpg,Small_intestine_ABCD3_Male_66_4202__r1c1.jpg,Small_intestine_ABCD3_Male_66_4202.jpg,1,1,5
loc_tiles/Small_intestine_ABCD3_Male_66_4202__r1c2.jpg,Small_intestine_ABCD3_Male_66_4202__r1c2.jpg,Small_intestine_ABCD3_Male_66_4202.jpg,1,2,5
loc_tiles/Small_intestine_ABCD3_Male_66_4202__r1c3.jpg,Small_intestine_ABCD3_Male_66_4202__r1c3.jpg,Small_intestine_ABCD3_Male_66_4202.jpg,1,3,5
loc_tiles/Small_intestine_ABCD3_Male_66_4202__r1c4.jpg,Small_intestine_ABCD3_Male_66_4202__r1c4.jpg,Small_intestine_ABCD3_Male_66_4202.jpg,1,4,5
loc_tiles/Small_intestine_ABCD3_Male_66_4202__r1c5.jpg,Small_intestine_ABCD3_Male_66_4202__r1c5.jpg,Small_intestine_ABCD3_Male_66_4202.jpg,1,5,5
loc_tiles/Small_intestine_ABCD3_Male_66_4202__r1c6.jpg,Small_intestine_ABCD3_Male_66_4202__r1c6.jpg,Small_intestine_ABCD3_Male_66_4202.jpg,1,6,5
loc_tiles/Small_intestine_ABCD3_Male_66_4202__r1c7.jpg,Small_intestine_ABCD3_Male_66_4202__r1c7.jpg,Small_intestine_ABCD3_Male_66_4202.jpg,1,7,5
loc_tiles/Small_intestine_ABCD3_Male_66_4202__r2c0.jpg,Small_intestine_ABCD3_Male_66_4202__r2c0.jpg,Small_intestine_ABCD3_Male_66_4202.jpg,2,0,5
loc_tiles/Small_intestine_ABCD3_Male_66_4202__r2c1.jpg,Small_intestine_ABCD3_Male_66_4202__r2c1.jpg,Small_intestine_ABCD3_Male_66_4202.jpg,2,1,5
loc_tiles/Small_intestine_ABCD3_Male_66_4202__r2c2.jpg,Small_intestine_ABCD3_Male_66_4202__r2c2.jpg,Small_intestine_ABCD3_Male_66_4202.jpg,2,2,5
loc_tiles/Small_intestine_ABCD3_Male_66_4202__r2c3.jpg,Small_intestine_ABCD3_Male_66_4202__r2c3.jpg,Small_intestine_ABCD3_Male_66_4202.jpg,2,3,5
loc_tiles/Small_intestine_ABCD3_Male_66_4202__r2c4.jpg,Small_intestine_ABCD3_Male_66_4202__r2c4.jpg,Small_intestine_ABCD3_Male_66_4202.jpg,2,4,5
loc_tiles/Small_intestine_ABCD3_Male_66_4202__r2c5.jpg,Small_intestine_ABCD3_Male_66_4202__r2c5.jpg,Small_intestine_ABCD3_Male_66_4202.jpg,2,5,5
loc_tiles/Small_intestine_ABCD3_Male_66_4202__r2c6.jpg,Small_intestine_ABCD3_Male_66_4202__r2c6.jpg,Small_intestine_ABCD3_Male_66_4202.jpg,2,6,5
loc_tiles/Small_intestine_ABCD3_Male_66_4202__r2c7.jpg,Small_intestine_ABCD3_Male_66_4202__r2c7.jpg,Small_intestine_ABCD3_Male_66_4202.jpg,2,7,5
loc_tiles/Small_intestine_ABCD3_Male_66_4202__r3c0.jpg,Small_intestine_ABCD3_Male_66_4202__r3c0.jpg,Small_intestine_ABCD3_Male_66_4202.jpg,3,0,5
loc_tiles/Small_intestine_ABCD3_Male_66_4202__r3c1.jpg,Small_intestine_ABCD3_Male_66_4202__r3c1.jpg,Small_intestine_ABCD3_Male_66_4202.jpg,3,1,5
loc_tiles/Small_intestine_ABCD3_Male_66_4202__r3c2.jpg,Small_intestine_ABCD3_Male_66_4202__r3c2.jpg,Small_intestine_ABCD3_Male_66_4202.jpg,3,2,5
loc_tiles/Small_intestine_ABCD3_Male_66_4202__r3c3.jpg,Small_intestine_ABCD3_Male_66_4202__r3c3.jpg,Small_intestine_ABCD3_Male_66_4202.jpg,3,3,5
loc_tiles/Small_intestine_ABCD3_Male_66_4202__r3c4.jpg,Small_intestine_ABCD3_Male_66_4202__r3c4.jpg,Small_intestine_ABCD3_Male_66_4202.jpg,3,4,5
loc_tiles/Small_intestine_ABCD3_Male_66_4202__r3c5.jpg,Small_intestine_ABCD3_Male_66_4202__r3c5.jpg,Small_intestine_ABCD3_Male_66_4202.jpg,3,5,5
loc_tiles/Small_intestine_ABCD3_Male_66_4202__r3c6.jpg,Small_intestine_ABCD3_Male_66_4202__r3c6.jpg,Small_intestine_ABCD3_Male_66_4202.jpg,3,6,5
loc_tiles/Small_intestine_ABCD3_Male_66_4202__r3c7.jpg,Small_intestine_ABCD3_Male_66_4202__r3c7.jpg,Small_intestine_ABCD3_Male_66_4202.jpg,3,7,5
loc_tiles/Small_intestine_ABCD3_Male_66_4202__r4c0.jpg,Small_intestine_ABCD3_Male_66_4202__r4c0.jpg,Small_intestine_ABCD3_Male_66_4202.jpg,4,0,5
loc_tiles/Small_intestine_ABCD3_Male_66_4202__r4c1.jpg,Small_intestine_ABCD3_Male_66_4202__r4c1.jpg,Small_intestine_ABCD3_Male_66_4202.jpg,4,1,5
loc_tiles/Small_intestine_ABCD3_Male_66_4202__r4c2.jpg,Small_intestine_ABCD3_Male_66_4202__r4c2.jpg,Small_intestine_ABCD3_Male_66_4202.jpg,4,2,5
loc_tiles/Small_intestine_ABCD3_Male_66_4202__r4c3.jpg,Small_intestine_ABCD3_Male_66_4202__r4c3.jpg,Small_intestine_ABCD3_Male_66_4202.jpg,4,3,5
loc_tiles/Small_intestine_ABCD3_Male_66_4202__r4c4.jpg,Small_intestine_ABCD3_Male_66_4202__r4c4.jpg,Small_intestine_ABCD3_Male_66_4202.jpg,4,4,5
loc_tiles/Small_intestine_ABCD3_Male_66_4202__r4c5.jpg,Small_intestine_ABCD3_Male_66_4202__r4c5.jpg,Small_intestine_ABCD3_Male_66_4202.jpg,4,5,5
loc_tiles/Small_intestine_ABCD3_Male_66_4202__r4c6.jpg,Small_intestine_ABCD3_Male_66_4202__r4c6.jpg,Small_intestine_ABCD3_Male_66_4202.jpg,4,6,5
loc_tiles/Small_intestine_ABCD3_Male_66_4202__r4c7.jpg,Small_intestine_ABCD3_Male_66_4202__r4c7.jpg,Small_intestine_ABCD3_Male_66_4202.jpg,4,7,5
loc_tiles/Small_intestine_ABCD3_Male_66_4202__r5c0.jpg,Small_intestine_ABCD3_Male_66_4202__r5c0.jpg,Small_intestine_ABCD3_Male_66_4202.jpg,5,0,5
loc_tiles/Small_intestine_ABCD3_Male_66_4202__r5c1.jpg,Small_intestine_ABCD3_Male_66_4202__r5c1.jpg,Small_intestine_ABCD3_Male_66_4202.jpg,5,1,5
loc_tiles/Small_intestine_ABCD3_Male_66_4202__r5c2.jpg,Small_intestine_ABCD3_Male_66_4202__r5c2.jpg,Small_intestine_ABCD3_Male_66_4202.jpg,5,2,5
loc_tiles/Small_intestine_ABCD3_Male_66_4202__r5c3.jpg,Small_intestine_ABCD3_Male_66_4202__r5c3.jpg,Small_intestine_ABCD3_Male_66_4202.jpg,5,3,5
loc_tiles/Small_intestine_ABCD3_Male_66_4202__r5c4.jpg,Small_intestine_ABCD3_Male_66_4202__r5c4.jpg,Small_intestine_ABCD3_Male_66_4202.jpg,5,4,5
loc_tiles/Small_intestine_ABCD3_Male_66_4202__r5c5.jpg,Small_intestine_ABCD3_Male_66_4202__r5c5.jpg,Small_intestine_ABCD3_Male_66_4202.jpg,5,5,5
loc_tiles/Small_intestine_ABCD3_Male_66_4202__r5c6.jpg,Small_intestine_ABCD3_Male_66_4202__r5c6.jpg,Small_intestine_ABCD3_Male_66_4202.jpg,5,6,5
loc_tiles/Small_intestine_ABCD3_Male_66_4202__r5c7.jpg,Small_intestine_ABCD3_Male_66_4202__r5c7.jpg,Small_intestine_ABCD3_Male_66_4202.jpg,5,7,5
loc_tiles/Small_intestine_ABCD3_Male_66_4202__r6c0.jpg,Small_intestine_ABCD3_Male_66_4202__r6c0.jpg,Small_intestine_ABCD3_Male_66_4202.jpg,6,0,5
loc_tiles/Small_intestine_ABCD3_Male_66_4202__r6c1.jpg,Small_intestine_ABCD3_Male_66_4202__r6c1.jpg,Small_intestine_ABCD3_Male_66_4202.jpg,6,1,5
loc_tiles/Small_intestine_ABCD3_Male_66_4202__r6c2.jpg,Small_intestine_ABCD3_Male_66_4202__r6c2.jpg,Small_intestine_ABCD3_Male_66_4202.jpg,6,2,5
loc_tiles/Small_intestine_ABCD3_Male_66_4202__r6c3.jpg,Small_intestine_ABCD3_Male_66_4202__r6c3.jpg,Small_intestine_ABCD3_Male_66_4202.jpg,6,3,5
loc_tiles/Small_intestine_ABCD3_Male_66_4202__r6c4.jpg,Small_intestine_ABCD3_Male_66_4202__r6c4.jpg,Small_intestine_ABCD3_Male_66_4202.jpg,6,4,5
loc_tiles/Small_intestine_ABCD3_Male_66_4202__r6c5.jpg,Small_intestine_ABCD3_Male_66_4202__r6c5.jpg,Small_intestine_ABCD3_Male_66_4202.jpg,6,5,5
loc_tiles/Small_intestine_ABCD3_Male_66_4202__r6c6.jpg,Small_intestine_ABCD3_Male_66_4202__r6c6.jpg,Small_intestine_ABCD3_Male_66_4202.jpg,6,6,5
loc_tiles/Small_intestine_ABCD3_Male_66_4202__r6c7.jpg,Small_intestine_ABCD3_Male_66_4202__r6c7.jpg,Small_intestine_ABCD3_Male_66_4202.jpg,6,7,5
loc_tiles/Small_intestine_ABCD3_Male_66_4202__r7c0.jpg,Small_intestine_ABCD3_Male_66_4202__r7c0.jpg,Small_intestine_ABCD3_Male_66_4202.jpg,7,0,5
loc_tiles/Small_intestine_ABCD3_Male_66_4202__r7c1.jpg,Small_intestine_ABCD3_Male_66_4202__r7c1.jpg,Small_intestine_ABCD3_Male_66_4202.jpg,7,1,5
loc_tiles/Small_intestine_ABCD3_Male_66_4202__r7c2.jpg,Small_intestine_ABCD3_Male_66_4202__r7c2.jpg,Small_intestine_ABCD3_Male_66_4202.jpg,7,2,5
loc_tiles/Small_intestine_ABCD3_Male_66_4202__r7c3.jpg,Small_intestine_ABCD3_Male_66_4202__r7c3.jpg,Small_intestine_ABCD3_Male_66_4202.jpg,7,3,5
loc_tiles/Small_intestine_ABCD3_Male_66_4202__r7c4.jpg,Small_intestine_ABCD3_Male_66_4202__r7c4.jpg,Small_intestine_ABCD3_Male_66_4202.jpg,7,4,5
loc_tiles/Small_intestine_ABCD3_Male_66_4202__r7c5.jpg,Small_intestine_ABCD3_Male_66_4202__r7c5.jpg,Small_intestine_ABCD3_Male_66_4202.jpg,7,5,5
loc_tiles/Small_intestine_ABCD3_Male_66_4202__r7c6.jpg,Small_intestine_ABCD3_Male_66_4202__r7c6.jpg,Small_intestine_ABCD3_Male_66_4202.jpg,7,6,5
loc_tiles/Small_intestine_ABCD3_Male_66_4202__r7c7.jpg,Small_intestine_ABCD3_Male_66_4202__r7c7.jpg,Small_intestine_ABCD3_Male_66_4202.jpg,7,7,5
loc_tiles/Small_intestine_ADPGK_Male_68_2471__r0c0.jpg,Small_intestine_ADPGK_Male_68_2471__r0c0.jpg,Small_intestine_ADPGK_Male_68_2471.jpg,0,0,5
loc_tiles/Small_intestine_ADPGK_Male_68_2471__r0c1.jpg,Small_intestine_ADPGK_Male_68_2471__r0c1.jpg,Small_intestine_ADPGK_Male_68_2471.jpg,0,1,5
loc_tiles/Small_intestine_ADPGK_Male_68_2471__r0c2.jpg,Small_intestine_ADPGK_Male_68_2471__r0c2.jpg,Small_intestine_ADPGK_Male_68_2471.jpg,0,2,5
loc_tiles/Small_intestine_ADPGK_Male_68_2471__r0c3.jpg,Small_intestine_ADPGK_Male_68_2471__r0c3.jpg,Small_intestine_ADPGK_Male_68_2471.jpg,0,3,5
loc_tiles/Small_intestine_ADPGK_Male_68_2471__r0c4.jpg,Small_intestine_ADPGK_Male_68_2471__r0c4.jpg,Small_intestine_ADPGK_Male_68_2471.jpg,0,4,5
loc_tiles/Small_intestine_ADPGK_Male_68_2471__r0c5.jpg,Small_intestine_ADPGK_Male_68_2471__r0c5.jpg,Small_intestine_ADPGK_Male_68_2471.jpg,0,5,5
loc_tiles/Small_intestine_ADPGK_Male_68_2471__r0c6.jpg,Small_intestine_ADPGK_Male_68_2471__r0c6.jpg,Small_intestine_ADPGK_Male_68_2471.jpg,0,6,5
loc_tiles/Small_intestine_ADPGK_Male_68_2471__r0c7.jpg,Small_intestine_ADPGK_Male_68_2471__r0c7.jpg,Small_intestine_ADPGK_Male_68_2471.jpg,0,7,5
loc_tiles/Small_intestine_ADPGK_Male_68_2471__r1c0.jpg,Small_intestine_ADPGK_Male_68_2471__r1c0.jpg,Small_intestine_ADPGK_Male_68_2471.jpg,1,0,5
loc_tiles/Small_intestine_ADPGK_Male_68_2471__r1c1.jpg,Small_intestine_ADPGK_Male_68_2471__r1c1.jpg,Small_intestine_ADPGK_Male_68_2471.jpg,1,1,5
loc_tiles/Small_intestine_ADPGK_Male_68_2471__r1c2.jpg,Small_intestine_ADPGK_Male_68_2471__r1c2.jpg,Small_intestine_ADPGK_Male_68_2471.jpg,1,2,5
loc_tiles/Small_intestine_ADPGK_Male_68_2471__r1c3.jpg,Small_intestine_ADPGK_Male_68_2471__r1c3.jpg,Small_intestine_ADPGK_Male_68_2471.jpg,1,3,5
loc_tiles/Small_intestine_ADPGK_Male_68_2471__r1c4.jpg,Small_intestine_ADPGK_Male_68_2471__r1c4.jpg,Small_intestine_ADPGK_Male_68_2471.jpg,1,4,5
loc_tiles/Small_intestine_ADPGK_Male_68_2471__r1c5.jpg,Small_intestine_ADPGK_Male_68_2471__r1c5.jpg,Small_intestine_ADPGK_Male_68_2471.jpg,1,5,5
loc_tiles/Small_intestine_ADPGK_Male_68_2471__r1c6.jpg,Small_intestine_ADPGK_Male_68_2471__r1c6.jpg,Small_intestine_ADPGK_Male_68_2471.jpg,1,6,5
loc_tiles/Small_intestine_ADPGK_Male_68_2471__r1c7.jpg,Small_intestine_ADPGK_Male_68_2471__r1c7.jpg,Small_intestine_ADPGK_Male_68_2471.jpg,1,7,5
loc_tiles/Small_intestine_ADPGK_Male_68_2471__r2c0.jpg,Small_intestine_ADPGK_Male_68_2471__r2c0.jpg,Small_intestine_ADPGK_Male_68_2471.jpg,2,0,5
loc_tiles/Small_intestine_ADPGK_Male_68_2471__r2c1.jpg,Small_intestine_ADPGK_Male_68_2471__r2c1.jpg,Small_intestine_ADPGK_Male_68_2471.jpg,2,1,5
loc_tiles/Small_intestine_ADPGK_Male_68_2471__r2c2.jpg,Small_intestine_ADPGK_Male_68_2471__r2c2.jpg,Small_intestine_ADPGK_Male_68_2471.jpg,2,2,5
loc_tiles/Small_intestine_ADPGK_Male_68_2471__r2c3.jpg,Small_intestine_ADPGK_Male_68_2471__r2c3.jpg,Small_intestine_ADPGK_Male_68_2471.jpg,2,3,5
loc_tiles/Small_intestine_ADPGK_Male_68_2471__r2c4.jpg,Small_intestine_ADPGK_Male_68_2471__r2c4.jpg,Small_intestine_ADPGK_Male_68_2471.jpg,2,4,5
loc_tiles/Small_intestine_ADPGK_Male_68_2471__r2c5.jpg,Small_intestine_ADPGK_Male_68_2471__r2c5.jpg,Small_intestine_ADPGK_Male_68_2471.jpg,2,5,5
loc_tiles/Small_intestine_ADPGK_Male_68_2471__r2c6.jpg,Small_intestine_ADPGK_Male_68_2471__r2c6.jpg,Small_intestine_ADPGK_Male_68_2471.jpg,2,6,5
loc_tiles/Small_intestine_ADPGK_Male_68_2471__r2c7.jpg,Small_intestine_ADPGK_Male_68_2471__r2c7.jpg,Small_intestine_ADPGK_Male_68_2471.jpg,2,7,5
loc_tiles/Small_intestine_ADPGK_Male_68_2471__r3c0.jpg,Small_intestine_ADPGK_Male_68_2471__r3c0.jpg,Small_intestine_ADPGK_Male_68_2471.jpg,3,0,5
loc_tiles/Small_intestine_ADPGK_Male_68_2471__r3c1.jpg,Small_intestine_ADPGK_Male_68_2471__r3c1.jpg,Small_intestine_ADPGK_Male_68_2471.jpg,3,1,5
loc_tiles/Small_intestine_ADPGK_Male_68_2471__r3c2.jpg,Small_intestine_ADPGK_Male_68_2471__r3c2.jpg,Small_intestine_ADPGK_Male_68_2471.jpg,3,2,5
loc_tiles/Small_intestine_ADPGK_Male_68_2471__r3c3.jpg,Small_intestine_ADPGK_Male_68_2471__r3c3.jpg,Small_intestine_ADPGK_Male_68_2471.jpg,3,3,5
loc_tiles/Small_intestine_ADPGK_Male_68_2471__r3c4.jpg,Small_intestine_ADPGK_Male_68_2471__r3c4.jpg,Small_intestine_ADPGK_Male_68_2471.jpg,3,4,5
loc_tiles/Small_intestine_ADPGK_Male_68_2471__r3c5.jpg,Small_intestine_ADPGK_Male_68_2471__r3c5.jpg,Small_intestine_ADPGK_Male_68_2471.jpg,3,5,5
loc_tiles/Small_intestine_ADPGK_Male_68_2471__r3c6.jpg,Small_intestine_ADPGK_Male_68_2471__r3c6.jpg,Small_intestine_ADPGK_Male_68_2471.jpg,3,6,5
loc_tiles/Small_intestine_ADPGK_Male_68_2471__r3c7.jpg,Small_intestine_ADPGK_Male_68_2471__r3c7.jpg,Small_intestine_ADPGK_Male_68_2471.jpg,3,7,5
loc_tiles/Small_intestine_ADPGK_Male_68_2471__r4c0.jpg,Small_intestine_ADPGK_Male_68_2471__r4c0.jpg,Small_intestine_ADPGK_Male_68_2471.jpg,4,0,5
loc_tiles/Small_intestine_ADPGK_Male_68_2471__r4c1.jpg,Small_intestine_ADPGK_Male_68_2471__r4c1.jpg,Small_intestine_ADPGK_Male_68_2471.jpg,4,1,5
loc_tiles/Small_intestine_ADPGK_Male_68_2471__r4c2.jpg,Small_intestine_ADPGK_Male_68_2471__r4c2.jpg,Small_intestine_ADPGK_Male_68_2471.jpg,4,2,5
loc_tiles/Small_intestine_ADPGK_Male_68_2471__r4c3.jpg,Small_intestine_ADPGK_Male_68_2471__r4c3.jpg,Small_intestine_ADPGK_Male_68_2471.jpg,4,3,5
loc_tiles/Small_intestine_ADPGK_Male_68_2471__r4c4.jpg,Small_intestine_ADPGK_Male_68_2471__r4c4.jpg,Small_intestine_ADPGK_Male_68_2471.jpg,4,4,5
loc_tiles/Small_intestine_ADPGK_Male_68_2471__r4c5.jpg,Small_intestine_ADPGK_Male_68_2471__r4c5.jpg,Small_intestine_ADPGK_Male_68_2471.jpg,4,5,5
loc_tiles/Small_intestine_ADPGK_Male_68_2471__r4c6.jpg,Small_intestine_ADPGK_Male_68_2471__r4c6.jpg,Small_intestine_ADPGK_Male_68_2471.jpg,4,6,5
loc_tiles/Small_intestine_ADPGK_Male_68_2471__r4c7.jpg,Small_intestine_ADPGK_Male_68_2471__r4c7.jpg,Small_intestine_ADPGK_Male_68_2471.jpg,4,7,5
loc_tiles/Small_intestine_ADPGK_Male_68_2471__r5c0.jpg,Small_intestine_ADPGK_Male_68_2471__r5c0.jpg,Small_intestine_ADPGK_Male_68_2471.jpg,5,0,5
loc_tiles/Small_intestine_ADPGK_Male_68_2471__r5c1.jpg,Small_intestine_ADPGK_Male_68_2471__r5c1.jpg,Small_intestine_ADPGK_Male_68_2471.jpg,5,1,5
loc_tiles/Small_intestine_ADPGK_Male_68_2471__r5c2.jpg,Small_intestine_ADPGK_Male_68_2471__r5c2.jpg,Small_intestine_ADPGK_Male_68_2471.jpg,5,2,5
loc_tiles/Small_intestine_ADPGK_Male_68_2471__r5c3.jpg,Small_intestine_ADPGK_Male_68_2471__r5c3.jpg,Small_intestine_ADPGK_Male_68_2471.jpg,5,3,5
loc_tiles/Small_intestine_ADPGK_Male_68_2471__r5c4.jpg,Small_intestine_ADPGK_Male_68_2471__r5c4.jpg,Small_intestine_ADPGK_Male_68_2471.jpg,5,4,5
loc_tiles/Small_intestine_ADPGK_Male_68_2471__r5c5.jpg,Small_intestine_ADPGK_Male_68_2471__r5c5.jpg,Small_intestine_ADPGK_Male_68_2471.jpg,5,5,5
loc_tiles/Small_intestine_ADPGK_Male_68_2471__r5c6.jpg,Small_intestine_ADPGK_Male_68_2471__r5c6.jpg,Small_intestine_ADPGK_Male_68_2471.jpg,5,6,5
loc_tiles/Small_intestine_ADPGK_Male_68_2471__r5c7.jpg,Small_intestine_ADPGK_Male_68_2471__r5c7.jpg,Small_intestine_ADPGK_Male_68_2471.jpg,5,7,5
loc_tiles/Small_intestine_ADPGK_Male_68_2471__r6c0.jpg,Small_intestine_ADPGK_Male_68_2471__r6c0.jpg,Small_intestine_ADPGK_Male_68_2471.jpg,6,0,5
loc_tiles/Small_intestine_ADPGK_Male_68_2471__r6c1.jpg,Small_intestine_ADPGK_Male_68_2471__r6c1.jpg,Small_intestine_ADPGK_Male_68_2471.jpg,6,1,5
loc_tiles/Small_intestine_ADPGK_Male_68_2471__r6c2.jpg,Small_intestine_ADPGK_Male_68_2471__r6c2.jpg,Small_intestine_ADPGK_Male_68_2471.jpg,6,2,5
loc_tiles/Small_intestine_ADPGK_Male_68_2471__r6c3.jpg,Small_intestine_ADPGK_Male_68_2471__r6c3.jpg,Small_intestine_ADPGK_Male_68_2471.jpg,6,3,5
loc_tiles/Small_intestine_ADPGK_Male_68_2471__r6c4.jpg,Small_intestine_ADPGK_Male_68_2471__r6c4.jpg,Small_intestine_ADPGK_Male_68_2471.jpg,6,4,5
loc_tiles/Small_intestine_ADPGK_Male_68_2471__r6c5.jpg,Small_intestine_ADPGK_Male_68_2471__r6c5.jpg,Small_intestine_ADPGK_Male_68_2471.jpg,6,5,5
loc_tiles/Small_intestine_ADPGK_Male_68_2471__r6c6.jpg,Small_intestine_ADPGK_Male_68_2471__r6c6.jpg,Small_intestine_ADPGK_Male_68_2471.jpg,6,6,5
loc_tiles/Small_intestine_ADPGK_Male_68_2471__r6c7.jpg,Small_intestine_ADPGK_Male_68_2471__r6c7.jpg,Small_intestine_ADPGK_Male_68_2471.jpg,6,7,5
loc_tiles/Small_intestine_ADPGK_Male_68_2471__r7c0.jpg,Small_intestine_ADPGK_Male_68_2471__r7c0.jpg,Small_intestine_ADPGK_Male_68_2471.jpg,7,0,5
loc_tiles/Small_intestine_ADPGK_Male_68_2471__r7c1.jpg,Small_intestine_ADPGK_Male_68_2471__r7c1.jpg,Small_intestine_ADPGK_Male_68_2471.jpg,7,1,5
loc_tiles/Small_intestine_ADPGK_Male_68_2471__r7c2.jpg,Small_intestine_ADPGK_Male_68_2471__r7c2.jpg,Small_intestine_ADPGK_Male_68_2471.jpg,7,2,5
loc_tiles/Small_intestine_ADPGK_Male_68_2471__r7c3.jpg,Small_intestine_ADPGK_Male_68_2471__r7c3.jpg,Small_intestine_ADPGK_Male_68_2471.jpg,7,3,5
loc_tiles/Small_intestine_ADPGK_Male_68_2471__r7c4.jpg,Small_intestine_ADPGK_Male_68_2471__r7c4.jpg,Small_intestine_ADPGK_Male_68_2471.jpg,7,4,5
loc_tiles/Small_intestine_ADPGK_Male_68_2471__r7c5.jpg,Small_intestine_ADPGK_Male_68_2471__r7c5.jpg,Small_intestine_ADPGK_Male_68_2471.jpg,7,5,5
loc_tiles/Small_intestine_ADPGK_Male_68_2471__r7c6.jpg,Small_intestine_ADPGK_Male_68_2471__r7c6.jpg,Small_intestine_ADPGK_Male_68_2471.jpg,7,6,5
loc_tiles/Small_intestine_ADPGK_Male_68_2471__r7c7.jpg,Small_intestine_ADPGK_Male_68_2471__r7c7.jpg,Small_intestine_ADPGK_Male_68_2471.jpg,7,7,5
loc_tiles/Duodenum_ACSM2B_Male_59_1961__r0c0.jpg,Duodenum_ACSM2B_Male_59_1961__r0c0.jpg,Duodenum_ACSM2B_Male_59_1961.jpg,0,0,5
loc_tiles/Duodenum_ACSM2B_Male_59_1961__r0c1.jpg,Duodenum_ACSM2B_Male_59_1961__r0c1.jpg,Duodenum_ACSM2B_Male_59_1961.jpg,0,1,5
loc_tiles/Duodenum_ACSM2B_Male_59_1961__r0c2.jpg,Duodenum_ACSM2B_Male_59_1961__r0c2.jpg,Duodenum_ACSM2B_Male_59_1961.jpg,0,2,5
loc_tiles/Duodenum_ACSM2B_Male_59_1961__r0c3.jpg,Duodenum_ACSM2B_Male_59_1961__r0c3.jpg,Duodenum_ACSM2B_Male_59_1961.jpg,0,3,5
loc_tiles/Duodenum_ACSM2B_Male_59_1961__r0c4.jpg,Duodenum_ACSM2B_Male_59_1961__r0c4.jpg,Duodenum_ACSM2B_Male_59_1961.jpg,0,4,5
loc_tiles/Duodenum_ACSM2B_Male_59_1961__r0c5.jpg,Duodenum_ACSM2B_Male_59_1961__r0c5.jpg,Duodenum_ACSM2B_Male_59_1961.jpg,0,5,5
loc_tiles/Duodenum_ACSM2B_Male_59_1961__r0c6.jpg,Duodenum_ACSM2B_Male_59_1961__r0c6.jpg,Duodenum_ACSM2B_Male_59_1961.jpg,0,6,5
loc_tiles/Duodenum_ACSM2B_Male_59_1961__r0c7.jpg,Duodenum_ACSM2B_Male_59_1961__r0c7.jpg,Duodenum_ACSM2B_Male_59_1961.jpg,0,7,5
loc_tiles/Duodenum_ACSM2B_Male_59_1961__r1c0.jpg,Duodenum_ACSM2B_Male_59_1961__r1c0.jpg,Duodenum_ACSM2B_Male_59_1961.jpg,1,0,5
loc_tiles/Duodenum_ACSM2B_Male_59_1961__r1c1.jpg,Duodenum_ACSM2B_Male_59_1961__r1c1.jpg,Duodenum_ACSM2B_Male_59_1961.jpg,1,1,5
loc_tiles/Duodenum_ACSM2B_Male_59_1961__r1c2.jpg,Duodenum_ACSM2B_Male_59_1961__r1c2.jpg,Duodenum_ACSM2B_Male_59_1961.jpg,1,2,5
loc_tiles/Duodenum_ACSM2B_Male_59_1961__r1c3.jpg,Duodenum_ACSM2B_Male_59_1961__r1c3.jpg,Duodenum_ACSM2B_Male_59_1961.jpg,1,3,5
loc_tiles/Duodenum_ACSM2B_Male_59_1961__r1c4.jpg,Duodenum_ACSM2B_Male_59_1961__r1c4.jpg,Duodenum_ACSM2B_Male_59_1961.jpg,1,4,5
loc_tiles/Duodenum_ACSM2B_Male_59_1961__r1c5.jpg,Duodenum_ACSM2B_Male_59_1961__r1c5.jpg,Duodenum_ACSM2B_Male_59_1961.jpg,1,5,5
loc_tiles/Duodenum_ACSM2B_Male_59_1961__r1c6.jpg,Duodenum_ACSM2B_Male_59_1961__r1c6.jpg,Duodenum_ACSM2B_Male_59_1961.jpg,1,6,5
loc_tiles/Duodenum_ACSM2B_Male_59_1961__r1c7.jpg,Duodenum_ACSM2B_Male_59_1961__r1c7.jpg,Duodenum_ACSM2B_Male_59_1961.jpg,1,7,5
loc_tiles/Duodenum_ACSM2B_Male_59_1961__r2c0.jpg,Duodenum_ACSM2B_Male_59_1961__r2c0.jpg,Duodenum_ACSM2B_Male_59_1961.jpg,2,0,5
loc_tiles/Duodenum_ACSM2B_Male_59_1961__r2c1.jpg,Duodenum_ACSM2B_Male_59_1961__r2c1.jpg,Duodenum_ACSM2B_Male_59_1961.jpg,2,1,5
loc_tiles/Duodenum_ACSM2B_Male_59_1961__r2c2.jpg,Duodenum_ACSM2B_Male_59_1961__r2c2.jpg,Duodenum_ACSM2B_Male_59_1961.jpg,2,2,5
loc_tiles/Duodenum_ACSM2B_Male_59_1961__r2c3.jpg,Duodenum_ACSM2B_Male_59_1961__r2c3.jpg,Duodenum_ACSM2B_Male_59_1961.jpg,2,3,5
loc_tiles/Duodenum_ACSM2B_Male_59_1961__r2c4.jpg,Duodenum_ACSM2B_Male_59_1961__r2c4.jpg,Duodenum_ACSM2B_Male_59_1961.jpg,2,4,5
loc_tiles/Duodenum_ACSM2B_Male_59_1961__r2c5.jpg,Duodenum_ACSM2B_Male_59_1961__r2c5.jpg,Duodenum_ACSM2B_Male_59_1961.jpg,2,5,5
loc_tiles/Duodenum_ACSM2B_Male_59_1961__r2c6.jpg,Duodenum_ACSM2B_Male_59_1961__r2c6.jpg,Duodenum_ACSM2B_Male_59_1961.jpg,2,6,5
loc_tiles/Duodenum_ACSM2B_Male_59_1961__r2c7.jpg,Duodenum_ACSM2B_Male_59_1961__r2c7.jpg,Duodenum_ACSM2B_Male_59_1961.jpg,2,7,5
loc_tiles/Duodenum_ACSM2B_Male_59_1961__r3c0.jpg,Duodenum_ACSM2B_Male_59_1961__r3c0.jpg,Duodenum_ACSM2B_Male_59_1961.jpg,3,0,5
loc_tiles/Duodenum_ACSM2B_Male_59_1961__r3c1.jpg,Duodenum_ACSM2B_Male_59_1961__r3c1.jpg,Duodenum_ACSM2B_Male_59_1961.jpg,3,1,5
loc_tiles/Duodenum_ACSM2B_Male_59_1961__r3c2.jpg,Duodenum_ACSM2B_Male_59_1961__r3c2.jpg,Duodenum_ACSM2B_Male_59_1961.jpg,3,2,5
loc_tiles/Duodenum_ACSM2B_Male_59_1961__r3c3.jpg,Duodenum_ACSM2B_Male_59_1961__r3c3.jpg,Duodenum_ACSM2B_Male_59_1961.jpg,3,3,5
loc_tiles/Duodenum_ACSM2B_Male_59_1961__r3c4.jpg,Duodenum_ACSM2B_Male_59_1961__r3c4.jpg,Duodenum_ACSM2B_Male_59_1961.jpg,3,4,5
loc_tiles/Duodenum_ACSM2B_Male_59_1961__r3c5.jpg,Duodenum_ACSM2B_Male_59_1961__r3c5.jpg,Duodenum_ACSM2B_Male_59_1961.jpg,3,5,5
loc_tiles/Duodenum_ACSM2B_Male_59_1961__r3c6.jpg,Duodenum_ACSM2B_Male_59_1961__r3c6.jpg,Duodenum_ACSM2B_Male_59_1961.jpg,3,6,5
loc_tiles/Duodenum_ACSM2B_Male_59_1961__r3c7.jpg,Duodenum_ACSM2B_Male_59_1961__r3c7.jpg,Duodenum_ACSM2B_Male_59_1961.jpg,3,7,5
loc_tiles/Duodenum_ACSM2B_Male_59_1961__r4c0.jpg,Duodenum_ACSM2B_Male_59_1961__r4c0.jpg,Duodenum_ACSM2B_Male_59_1961.jpg,4,0,5
loc_tiles/Duodenum_ACSM2B_Male_59_1961__r4c1.jpg,Duodenum_ACSM2B_Male_59_1961__r4c1.jpg,Duodenum_ACSM2B_Male_59_1961.jpg,4,1,5
loc_tiles/Duodenum_ACSM2B_Male_59_1961__r4c2.jpg,Duodenum_ACSM2B_Male_59_1961__r4c2.jpg,Duodenum_ACSM2B_Male_59_1961.jpg,4,2,5
loc_tiles/Duodenum_ACSM2B_Male_59_1961__r4c3.jpg,Duodenum_ACSM2B_Male_59_1961__r4c3.jpg,Duodenum_ACSM2B_Male_59_1961.jpg,4,3,5
loc_tiles/Duodenum_ACSM2B_Male_59_1961__r4c4.jpg,Duodenum_ACSM2B_Male_59_1961__r4c4.jpg,Duodenum_ACSM2B_Male_59_1961.jpg,4,4,5
loc_tiles/Duodenum_ACSM2B_Male_59_1961__r4c5.jpg,Duodenum_ACSM2B_Male_59_1961__r4c5.jpg,Duodenum_ACSM2B_Male_59_1961.jpg,4,5,5
loc_tiles/Duodenum_ACSM2B_Male_59_1961__r4c6.jpg,Duodenum_ACSM2B_Male_59_1961__r4c6.jpg,Duodenum_ACSM2B_Male_59_1961.jpg,4,6,5
loc_tiles/Duodenum_ACSM2B_Male_59_1961__r4c7.jpg,Duodenum_ACSM2B_Male_59_1961__r4c7.jpg,Duodenum_ACSM2B_Male_59_1961.jpg,4,7,5
loc_tiles/Duodenum_ACSM2B_Male_59_1961__r5c0.jpg,Duodenum_ACSM2B_Male_59_1961__r5c0.jpg,Duodenum_ACSM2B_Male_59_1961.jpg,5,0,5
loc_tiles/Duodenum_ACSM2B_Male_59_1961__r5c1.jpg,Duodenum_ACSM2B_Male_59_1961__r5c1.jpg,Duodenum_ACSM2B_Male_59_1961.jpg,5,1,5
loc_tiles/Duodenum_ACSM2B_Male_59_1961__r5c2.jpg,Duodenum_ACSM2B_Male_59_1961__r5c2.jpg,Duodenum_ACSM2B_Male_59_1961.jpg,5,2,5
loc_tiles/Duodenum_ACSM2B_Male_59_1961__r5c3.jpg,Duodenum_ACSM2B_Male_59_1961__r5c3.jpg,Duodenum_ACSM2B_Male_59_1961.jpg,5,3,5
loc_tiles/Duodenum_ACSM2B_Male_59_1961__r5c4.jpg,Duodenum_ACSM2B_Male_59_1961__r5c4.jpg,Duodenum_ACSM2B_Male_59_1961.jpg,5,4,5
loc_tiles/Duodenum_ACSM2B_Male_59_1961__r5c5.jpg,Duodenum_ACSM2B_Male_59_1961__r5c5.jpg,Duodenum_ACSM2B_Male_59_1961.jpg,5,5,5
loc_tiles/Duodenum_ACSM2B_Male_59_1961__r5c6.jpg,Duodenum_ACSM2B_Male_59_1961__r5c6.jpg,Duodenum_ACSM2B_Male_59_1961.jpg,5,6,5
loc_tiles/Duodenum_ACSM2B_Male_59_1961__r5c7.jpg,Duodenum_ACSM2B_Male_59_1961__r5c7.jpg,Duodenum_ACSM2B_Male_59_1961.jpg,5,7,5
loc_tiles/Duodenum_ACSM2B_Male_59_1961__r6c0.jpg,Duodenum_ACSM2B_Male_59_1961__r6c0.jpg,Duodenum_ACSM2B_Male_59_1961.jpg,6,0,5
loc_tiles/Duodenum_ACSM2B_Male_59_1961__r6c1.jpg,Duodenum_ACSM2B_Male_59_1961__r6c1.jpg,Duodenum_ACSM2B_Male_59_1961.jpg,6,1,5
loc_tiles/Duodenum_ACSM2B_Male_59_1961__r6c2.jpg,Duodenum_ACSM2B_Male_59_1961__r6c2.jpg,Duodenum_ACSM2B_Male_59_1961.jpg,6,2,5
loc_tiles/Duodenum_ACSM2B_Male_59_1961__r6c3.jpg,Duodenum_ACSM2B_Male_59_1961__r6c3.jpg,Duodenum_ACSM2B_Male_59_1961.jpg,6,3,5
loc_tiles/Duodenum_ACSM2B_Male_59_1961__r6c4.jpg,Duodenum_ACSM2B_Male_59_1961__r6c4.jpg,Duodenum_ACSM2B_Male_59_1961.jpg,6,4,5
loc_tiles/Duodenum_ACSM2B_Male_59_1961__r6c5.jpg,Duodenum_ACSM2B_Male_59_1961__r6c5.jpg,Duodenum_ACSM2B_Male_59_1961.jpg,6,5,5
loc_tiles/Duodenum_ACSM2B_Male_59_1961__r6c6.jpg,Duodenum_ACSM2B_Male_59_1961__r6c6.jpg,Duodenum_ACSM2B_Male_59_1961.jpg,6,6,5
loc_tiles/Duodenum_ACSM2B_Male_59_1961__r6c7.jpg,Duodenum_ACSM2B_Male_59_1961__r6c7.jpg,Duodenum_ACSM2B_Male_59_1961.jpg,6,7,5
loc_tiles/Duodenum_ACSM2B_Male_59_1961__r7c0.jpg,Duodenum_ACSM2B_Male_59_1961__r7c0.jpg,Duodenum_ACSM2B_Male_59_1961.jpg,7,0,5
loc_tiles/Duodenum_ACSM2B_Male_59_1961__r7c1.jpg,Duodenum_ACSM2B_Male_59_1961__r7c1.jpg,Duodenum_ACSM2B_Male_59_1961.jpg,7,1,5
loc_tiles/Duodenum_ACSM2B_Male_59_1961__r7c2.jpg,Duodenum_ACSM2B_Male_59_1961__r7c2.jpg,Duodenum_ACSM2B_Male_59_1961.jpg,7,2,5
loc_tiles/Duodenum_ACSM2B_Male_59_1961__r7c3.jpg,Duodenum_ACSM2B_Male_59_1961__r7c3.jpg,Duodenum_ACSM2B_Male_59_1961.jpg,7,3,5
loc_tiles/Duodenum_ACSM2B_Male_59_1961__r7c4.jpg,Duodenum_ACSM2B_Male_59_1961__r7c4.jpg,Duodenum_ACSM2B_Male_59_1961.jpg,7,4,5
loc_tiles/Duodenum_ACSM2B_Male_59_1961__r7c5.jpg,Duodenum_ACSM2B_Male_59_1961__r7c5.jpg,Duodenum_ACSM2B_Male_59_1961.jpg,7,5,5
loc_tiles/Duodenum_ACSM2B_Male_59_1961__r7c6.jpg,Duodenum_ACSM2B_Male_59_1961__r7c6.jpg,Duodenum_ACSM2B_Male_59_1961.jpg,7,6,5
loc_tiles/Duodenum_ACSM2B_Male_59_1961__r7c7.jpg,Duodenum_ACSM2B_Male_59_1961__r7c7.jpg,Duodenum_ACSM2B_Male_59_1961.jpg,7,7,5
